name,tags,def,alias,source,last_updated
APN Customer Engagements (ACE) — AWS,aws; cosell,AWS's co-sell platform where ISVs and AWS sales teams jointly register; track; and pursue customer opportunities. The AWS equivalent of Microsoft's co-sell program or Google Cloud Partner Network co-sell. Accessible at partnercentral.awspartner.com (https://partnercentral.awspartner.com/).,Related: AWS Partner Network (APN) — AWS; Inbound Referral; Outbound Referral,https://docs.aws.amazon.com/partner-central/latest/builder-guide/index.html,2026-08-03
Agreement-Based Offer (ABO) — AWS,aws; offers,An AWS Marketplace feature that lets sellers create a new offer on top of an existing buyer agreement — used for renewals; upgrades; or amendments without requiring the buyer to start a new subscription from scratch. ABOs are only supported for SaaS Contract and SaaS Contract with Consumption products — AMI; container; SaaS Subscription; and professional services offers do not support amendments. Amended offers become active immediately upon buyer acceptance; no future start date is possible.,Related: Agreement — AWS; Future Dated Agreement — AWS,https://docs.aws.amazon.com/marketplace/latest/userguide/private-offers-overview.html,2026-06-02
Agreement — AWS,aws,The formal contract created when a buyer accepts an AWS Marketplace offer. Equivalent to Entitlement in Suger. Identified by an Agreement ID. Agreements can be renewed or amended via ABOs.,Suger equivalent: Entitlement | Related: Agreement-Based Offer (ABO) — AWS,https://docs.aws.amazon.com/marketplace/latest/userguide/private-offers-overview.html,2026-05-14
Amazon Machine Image (AMI) — AWS,aws,A pre-configured virtual machine image listed on AWS Marketplace. ISVs package their software as an AMI for buyers to deploy on EC2 instances or; as of August 2026; on Amazon Lightsail for eligible listings (currently Windows Server; SQL Server Express; Ubuntu; cPanel & WHM; and Plesk). Can be priced hourly; with an annual contract; or as BYOL.,Azure equivalent: Azure Virtual Machine Offer — Azure | Related: Bring Your Own License (BYOL); Contract — AWS; Product Code — AWS,https://docs.aws.amazon.com/marketplace/latest/userguide/ami-products.html,2026-08-31
Suger Analytics,suger,Suger's built-in analytics platform for tracking marketplace revenue; entitlement status; usage consumption; and co-sell pipeline across all connected marketplaces. Users can build fully customizable dashboards using a reusable chart library; organize data across multiple named datasets (Finance; Offers; Co-sell; Billing); and share dashboards collaboratively across the organization in real time. Analytics supports AI-powered conversational dashboard design — users describe a chart in natural language and Suger generates it automatically — as well as AI-powered automated recommendations and predictive analytics that surface insights and forecast trends without manual configuration.,Related: Revenue; Table Export; Suger Console,https://doc.suger.io/analytics/,2026-06-22
AppSource — Azure,azure,Microsoft's former marketplace storefront for business applications integrating with Microsoft 365; Dynamics 365; and Power Platform. As of September 2025; AppSource has been consolidated into the unified Microsoft Marketplace alongside Azure Marketplace.,Now part of: Microsoft Marketplace — Azure,https://learn.microsoft.com/en-us/marketplace/appsource-overview,2026-07-27
AWS Marketplace — AWS,aws,Amazon's digital catalog where ISVs list and sell software; SaaS; data products; and professional services to AWS customers. Purchases are billed through the customer's AWS account.,Related: AWS Marketplace Management Portal (AMMP) — AWS; AWS Marketplace Catalog API — AWS; AWS Partner Network (APN) — AWS,https://docs.aws.amazon.com/marketplace/latest/userguide/what-is-marketplace.html,2026-05-14
AWS Marketplace Catalog API — AWS,aws,The programmatic interface sellers use to manage product listings; offers; and changes in AWS Marketplace without using the seller console. Suger uses this API on sellers' behalf.,Related: AWS Marketplace Management Portal (AMMP) — AWS; Suger Console,https://docs.aws.amazon.com/marketplace/latest/developerguide/about-apis.html,2026-07-13
AWS Marketplace Management Portal (AMMP) — AWS,aws,The web-based portal where AWS Marketplace sellers create and manage listings; private offers; agreements; and reports. Also known as Seller Central for marketplace. Accessible at aws.amazon.com/marketplace/management (https://aws.amazon.com/marketplace/management/).,Azure equivalent: Partner Center — Azure | GCP equivalent: Producer Portal — GCP | Related: AWS Marketplace Catalog API — AWS; Suger Console,https://docs.aws.amazon.com/marketplace/latest/userguide/,2026-08-03
AWS Partner Network (APN) — AWS,aws,Amazon's global partner program for technology and consulting companies. Marketplace sellers are typically APN members; unlocking access to co-sell (ACE); funding; and go-to-market resources.,Azure equivalent: Microsoft AI Cloud Partner Program (MPN) — Azure | GCP equivalent: Google Cloud Partner Network — GCP | Related: APN Customer Engagements (ACE) — AWS; AWS Competency Program — AWS,https://aws.amazon.com/partners/,2026-08-03
Microsoft Marketplace — Azure,azure,Microsoft's unified marketplace platform launched September 25; 2025 — merging Azure Marketplace and AppSource into a single destination. Covers cloud solutions; SaaS; AI apps and agents; industry solutions; and professional services. Features a dedicated AI Apps and Agents category with 3; 000+ solutions. Deeply integrated with Azure AI Foundry; Microsoft 365 Copilot; Teams; and Dynamics 365. Purchases by MACC-eligible customers count toward their Azure commitment.,Formerly: Azure Marketplace; AppSource | Related: Azure Consumption Commitment (MACC) — Azure; MISA (Microsoft Intelligent Security Association) — Azure; Marketplace Rewards — Azure,https://learn.microsoft.com/en-us/partner-center/marketplace-offers/overview,2026-05-14
Billing Integration,general; suger,The technical connection between a marketplace and an ISV's system enabling automated invoicing; usage reporting; and payout reconciliation. Required for transactable listings.,Related: SaaS Fulfillment API — Azure; Procurement API — GCP; Signup URL Redirect,https://doc.suger.io/get-started/,2026-05-14
Bring Your Own License (BYOL),general; aws; azure; gcp,A marketplace listing model where the buyer has already purchased a license directly from the ISV outside the marketplace. The marketplace handles deployment but not billing. Not eligible for committed spend drawdown.,Related: Transactable Offer; Listing,https://docs.aws.amazon.com/marketplace/latest/userguide/BYOL-pricing.html,2026-08-03
Buyer,suger; general,In Suger; the entity that has purchased a product through a marketplace. Has a tracked ID and maps to different entities across platforms.,AWS: Customer Identifier | Azure: Purchaser PUID | GCP: User Account Id,https://doc.suger.io/get-started/resources/,2026-08-03
Channel Partner (CP),aws; azure; gcp; general; channel,A reseller; system integrator (SI); or managed service provider (MSP) authorized by an ISV to resell marketplace products to end customers. The channel partner typically becomes the seller of record.,Related: Channel Partner Private Offer (CPPO) — AWS; Multiparty Private Offer (MPO) — Azure,https://docs.aws.amazon.com/marketplace/latest/userguide/channel-partner-offers.html,2026-08-03
Cloud Go-to-Market (Cloud GTM),general,A sales and distribution strategy centered on cloud marketplaces — combining listing; transacting; and co-selling to reach enterprise buyers and shorten sales cycles.,Related: Suger Console; Co-sell,https://aws.amazon.com/partners/programs/isv-accelerate/,2026-06-23
Co-sell,suger; cosell,A partnership motion where an ISV and a cloud provider's sales team jointly pursue a customer opportunity. Unlocks pipeline sharing; deal acceleration; and marketplace incentives. Managed in Suger via the Co-sell module.,Related: APN Customer Engagements (ACE) — AWS; Google Cloud Partner Network — GCP; MISA (Microsoft Intelligent Security Association) — Azure,https://doc.suger.io/cosell/,2026-08-03
Co-sell Eligible / Incentivized — Azure,azure; cosell,Microsoft's three-tier co-sell status system for Microsoft Marketplace offers: In-market (live transactable listing required); Co-sell Ready (In-market plus solution one-pager and pitch deck in Partner Center); and Azure IP Co-sell Eligible (Co-sell Ready plus ≥$100K Azure Consumed Revenue or Marketplace Billed Sales in the trailing 12 months at the org level; Azure-based technical validation; a transactable offer; and a reference architecture diagram for most offer types). Azure IP Co-sell Eligible status unlocks MACC eligibility and prioritized Microsoft seller engagement. Microsoft field sellers earn incentive credit (via MCI) for selling Azure IP Co-sell Eligible offers.,Related: Azure Consumption Commitment (MACC) — Azure; Microsoft Marketplace — Azure,https://learn.microsoft.com/en-us/partner-center/referrals/co-sell-requirements,2026-06-02
Combined Pricing — GCP,gcp,A GCP pricing model pairing a flat-rate subscription commit with usage-based metering. Buyers pay a base fee plus charges for consumption above the included amount.,AWS equivalent: SaaS Contracts with Pay-As-You-Go (Overages) — AWS | Azure equivalent: Flat Rate Pricing — Azure | Related: Usage Metering; Price Model,https://docs.cloud.google.com/marketplace/docs/partners/integrated-saas,2026-08-31
Commit / Prepaid Commit,general; aws; azure; gcp,An upfront amount or quantity a buyer commits to paying at contract start; regardless of actual usage. Often combined with metered overage billing for usage above the committed amount.,Related: Overage,https://doc.suger.io/get-started/metering/,2026-08-03
Committed Spend / Cloud Commit,general,A pre-negotiated spending commitment an enterprise makes with a cloud provider. Software purchased via transactable marketplace listings typically counts toward drawing down this commitment — a major driver of enterprise marketplace buying.,AWS: Enterprise Discount Program (EDP) — AWS | Azure: Azure Consumption Commitment (MACC) — Azure | GCP: Committed Use Discount (CUD) — GCP,https://docs.aws.amazon.com/marketplace/latest/userguide/private-offers.html,2026-08-03
Commit Drawdown — Suger,suger; billing,Suger's cross-cloud comparison of how a marketplace purchase retires a customer's committed-spend agreement — AWS EDP/PPA; Azure MACC; or GCP CUD. Azure draws down 100% of the pretax purchase with no cap; AWS and GCP channel offers typically cap drawdown around 25%; a negotiated term rather than a published figure; so the exact cap must be confirmed in the customer's agreement. AWS and Azure only retire commit when the product is hosted on their own cloud — AWS requires the 'Deployed on AWS' badge and Azure requires 'Azure benefit eligible' status plus a purchase through the Azure portal path — while GCP has no hosting requirement and any transactable listing is auto-eligible.,AWS equivalent: Enterprise Discount Program (EDP) — AWS | Related: Committed Spend / Cloud Commit; Azure Consumption Commitment (MACC) — Azure; Committed Use Discount (CUD) — GCP,https://doc.suger.io/get-started/commit-drawdown/,2026-08-31
Contract — AWS,aws,An AWS pricing model where a buyer commits upfront to a fixed fee for a defined term (up to 3 years). Can include a consumption/PAYG component for usage above the contract amount. Cannot be cancelled mid-term.,Related: Private Offer; Agreement — AWS; Entitlement,https://docs.aws.amazon.com/marketplace/latest/userguide/contract-pricing.html,2026-08-03
Channel Partner Private Offer (CPPO) — AWS,aws; cosell; offers; channel,A program where an ISV creates a selling authorization (also called resale authorization) with a wholesale price that an authorized channel partner uses to create a private offer — with markup — for an end customer. The channel partner is the seller of record.,GCP equivalent: Marketplace Channel Private Offer (MCPO) — GCP | Azure equivalent: Multiparty Private Offer (MPO) — Azure | Related: Resale Authorization — AWS; Solution Provider Private Offer (SPPO) — AWS,https://docs.aws.amazon.com/marketplace/latest/userguide/channel-partner-offers.html,2026-08-03
CRM Integration,suger; cosell; integrations,Suger's connections to Salesforce and HubSpot that sync marketplace entitlements; co-sell referrals; and deal data bi-directionally with your sales team's CRM.,Related: Salesforce Integration; HubSpot Integration; Salesforce App; HubSpot App,https://doc.suger.io/integrations/salesforce/,2026-05-14
Cloud Solution Provider (CSP) — Azure,azure; cosell; channel,A Microsoft partner program that lets authorized partners resell Microsoft cloud services and ISV Marketplace solutions to end customers. ISVs can create margin-sharing private offers for CSP partners via Multiparty Private Offers. Starting August 1; 2026; CSP New Commerce trials become transactable for the first time — previously trial subscriptions weren't billable or trackable through this channel.,Related: Multiparty Private Offer (MPO) — Azure; Microsoft Marketplace — Azure,https://learn.microsoft.com/en-us/partner-center/csp-overview,2026-08-03
Committed Use Discount (CUD) — GCP,gcp; funding,Google Cloud's committed spend program. Enterprises commit to a minimum resource usage over 1–3 years in exchange for discounts. Eligible transactable marketplace purchases count toward CUD drawdown.,AWS equivalent: Enterprise Discount Program (EDP) — AWS | Azure equivalent: Azure Consumption Commitment (MACC) — Azure,https://docs.cloud.google.com/docs/cuds,2026-08-03
Metering Dimension Conversion — Suger,suger,A Suger setting that maps dimension keys from your internal metering system to marketplace dimension names using a multiplier factor. Avoids needing to rename dimensions in either system.,Related: Metering Dimension; Usage Metering; Billable Metric,https://doc.suger.io/get-started/metering/,2026-08-03
Disbursement,general; aws; azure; gcp,The payment a cloud marketplace sends to the seller after collecting from the buyer; net of marketplace fees and taxes. Typically processed monthly. Suger provides disbursement reports for all connected marketplaces.,Related: Revenue; Disbursement Date; Marketplace Fee / Transaction Fee,https://doc.suger.io/revenue/cash-and-disbursements/,2026-08-03
Divide Entitlement Commit,suger,A Suger feature that splits a single annual upfront commit into monthly sub-entitlements; enabling monthly overage metering against a fraction of the total commitment.,Related: Overage,https://doc.suger.io/get-started/metering/,2026-08-03
Enterprise Discount Program (EDP) — AWS,aws; funding,AWS's committed spend program for enterprises (also called Private Pricing Agreement / PPA). Eligible AWS Marketplace transactable listing purchases count toward EDP drawdown — a key enterprise buying incentive. Minimum commitment thresholds are negotiated privately with AWS and are not publicly disclosed; the $1M figure is widely cited but not officially confirmed.,Also known as: Private Pricing Agreement (PPA) — AWS | Azure equivalent: Azure Consumption Commitment (MACC) — Azure | GCP equivalent: Committed Use Discount (CUD) — GCP,https://aws.amazon.com/pricing/enterprise/,2026-08-03
Entitlement,suger,Suger's unified term for the contract/subscription created when a buyer purchases a product on a marketplace. Represents active access rights; billing terms; and the unit for metering.,AWS: Agreement — AWS | Azure: Subscription — Azure | GCP: Subscription — GCP,https://doc.suger.io/api/get-entitlement/,2026-08-03
End User License Agreement (EULA),general,The legal terms governing a buyer's use of software purchased on a marketplace. Sellers can use a custom EULA; a marketplace standard contract (AWS SCMP; Azure standard contract); or a combination with addendums.,Related: Standard Contract — AWS; Private Offer,https://docs.aws.amazon.com/marketplace/latest/userguide/saas-contracts.html,2026-08-03
Flat Rate Pricing — Azure,azure,An Azure pricing model with a fixed monthly or annual fee. Can include a metered overage component where usage above the included quantity triggers additional charges.,AWS equivalent: SaaS Contracts with Pay-As-You-Go (Overages) — AWS | GCP equivalent: Combined Pricing — GCP | Related: Included Quantity — Azure; Per User Pricing — Azure; Overage,https://learn.microsoft.com/en-us/partner-center/marketplace-offers/plan-saas-offer,2026-08-31
Flexible Payment Schedule / Installment Plan,general; aws; azure,An option on private offers that splits a contract's total value into multiple payments over time (e.g.; quarterly installments on an annual deal); aligning to buyer budget cycles.,Related: Private Offer,https://docs.aws.amazon.com/marketplace/latest/userguide/private-offers.html,2026-08-03
Free Trial,general,A marketplace listing option that lets buyers test software at no cost for a set period before converting to a paid subscription. Supported across AWS; Azure; and GCP.,Related: Listing; Transactable Offer,https://docs.aws.amazon.com/marketplace/latest/userguide/saas-free-trials.html,2026-05-14
Future Dated Agreement — AWS,aws; offers,An AWS ABO feature letting sellers create a renewal or upgrade offer with a future start date — up to 3 years in advance — ensuring continuous software access without a coverage gap. Also supported in CPPO transactions: ISVs can optionally cap the maximum future start date a channel partner can specify on a resale authorization.,Related: Agreement-Based Offer (ABO) — AWS; Resale Authorization — AWS,https://docs.aws.amazon.com/marketplace/latest/userguide/private-offers-seller-future-dated-private-offers-and-agreements.html,2026-08-09
GCP Marketplace — GCP,gcp,Google Cloud's marketplace for ISVs to list and sell software and services to Google Cloud customers. Integrated with GCP billing; purchases can draw down CUD commitments.,Related: Producer Portal — GCP; Committed Use Discount (CUD) — GCP; Private Offer — GCP,https://docs.cloud.google.com/marketplace/docs,2026-08-03
Google Cloud Partner Network — GCP,gcp; cosell,Google Cloud's partner program (rebranded from 'Partner Advantage' at Google Cloud Next '26 in April 2026) with a three-tier structure — Select; Premier; and Diamond — where tier advancement is determined by partner-delivered customer outcomes rather than traditional credentialing. The 2026 restructuring replaced the previous two-tier model and retired the Specializations framework; replacing it with 21 competencies across Solution; Product; and Industry categories. Partners manage their program status; co-sell opportunities; and competency progress in the Partner Network Hub at partners.cloud.google.com (https://partners.cloud.google.com/). ISVs join under the 'Build' engagement model — requiring a technical review and a transactable GCP Marketplace listing to unlock co-sell access and partner incentives.,Formerly: Google Cloud Partner Advantage | Related: Build Engagement Model — GCP; GCP Marketplace — GCP; Google Cloud Partner Network Diamond Tier — GCP; Google Cloud Partner Network Competency — GCP,https://cloud.google.com/blog/topics/partners/introducing-google-cloud-partner-network/,2026-08-03
Producer Portal — GCP,gcp,The GCP console interface where ISVs create and manage their Marketplace listings; pricing plans; and integration settings. Access requires Google Cloud Partner Network enrollment. Accessible at console.cloud.google.com/producer-portal (https://console.cloud.google.com/producer-portal).,Related: GCP Marketplace — GCP; Google Cloud Partner Network — GCP,https://docs.cloud.google.com/marketplace/docs/partners,2026-08-03
Inbound Referral,cosell; suger,A co-sell opportunity initiated by a cloud provider's sales team and shared with your organization to accept; qualify; and pursue jointly. Managed in Suger's co-sell module with status tracking and CRM sync. Referrals aren't limited to hyperscaler sales teams — Suger also supports partner-to-partner referrals between two companies that both use Suger; treating the other Suger customer as a fourth referral counterpart alongside AWS; Azure; and GCP; complete with its own revenue-share terms and deal-value visibility controls.,Opposite: Outbound Referral | Azure equivalent: Microsoft-Sourced Opportunity Referral (MSOR) — Azure | Related: Co-sell; Referral,https://doc.suger.io/cosell/cosell-inbound/,2026-08-24
Included Quantity — Azure,azure,In Azure Flat Rate SaaS pricing; the usage amount (per billing dimension) included in the base subscription price — configured as a 1-month; 1-year; 2-year; or 3-year 'quantity included in base.' Consumption beyond that quantity is reported to Microsoft via the Marketplace metering service API and billed as overage on the next billing cycle. This mechanism is exclusive to the flat-rate pricing model — Azure's per-user pricing model does not support metered billing or included quantities.,Related: Flat Rate Pricing — Azure; Overage,https://learn.microsoft.com/en-us/partner-center/marketplace-offers/saas-metered-billing,2026-08-09
Integration,suger; integrations,A Suger connection to an external platform — Salesforce; HubSpot; Slack; billing engines (Metronome; Orb; Lago); or marketplaces — that automatically syncs data with your existing workflows.,Related: CRM Integration; Webhook,https://doc.suger.io/integrations/,2026-08-03
Independent Software Vendor (ISV),general,A company that builds and sells software products. On cloud marketplaces; ISVs are the sellers/publishers listing their products. Can also co-sell and resell through channel partners.,Related: Seller of Record; Channel Partner (CP),https://docs.aws.amazon.com/marketplace/latest/userguide/what-is-marketplace.html,2026-05-14
ISV Accelerate — AWS,aws; cosell,An AWS program offering ISVs co-sell support; AWS sales team introductions; and go-to-market resources. Requires: (1) one or more products listed as GA in AWS Marketplace; (2) minimum 5 launched opportunities (ACE or private offers) in past 12 months excluding FVO; (3) minimum 15 qualified ACE opportunities in past 12 months; (4) at least one team member who completed the Co-Selling with AWS learning module; and (5) ≥$2; 000 in recognized AWS Account revenue. Also requires an approved Foundational Technical Review (FTR) for co-sell eligibility and funding access. Partners must achieve Validated or Differentiated status in AWS Partner Central (via the Partner Path) as a baseline enrollment prerequisite; AWS Specialization status unlocks premium co-sell benefit tiers above the standard program. Required for SPPO participation. As of 2026; ISV Accelerate explicitly covers agentic SaaS co-sell activities and AI agent marketplace listings; extending the program's scope beyond conventional software products. Partners enrolled after January 1; 2026 have MDF access gated behind Partner Revenue Measurement (PRM) implementation plus co-sell engagement thresholds; the program also adds in-person GTM workshops and real-time conversational deal-intelligence surfaced directly on the ACE Opportunity page.,Azure equivalent: ISV Success Program — Azure | GCP equivalent: Build Engagement Model — GCP | Related: APN Customer Engagements (ACE) — AWS; Solution Provider Private Offer (SPPO) — AWS,https://aws.amazon.com/partners/programs/isv-accelerate/,2026-08-03
Landing Page / Signup URL,general; suger,The URL a buyer is redirected to after accepting a marketplace offer; to complete account setup with the ISV. Suger can intercept this redirect; provision the entitlement; then forward the buyer to the ISV's onboarding flow.,Related: Signup URL Redirect; Billing Integration,https://doc.suger.io/get-started/,2026-05-14
Listing,general,A product's public page on a cloud marketplace — the discovery and purchase entry point for buyers. Can be free; BYOL; contact me; free trial; or transactable (paid).,Related: Transactable Offer; Bring Your Own License (BYOL),https://docs.aws.amazon.com/marketplace/latest/userguide/saas-contracts.html,2026-08-03
Azure Consumption Commitment (MACC) — Azure,azure; funding,Microsoft's enterprise committed spend program where enterprises pre-commit to Azure spend over 1–3 years; purchases of MACC-eligible transactable Marketplace listings count toward that commitment; making it a core enterprise buying driver. Purchases must be made through the Azure portal — credit card purchases on Marketplace.Microsoft.com and Azure prepayment (monetary commitments) are excluded. MACC enrollment is per-offer; not per-publisher; each offer must be independently enrolled and hold Azure IP Co-sell Eligible status. Free and BYOL offers are ineligible.,AWS equivalent: Enterprise Discount Program (EDP) — AWS | GCP equivalent: Committed Use Discount (CUD) — GCP,https://learn.microsoft.com/en-us/marketplace/azure-consumption-commitment-benefit,2026-06-02
MACC Eligibility — Azure,azure; offers; procurement,The qualifying status that allows an Azure Marketplace transactable offer to count toward a buyer's Microsoft Azure Consumption Commitment (MACC) when purchased through the Azure portal. To be MACC-eligible; an offer must be transactable (free; BYOL; and trial offers are excluded); hold Azure IP Co-sell Eligible status; and be independently enrolled in the MACC program in Partner Center — enrollment is per-offer; not per-publisher. Buyers must complete purchases through the Azure portal; credit card purchases on Marketplace.Microsoft.com and Azure prepayments do not count toward MACC. MACC eligibility is a critical enterprise sales lever because it positions marketplace purchases as a way to draw down the customer's existing Azure committed spend.,Related: Azure Consumption Commitment (MACC) — Azure | Related: Co-sell Eligible / Incentivized — Azure | Related: Microsoft Marketplace — Azure,https://learn.microsoft.com/en-us/marketplace/azure-consumption-commitment-benefit,2026-06-03
Marketplace Customer Credit Program (MCCP) — GCP,gcp; cosell; funding,A GCP incentive offering end customers up to 3% in Google Cloud credits when purchasing eligible ISV solutions through GCP Marketplace for the first time. Applies to both direct and reseller-led deals (MCPOs). ISVs must register the opportunity in Google Cloud Partner Network to qualify.,Also referred to as: MCCP | Related: Committed Use Discount (CUD) — GCP; Google Cloud Partner Network — GCP,https://docs.cloud.google.com/marketplace/docs/partners,2026-08-03
Marketplace Fee / Transaction Fee,general,The revenue share cloud marketplaces charge ISVs on each transaction — typically 3–20% depending on program tier; deal type; and partner status. Disbursements are paid net of this fee.,Related: Disbursement; Seller of Record,https://docs.aws.amazon.com/marketplace/latest/userguide/what-is-marketplace.html,2026-05-14
Marketplace Rewards — Azure,azure; cosell,Microsoft's benefits program for transactable Microsoft Marketplace publishers. Provides go-to-market support; co-marketing resources; and technical enablement; benefits scale with transact revenue milestones measured by Marketplace-billed sales; Business Applications solution value; or Teams App MAU. BYOL and free offers are categorized as List/Trial tier — not transact — and are ineligible for transact-tier Marketplace Rewards benefits. As of mid-2026; Marketplace Rewards is embedded within ISV Success (included automatically for ISV Success participants at no cost); Azure sponsorship credits will be restructured into use-case-specific allocations under Frontier Accelerate for Marketplace; a unified ISV program consolidating Marketplace Rewards; ISV Success; Azure IP co-sell; and Solutions Partner certifications; launching fall 2026.,Related: Microsoft Marketplace — Azure; ISV Success Program — Azure; Frontier Accelerate for Marketplace — Azure,https://learn.microsoft.com/en-us/partner-center/marketplace-offers/gtm-your-marketplace-benefits,2026-06-30
Metered Billing,general; suger,A billing mechanism where buyers are charged based on actual consumption of defined usage dimensions. Suger normalizes metered billing across AWS; Azure; and GCP through its unified metering API.,Related: Usage Metering; Billable Metric; Metering Dimension,https://doc.suger.io/get-started/metering/,2026-08-03
Metering Dimension,suger; general,A specific unit of measure used to track and bill usage (e.g.; seats; API calls; GB processed). Each entitlement can have multiple dimensions; referenced by Dimension Key or Dimension Name in Suger's API.,Related: Usage Metering; Billable Metric; Metering Dimension Conversion — Suger,https://doc.suger.io/get-started/metering/,2026-08-03
Microsoft AI Cloud Partner Program (MPN) — Azure,azure; cosell,Microsoft's partner program for ISVs and services companies. Enrollment is required to publish on Microsoft Marketplace and access co-sell; partner funding; and Marketplace Rewards — enrollment issues a PartnerID (formerly MPNID) that must be linked to Partner Center to complete publisher registration. Co-sell is managed through Partner Center — see the Partner Center — Azure term for the direct link.,Related: Microsoft Marketplace — Azure; Marketplace Rewards — Azure; MISA (Microsoft Intelligent Security Association) — Azure,https://learn.microsoft.com/en-us/partner-center/membership/mpn-overview,2026-06-02
Microsoft-Sourced Opportunity Referral (MSOR) — Azure,azure; cosell,A co-sell opportunity that a Microsoft sales representative identifies and shares with a partner through the Inbound tab of Partner Center's Co-sell opportunities page. The partner has 14 days to accept or decline; unanswered referrals automatically expire and both Microsoft and the partner are notified. MSORs typically arrive pre-matched against a Microsoft-managed customer account; giving the partner a warm; pre-qualified lead rather than a self-sourced deal.,Suger equivalent: Inbound Referral | AWS equivalent: APN Customer Engagements (ACE) — AWS | Related: Outbound Referral; Co-sell Eligible / Incentivized — Azure,https://learn.microsoft.com/en-us/partner-center/referrals/manage-co-sell-opportunities,2026-07-10
Multiparty Private Offer (MPO) — Azure,azure; cosell; offers; channel,Microsoft Marketplace's channel reseller mechanism — the Azure equivalent of AWS's CPPO. An ISV and channel partner collaborate to create a single private offer for an end customer; the partner sets their own margin; and the purchase counts toward the customer's MACC. With Resale-Enabled Offers; authorized channel partners can initiate MPOs independently for each customer deal without requiring per-deal ISV involvement. As of May 27; 2026; MPO is available across 30 European countries; and expanded to Japan; Australia; and South Africa on July 15; 2026.,AWS equivalent: Channel Partner Private Offer (CPPO) — AWS | GCP equivalent: Marketplace Channel Private Offer (MCPO) — GCP | Related: Resale-Enabled Offer — Azure,https://learn.microsoft.com/en-us/partner-center/marketplace-offers/multiparty-private-offers-for-isvs,2026-08-03
Managed Service Provider (MSP),general; cosell,A partner providing ongoing management of a customer's cloud environment and software. MSPs often resell ISV products through marketplace channel programs (CPPO on AWS; CSP/MPO on Azure).,Related: Channel Partner (CP); Co-sell,https://aws.amazon.com/partners/programs/msp/,2026-05-14
Offer,suger; general; offers,In Suger; a pricing and terms proposal that a buyer can accept to purchase a product — most commonly a private offer with custom pricing; term; and buyer-specific conditions; tracked and managed through the Suger Console across AWS; Azure; and GCP marketplaces. Must be linked to a Product; and maps differently to each marketplace's own offer construct.,AWS: Private Offer | Azure: Plan — Azure | Related: Private Offer,https://doc.suger.io/get-started/private-offers/,2026-08-03
Offer Expiration Date — AWS,aws; offers,The date after which a buyer can no longer view or accept a private offer. After 23:59:59 UTC on that date; the offer becomes inaccessible. Set by the seller at offer creation.,Related: Private Offer; Agreement-Based Offer (ABO) — AWS,https://docs.aws.amazon.com/marketplace/latest/userguide/private-offers-overview.html,2026-05-14
Offer Set — AWS,aws; offers,An AWS Marketplace feature that groups multiple private offers into a single buyer transaction; part of the Multi-Product Solutions framework. Buyers accept the entire bundle in one step rather than accepting each offer individually. Each product retains its own listing and pricing; but purchase is coordinated as one event — reducing friction in multi-component enterprise deals. No direct Azure or GCP equivalent exists at this time.,Related: Multi-Product Solution — AWS | Related: Solution Listing — AWS | Related: Private Offer | Suger equivalent: Offer Set — Suger,https://docs.aws.amazon.com/marketplace/latest/userguide/multi-product-solutions.html,2026-08-03
Offer Set — Suger,suger; aws; offers,Suger's support for creating and managing AWS Marketplace Offer Sets through the Suger platform. Enables ISVs to bundle multiple private offers into a single buyer transaction programmatically; mirroring the AWS Offer Set workflow. Managed via the Suger console or API alongside other private offer operations; eliminating the need to coordinate directly in the AWS Marketplace Management Portal.,AWS equivalent: Offer Set — AWS | Related: Multi-Product Solution — AWS | Related: Private Offer,https://doc.suger.io/get-started/,2026-08-03
Organization,suger,The top-level account in Suger representing your company. All Products; Offers; Entitlements; and Buyers are scoped to your Organization.,Related: Role-Based Access Control (RBAC); Suger Console,https://doc.suger.io/get-started/,2026-05-14
Outbound Referral,cosell; suger,A co-sell opportunity your organization originates and shares with a cloud provider's sales team — requesting their resources; deal support; or joint pursuit. Referrals aren't limited to hyperscaler sales teams — Suger also supports partner-to-partner referrals between two companies that both use Suger; treating the other Suger customer as a fourth referral counterpart alongside AWS; Azure; and GCP; complete with its own revenue-share terms and deal-value visibility controls.,Opposite: Inbound Referral | Related: Co-sell; Referral,https://doc.suger.io/cosell/cosell-outbound/,2026-08-24
Overage,suger; general,Usage that exceeds a buyer's prepaid commit. Cloud marketplaces bill overage separately via metered usage. Suger can auto-track cumulative usage and report only the portion above the commit.,Related: Commit / Prepaid Commit; Usage Metering,https://doc.suger.io/get-started/metering/,2026-08-03
Partner Center — Azure,azure,Microsoft's portal where publishers create and manage Microsoft Marketplace offers; co-sell configurations; payout profiles; and partner program enrollments. Accessible at partner.microsoft.com (https://partner.microsoft.com/).,Related: Azure Marketplace / Microsoft Marketplace; SaaS Fulfillment API — Azure; Microsoft AI Cloud Partner Program (MPN) — Azure,https://learn.microsoft.com/en-us/partner-center/enroll/overview,2026-08-03
PAYG / Pay-as-you-go,general; aws; gcp,A pricing model with no upfront commitment — buyers are billed only for what they consume. Called 'Subscription' on AWS; 'Usage-based' on GCP.,Related: Metered Billing; Commit / Prepaid Commit; Subscription — AWS,https://docs.aws.amazon.com/marketplace/latest/userguide/saas-pricing-models.html,2026-08-03
Per User Pricing — Azure,azure,An Azure pricing model billed per named user per month or year. Supports mid-term quantity updates and optional metered overage billing above committed seat count.,Related: Price Model; Included Quantity — Azure,https://learn.microsoft.com/en-us/partner-center/marketplace-offers/plan-saas-offer,2026-05-14
Plan — Azure,azure; offers,A specific pricing tier or configuration within an Azure Marketplace Offer. A single offer can have multiple plans with different pricing or audiences. Private plans are visible only to designated customers.,Related: Private Offer; Microsoft Marketplace — Azure,https://learn.microsoft.com/en-us/partner-center/marketplace-offers/plan-saas-offer,2026-05-14
Private Offer Success Team (POST) — AWS,aws,AWS's dedicated support team for sellers with questions or issues related to private offer creation; buyer errors; and CPPO transactions. Contactable via the AWS Marketplace support form.,Related: Private Offer; Channel Partner Private Offer (CPPO) — AWS,https://docs.aws.amazon.com/marketplace/latest/userguide/private-offers-overview.html,2026-08-03
Private Offer,suger; aws; azure; gcp; offers,A customized; non-public offer extended directly to a specific buyer with negotiated pricing; custom terms; payment schedule; or EULA. Must be based on a public listing.,Related: Offer; Agreement-Based Offer (ABO) — AWS; Multiparty Private Offer (MPO) — Azure,https://docs.aws.amazon.com/marketplace/latest/userguide/private-offers-overview.html,2026-05-14
Private Plan — Azure,azure; offers,A plan within an Azure offer visible only to designated customers (by tenant ID). Distinct from a private offer — a private plan is a listing-level construct; a private offer is a deal-level; time-bound transaction.,Suger equivalent: Private Plan — Suger | Related: Plan — Azure; Private Offer,https://learn.microsoft.com/en-us/partner-center/marketplace-offers/create-new-saas-offer-plans,2026-07-10
Private Plan — Suger,suger; azure; offers,Suger's workflow for adding and managing Azure private plans — supplementary pricing tiers attached to an already-published Azure SaaS product; visible only to specific Azure AD tenant IDs. From the product detail page; sellers select Add Private Plan and provide a Plan ID; display name; description; one or more billing terms; and at least one restricted tenant ID; Azure publishes the plan asynchronously; which can take several hours. Once published; Azure locks the price — Suger's Manage Private Plans view lets sellers stop or restore distribution; but not edit pricing.,Azure equivalent: Private Plan — Azure | Related: Private Offer,https://doc.suger.io/azure-marketplace/private-plan/,2026-07-10
Procurement API — GCP,gcp,Google Cloud's API that ISVs (producers) use to approve/reject entitlement requests; manage subscription lifecycle events; and validate buyer account status on GCP Marketplace.,Related: GCP Marketplace — GCP; Producer Portal — GCP,https://docs.cloud.google.com/marketplace/docs/partners/integrated-saas/backend-integration,2026-08-03
Product,suger; general,Suger's top-level entity for a software product or service listed on a marketplace. All Offers and Entitlements link to a Product.,AWS: Product Code | Azure: Offer Id | GCP: Product Id,https://doc.suger.io/get-started/,2026-08-03
Product Code — AWS,aws,The unique identifier for a product listed on AWS Marketplace. Used in API calls; entitlement lookups; and metering. Retrieved from the AWS Marketplace Management Portal's Products page under Product Summary — not to be confused with the listing's Product ID or its UUID-formatted product ID; which are different values commonly mistaken for the product code. The Suger equivalent is Product External ID.,Related: Amazon Machine Image (AMI) — AWS; AWS Marketplace Catalog API — AWS,https://docs.aws.amazon.com/marketplace/latest/userguide/ami-products.html,2026-07-14
Pub/Sub — GCP,gcp,Google Cloud's messaging service used to receive entitlement lifecycle events (creation; activation; cancellation) from GCP Marketplace. ISVs must subscribe to a Pub/Sub topic as part of technical integration.,Related: Procurement API — GCP; Service Account — GCP; GCP Marketplace — GCP,https://docs.cloud.google.com/marketplace/docs/partners/integrated-saas/backend-integration,2026-08-03
Role-Based Access Control (RBAC),suger; general,A permission model controlling what each user can see and do within Suger. Enables different access levels for sales; finance; and engineering within the same Organization.,Related: Organization; Suger Console,https://doc.suger.io/get-started/,2026-05-14
Referral,cosell; suger,A shared sales opportunity in a co-sell workflow. Can be outbound (ISV shares with cloud partner) or inbound (cloud partner shares with ISV). Managed in Suger with status tracking and CRM sync.,Related: Inbound Referral; Outbound Referral; Co-sell,https://doc.suger.io/cosell/,2026-08-03
Resale Authorization — AWS,aws; cosell; offers; channel,An ISV-created permission on AWS Marketplace that allows a specific channel partner to create CPPOs for a given product. Also called a 'Selling Authorization' in the AMMP UI. Can be single-use or multi-use; with or without an expiry date.,Also called: Selling Authorization — AWS | Related: Channel Partner Private Offer (CPPO) — AWS,https://docs.aws.amazon.com/marketplace/latest/userguide/channel-partner-offers.html,2026-08-03
Resale Authorization — Suger,suger; cosell; offers; channel,The Suger Console workflow (New Resale Authorization) that lets ISVs grant a specific channel partner permission to resell their product — creating an AWS CPPO or an Azure Multiparty Private Offer depending on the target marketplace. Sellers configure the reseller account; eligible buyers; and commit amount from a single form; the Suger Salesforce App exposes the same action as Create Reseller Authorization directly from an opportunity.,AWS equivalent: Resale Authorization — AWS | Related: Channel Partner Private Offer (CPPO) — AWS; Multiparty Private Offer (MPO) — Azure,https://doc.suger.io/aws-marketplace/cppo/,2026-07-10
Reseller Program — GCP,gcp; cosell,Google Cloud Marketplace's channel program allowing authorized partners to resell ISV products via MCPO/RPOP; create private offers for customers; and leverage CUD committed spend. Partners manage orders via the Partner Sales Console.,Related: Marketplace Channel Private Offer (MCPO) — GCP; Reseller Private Offer Plan (RPOP) — GCP; Partner Sales Console — GCP; Committed Use Discount (CUD) — GCP,https://docs.cloud.google.com/marketplace/docs/partners/resellers/resell,2026-08-03
Software-as-a-Service (SaaS),general,A software delivery model where the ISV hosts the application and buyers access it over the internet. The most common listing type on all cloud marketplaces; typically requires API integration for subscription lifecycle management.,Related: Transactable Offer; Listing,https://docs.aws.amazon.com/marketplace/latest/userguide/saas-products.html,2026-05-14
SaaS Fulfillment API — Azure,azure,Microsoft's API that ISVs must implement to handle subscription lifecycle events for Azure Marketplace SaaS offers — including activation; plan changes; quantity updates; suspension; and unsubscription.,Related: Microsoft Marketplace — Azure; Partner Center — Azure,https://learn.microsoft.com/en-us/partner-center/marketplace-offers/pc-saas-fulfillment-apis,2026-05-26
Standard Contract (SCMP) — AWS,aws,AWS's pre-drafted standard EULA for marketplace transactions. Using SCMP reduces buyers' legal review time. Sellers can attach addendums (Enhanced Security; BAA; Federal) for specific requirements.,Related: End User License Agreement (EULA); Agreement — AWS,https://docs.aws.amazon.com/marketplace/latest/userguide/standardized-license-terms.html,2026-05-14
Seller / Publisher,general,The entity listing and selling software on a cloud marketplace. Called 'seller' on AWS; 'publisher' on Azure and GCP. Can be an ISV selling direct or a channel partner reselling via CPPO/CSP.,Related: Seller of Record; Channel Partner (CP),https://docs.aws.amazon.com/marketplace/latest/userguide/what-is-marketplace.html,2026-05-14
Seller of Record,general; channel,The legal entity responsible for a marketplace transaction — who invoices and collects from the buyer. In CPPOs and CSP/MPO transactions; the channel partner is the seller of record; not the ISV.,Related: Channel Partner (CP); Marketplace Fee / Transaction Fee,https://docs.aws.amazon.com/marketplace/latest/userguide/channel-partner-offers.html,2026-08-03
Service Account — GCP,gcp,A GCP identity (non-human account) used to authenticate API calls between Suger and GCP Marketplace services — including the Procurement API; Pub/Sub; and billing integration.,Related: Workload Identity Federation — GCP; Procurement API — GCP; Producer Portal — GCP,https://docs.cloud.google.com/iam/docs/service-account-overview,2026-08-03
Service Control API — GCP,gcp,Google Cloud's API ISVs use to report usage metrics to GCP Marketplace for metered billing. Suger calls this API on the ISV's behalf when usage records are submitted.,Related: Procurement API — GCP; Producer Portal — GCP; GCP Marketplace — GCP,https://docs.cloud.google.com/marketplace/docs/partners/integrated-saas/backend-integration,2026-06-02
System Integrator (SI),general; cosell,A partner that implements; customizes; and integrates software for enterprise customers. SIs often transact ISV products through marketplace channel programs and co-sell motions.,Related: Channel Partner (CP); Co-sell,https://aws.amazon.com/partners/,2026-05-14
Signup URL Redirect,suger,A Suger feature where marketplace buyer signup URLs route through Suger first for entitlement provisioning; then redirect to the ISV's own onboarding URL. Decouples marketplace provisioning from product onboarding.,Related: Entitlement; Landing Page / Signup URL,https://doc.suger.io/get-started/,2026-05-14
Snowflake Marketplace — Snowflake,snowflake,Snowflake's data marketplace for sharing and monetizing data products; apps; and native apps within Snowflake environments. Suger supports Snowflake Marketplace listing and entitlement management.,Related: Snowflake Data Clean Rooms — Snowflake; Snowflake Data Appreciation (SDA) — Snowflake,https://docs.snowflake.com/en/collaboration/collaboration-listings-about,2026-08-03
Solution Listing — AWS,aws; offers,An AWS Marketplace discovery page that showcases how multiple products work together to solve a specific customer problem; part of the Multi-Product Solutions framework. Solution Listings are not independently transactable — they serve as a curated landing page that links buyers to the individual products or Offer Sets within the solution. Enables sellers to present a complete; integrated offering without creating a new transactional SKU.,Related: Multi-Product Solution — AWS | Related: Offer Set — AWS | Related: Listing,https://docs.aws.amazon.com/marketplace/latest/userguide/multi-product-solutions.html,2026-08-03
Solution Provider Private Offer (SPPO) — AWS,aws; cosell; offers,An AWS program enabling pre-vetted Solution Providers to create private offers at pre-negotiated ISV discounts — without needing to negotiate deal-by-deal. ISVs must be enrolled in ISV Accelerate.,Related: Channel Partner Private Offer (CPPO) — AWS; ISV Accelerate — AWS,https://docs.aws.amazon.com/marketplace/latest/userguide/channel-partner-offers.html,2026-05-14
Suger,suger,A unified cloud marketplace platform enabling ISVs to list; transact; meter; and co-sell across AWS; Azure; GCP; and Snowflake from a single interface; with integrations into CRM; billing; and communication tools.,Related: Suger Analytics; Entitlement; Metering Dimension,https://www.suger.io/,2026-05-14
Suger Console,suger,The central web-based interface for managing cloud marketplace operations; viewing analytics; configuring integrations; and executing co-sell motions across all connected platforms.,AWS equivalent: AWS Marketplace Management Portal (AMMP) — AWS | Related: Suger Analytics; Entitlement; Metering Dimension,https://doc.suger.io/get-started/,2026-08-31
Subscription — AWS,aws,An AWS Marketplace pay-as-you-go pricing model. Buyers can cancel any time and are billed based on metered usage only; with no upfront commitment. Different from Azure and Snowflake subscriptions; which may be commit-based.,Related: PAYG / Pay-as-you-go; Metered Billing; Contract — AWS,https://docs.aws.amazon.com/marketplace/latest/userguide/saas-pricing-models.html,2026-08-03
Subscription — Azure,azure,A buyer's active contract for a marketplace offer. In Azure; the Subscription ID is the external identifier for an Entitlement in Suger.,Related: Entitlement; SaaS Fulfillment API — Azure,https://learn.microsoft.com/en-us/partner-center/marketplace-offers/create-new-saas-offer,2026-06-02
Subscription — GCP,gcp,A buyer's active contract for a marketplace offer. In GCP; 'Subscription-based' pricing refers to a flat-rate commit model.,Related: Entitlement; Procurement API — GCP,https://docs.cloud.google.com/marketplace/docs/partners/integrated-saas,2026-08-03
Transactable Offer,general; azure,A marketplace listing where the cloud provider handles the complete commerce transaction — payment; invoicing; and disbursement — on behalf of the ISV. Required for committed spend drawdown (EDP; MACC; CUD). Contrasts with BYOL or Contact Me listings.,Related: Listing; Committed Spend / Cloud Commit; Bring Your Own License (BYOL),https://learn.microsoft.com/en-us/azure/marketplace/marketplace-commercial-transaction-capabilities-and-considerations,2026-05-14
Usage-Based Pricing — GCP,gcp,GCP Marketplace's pay-as-you-go pricing model. Buyers are billed based on metered consumption with no upfront commitment. The GCP equivalent of AWS Subscription pricing.,Related: Pay-As-You-Go (PAYG); GCP Marketplace — GCP,https://docs.cloud.google.com/marketplace/docs/partners/integrated-saas,2026-08-03
Usage Credit,suger,Credits applied to a buyer's entitlement in Suger that reduce billable usage reported to the marketplace. Used for promotions; trials; service credits; or billing corrections.,Related: Entitlement; Usage Metering,https://doc.suger.io/get-started/usage-credit/,2026-08-03
Usage Metering,suger; general,The process of tracking and reporting a buyer's consumption of a product in a billing period. Suger provides a unified metering interface normalizing reporting across AWS; Azure; GCP; Oracle; Alibaba; and Snowflake — supporting manual console reporting; API-driven batch submissions; and CSV upload; with unique-ID deduplication to prevent duplicate submissions.,AWS equivalent: BatchMeterUsage API — AWS | Related: Metering Dimension; Billable Metric; Usage Record,https://doc.suger.io/get-started/metering/,2026-08-03
Usage Record,suger,A metering event sent to Suger's API reporting a buyer's consumption of one or more dimensions for a given entitlement. Suger deduplicates by ID; validates; and forwards to the correct marketplace.,Also known as: Usage Record Group | Related: Usage Metering; Metering Dimension,https://doc.suger.io/get-started/metering/,2026-08-03
Vendor-Metered Tagging — AWS,aws; suger,An AWS feature (supported by Suger) that lets sellers tag metered usage by cost category (e.g.; team; department). Tags propagate to the buyer's AWS Billing Console; enabling detailed cost allocation.,Related: Usage Metering; Product Code — AWS,https://docs.aws.amazon.com/marketplace/latest/APIReference/welcome.html,2026-08-03
Webhook,suger,An HTTP callback configured in Suger that pushes real-time event notifications — new entitlements; cancellations; plan changes; usage alerts — to an ISV's service endpoint.,Related: Email Notification; Integration,https://doc.suger.io/get-started/webhook/,2026-08-03
Workload Identity Federation — GCP,gcp; suger,A GCP mechanism Suger uses to authenticate as the ISV's service account without storing long-lived keys. Allows Suger's AWS-based infrastructure to securely call GCP Marketplace APIs on the ISV's behalf.,Related: Service Account — GCP; Procurement API — GCP; GCP Marketplace — GCP,https://docs.cloud.google.com/iam/docs/workload-identity-federation,2026-08-03
Alibaba Cloud Marketplace — Alibaba,alibaba,Alibaba Cloud's digital marketplace connecting ISVs and SaaS providers with customers globally and in China. Supports private offers; usage metering; and consolidated billing through Alibaba Cloud accounts. Onboarding requires passing a vendor approval gate and signing a separate paid-product agreement before a listing can go live; and settlement follows its own timeline distinct from AWS; Azure; or GCP disbursement cycles.,Related: Private Offer; Usage Metering; Entitlement,https://www.alibabacloud.com/en/marketplace,2026-08-31
Suger API Client,suger,Suger's authentication mechanism for programmatic access to the Suger API. ISVs generate API client credentials in the Suger Console to authenticate server-to-server calls for metering; entitlement management; and workflow automation.,Related: Suger Console; Webhook,https://doc.suger.io/api/,2026-05-14
Billable Metric,suger,A named; reusable definition in Suger that specifies what usage to track and how to aggregate it — by COUNT; SUM; MAX; UNIQUE COUNT; or LATEST. Billable metrics are created before offers and referenced in price models to calculate charges. Distinct from Metering Dimension; which is marketplace-specific.,Related: Price Model; Metering Dimension,https://doc.suger.io/api/get-billable-metric/,2026-08-03
Billing Cycle,suger,The recurring interval at which a buyer's usage or subscription is billed — for example; Suger's own AI-feature usage is billed monthly; with an invoice generated automatically at the end of each billing period based on that period's total usage. The specific start day and length of a billing cycle are configured per contract or price model.,Related: Billing Period; Billing Interval; Entitlement,https://doc.suger.io/get-started/billing/overview/,2026-08-03
Billing Interval,suger; general,The frequency at which a buyer is charged within a contract — monthly; quarterly; annually; etc. Suger's own AI-feature billing; for example; runs on a monthly interval; with an invoice generated automatically at the end of each period.,Related: Billing Cycle; Billing Period; Price Model,https://doc.suger.io/get-started/billing/overview/,2026-08-03
Billing Period,suger; general,A single charging cycle within a contract's duration; at the end of which an invoice is generated based on that period's usage or charges — for example; Suger's own AI-feature billing runs on monthly periods. Multiple billing periods span the full contract term.,Related: Billing Cycle; Billing Interval; Invoice,https://doc.suger.io/get-started/billing/overview/,2026-08-03
Chargebee Integration,suger; integrations,Suger's connection to Chargebee; a subscription billing platform. Allows ISVs already using Chargebee to sync billing data and entitlements with Suger's marketplace and co-sell workflows.,Related: Stripe Integration; Billing; Entitlement,https://doc.suger.io/integrations/chargebee/,2026-08-03
Databricks Marketplace,general,Databricks' marketplace for data products and AI applications within the Databricks Data Intelligence Platform. Suger supports integration with Databricks to automate workflows; execute queries; and sync marketplace data.,Related: Listing; Entitlement; Snowflake Marketplace — Snowflake,https://docs.databricks.com/aws/en/marketplace,2026-08-03
Email Notification,suger,Suger's event-driven email alert and transactional email system. ISVs configure recipient lists to receive notifications on marketplace events — new entitlements; cancellations; usage alerts; and invoice issuance — distinct from Webhooks; which push to service endpoints. Suger also provides a full custom template builder powered by a Golang Template evaluator: templates support merge tags (buyer name; offer details; entitlement ID; and more); images; buttons; headings; and raw HTML blocks; with a test-against-mock-data capability that lets sellers preview rendered emails before activating.,Related: Webhook; Entitlement,https://doc.suger.io/get-started/email-notification/,2026-08-03
Invoice,suger,An accounts-receivable record in Suger tracking what a buyer or channel owes — issue and due dates; invoice amount; balance due; status; and aging. Invoices move through statuses (Draft; Invoiced; Overdue; Partial; Paid; Written Off; Voided); end-buyer invoices (including Stripe direct billing) age from the due date; while marketplace and reseller invoices age from the expected disbursement date.,Types: Commit; Installment; Usage; Addon | Related: Revenue; Stripe Integration; Disbursement,https://doc.suger.io/revenue/invoices/,2026-08-03
NetSuite Integration,suger; integrations,Suger's connection to Oracle NetSuite ERP; enabling ISVs to sync marketplace revenue; invoices; and entitlement data with their financial management system for automated reconciliation.,Related: Revenue; Invoice; Disbursement,https://doc.suger.io/integrations/netsuite/,2026-08-03
Okta Single Sign-On (SSO) Integration,suger; integrations,Suger's Single Sign-On integration with Okta. Allows organizations to manage Suger Console access through their existing Okta identity provider; enforcing centralized authentication and access policies.,Related: Role-Based Access Control (RBAC); Suger Console,https://doc.suger.io/integrations/okta-sso/,2026-08-03
Price Model,suger,The configuration governing how a buyer is charged for a marketplace offer — spanning flat-fee (fixed installments or recurring commit) and usage-based (consumption-metered) structures. Suger configures a price model per offer; with each marketplace exposing its own set of supported pricing structures (for example; AWS Marketplace offers Subscription pay-as-you-go; Contract upfront-commitment; combined Contract-with-Subscription; and Free pricing).,Sub-types: Basic; Tiered; Bulk; Volume; Percentage; Tiered Percentage; Matrix | Related: Billable Metric; Billable Dimension; Offer,https://doc.suger.io/aws-marketplace/pricing-model/,2026-08-03
Revenue,suger,Suger's revenue lifecycle dashboard; tracking bookings through billing; cash collection; and disbursement across every connected marketplace and direct billing channel in one view. Distinct from Disbursement — Revenue tracks what was earned and invoiced; Disbursement tracks what has actually been paid out.,Related: Disbursement; Invoice; Suger Analytics,https://doc.suger.io/revenue/overview/,2026-08-03
Salesforce App,suger; cosell; integrations,Suger's native Salesforce application that embeds marketplace entitlement data; co-sell referral status; and metering information directly inside Salesforce — beyond the standard CRM Integration's bi-directional sync.,Related: Salesforce Integration; CRM Integration; Co-sell,https://doc.suger.io/integrations/salesforce/,2026-08-03
HubSpot App,suger; cosell; integrations,Suger's native HubSpot application that surfaces marketplace and co-sell data inside HubSpot deals and contacts; enabling sales teams to act on entitlement events without leaving their CRM.,Related: HubSpot Integration; CRM Integration; Co-sell,https://doc.suger.io/integrations/hubspot/,2026-08-03
Service Quotas,suger,Suger-enforced limits on API request rates and resource counts per organization — such as the number of products; offers; or usage records that can be created. Quotas can be reviewed and increase requests submitted via the Suger Console.,Related: Suger API Client; Organization,https://doc.suger.io/get-started/,2026-08-03
Stripe Integration,suger; integrations,Suger's connection to Stripe for non-marketplace (direct) billing. When Stripe is selected as the billing partner on a product; Suger uses Stripe to collect payments; issue invoices; and deposit funds to the ISV's Stripe account.,Related: Invoice; Payment; Billing,https://doc.suger.io/integrations/stripe/,2026-08-03
Table Export,suger,A Suger feature that exports tabular data — entitlements; usage records; revenue — from Suger's database to Amazon S3 (via a temporary presigned link) or Snowflake for custom reporting and data warehousing. Exports support CSV; JSON; and Parquet formats; and can be configured as one-time exports or recurring scheduled exports with time-based filters. Table Export is the primary mechanism for pushing Suger data into external analytics pipelines or data warehouses.,Related: Snowflake Integration; Suger Analytics,https://doc.suger.io/get-started/table-export/,2026-06-16
AWS Partner Funding — AWS,aws; cosell; funding,AWS's program that provides financial support (credits or cash) to partners pursuing co-sell opportunities. In Suger; funding requests are submitted; tracked; and managed directly from the Co-sell module via the Partner Central Funding Benefits API.,Related: Marketing Development Funds (MDF) — AWS; Migration Acceleration Program (MAP) — AWS; Partner Opportunity Acceleration (POA) — AWS; Proof of Concept (POC) Funding — AWS,https://aws.amazon.com/partners/funding/,2026-05-14
Funding Wallet,aws; cosell; suger,A balance and budget tracker within Suger's Funding tab showing a partner's available funding balance and the history of submitted and approved funding requests from AWS.,Related: AWS Partner Funding — AWS; Benefit Allocation — AWS; AWS Partner Funding Portal (APFP) — AWS,https://doc.suger.io/cosell/cosell-funding/,2026-08-03
Funding — Suger,suger; cosell; funding,The Suger Console tab that aggregates AWS Partner Central funding programs — MDF; POC Funding; and other ACE-linked incentives — into a single submit-and-track workflow. Suger connects directly to the AWS Partner Central API so sellers can create a funding request pre-filled from an existing co-sell opportunity or deal; without leaving the Suger Console or CRM. Requires an active AWS ACE integration migrated to Partner Central 3.0 before funding benefits can be enabled.,Related: APN Customer Engagements (ACE) — AWS; Marketing Development Funds (MDF) — AWS; Funding Wallet,https://doc.suger.io/cosell/cosell-funding/,2026-07-10
Partner Central 3.0 (PC3.0) — AWS,aws; cosell,The latest version of AWS's partner portal. Required for access to the Funding Benefits API — ISVs must complete migration to PC3.0 before AWS Funding can be activated in Suger. Migration status is confirmed via the AWS Partner Manager.,Related: Funding Benefits API — AWS; AWS Partner Funding — AWS; APN Customer Engagements (ACE) — AWS,https://aws.amazon.com/partners/partner-central/,2026-08-03
Funding Benefits API — AWS,aws; cosell,The AWS Partner Central API endpoint enabling programmatic submission and tracking of funding requests. Only available after a partner's migration to Partner Central 3.0 is confirmed.,Related: Partner Central 3.0 (PC3.0) — AWS; AWS Partner Funding — AWS; AWS ACE Integration,https://aws.amazon.com/partners/funding/,2026-08-03
Marketing Development Funds (MDF) — AWS,aws; cosell; funding,AWS co-marketing funding provided to partners to offset demand generation costs — events; campaigns; digital ads; content creation; etc. Partners are reimbursed up to 50% of eligible expenses after submitting proof of performance (receipts). Can also be issued as AWS Promotional Credits. Requested via the AWS Partner Funding Portal. Requires an Amazon Payee Central account for cash disbursement. MDF can stack on top of Strategic Collaboration Agreement (SCA) — AWS benefits.,Related: AWS Partner Funding — AWS; Plan of Action (POA) — AWS; Partner Opportunity Acceleration (POA) — AWS; Partner Initiative Funding (PIF) — AWS,https://aws.amazon.com/partners/funding/,2026-05-14
Migration Acceleration Program (MAP) — AWS,aws; cosell; funding,An AWS funding program providing credits and cash to partners helping customers migrate and modernize workloads on AWS. As of 2026; now covers generative AI and agentic features built during modernization — not just migrations. Funding scales with deal size.,Related: AWS Partner Funding — AWS; ISV Workload Migration Program (WMP) — AWS,https://aws.amazon.com/migration-acceleration-program/,2026-05-14
AWS Partner Funding Portal (APFP) — AWS,aws; cosell,The AWS portal where partners submit; track; and manage fund requests across all funding programs (MDF; MAP; POC; PIF; etc.). Accessible via the Funding tab in AWS Partner Central.,Related: AWS Partner Funding — AWS; Marketing Development Funds (MDF) — AWS; Partner Opportunity Acceleration (POA) — AWS,https://aws.amazon.com/partners/funding/,2026-08-03
Benefit Allocation — AWS,aws; cosell,An approved funding grant issued to a partner through the AWS Benefits API. Can take the form of cash disbursements; AWS credits; consumable wallets; access grants; or recognition. Each allocation has a lifecycle status tracked via the Partner Central API.,Related: Funding Benefits API — AWS; AWS Partner Funding — AWS; Funding Wallet,https://docs.aws.amazon.com/partner-central/latest/APIReference/working-with-benefit-allocations.html,2026-08-03
Amazon Payee Central — AWS,aws; cosell,Amazon's payment registration system where partners must set up bank account and tax information before receiving any cash-based AWS funding benefits (MDF; MAP; etc.). Required prerequisite for cash disbursements.,Related: Marketing Development Funds (MDF) — AWS; Partner Opportunity Acceleration (POA) — AWS; AWS Partner Funding — AWS,https://aws.amazon.com/marketplace/management/paymentstatus/,2026-08-03
Proof of Concept (POC) Funding — AWS,aws; cosell; funding,AWS funding that offsets up to 10% of the cost of building a proof of concept for a customer; capped at $25; 000. Submitted through the AWS Partner Funding Portal. Requires Validated+ stage in any Partner Path. The ACE opportunity must be in Technical Validation stage or beyond.,Part of: Partner Opportunity Acceleration (POA) — AWS | Related: AWS Partner Funding — AWS; AWS Partner Funding Portal (APFP) — AWS,https://aws.amazon.com/partners/funding/,2026-05-14
Partner Initiative Funding (PIF) — AWS,aws; cosell; funding,An AWS funding type tied to specific partner agreement-based initiatives. The PIF template in the AWS Partner Funding Portal lets eligible partners self-access their initiative funds without requiring their AWS Partner Manager to be involved in every request — reducing friction and accelerating time-to-funding.,Related: AWS Partner Funding — AWS; Marketing Development Funds (MDF) — AWS; AWS Partner Funding Portal (APFP) — AWS,https://aws.amazon.com/partners/funding/,2026-05-14
ISV Workload Migration Program (WMP) — AWS,aws; cosell; funding,An AWS program providing promotional credits and go-to-market support to ISVs that help migrate customer workloads from on-premises to a SaaS model on AWS. As of 2026; WMP now offers direct credit disbursement to end customers for eligible migrations. Requires: Foundational Technical Review completion; Validated stage status; a SaaS solution on AWS; and a qualified migration use case.,Related: AWS Partner Funding — AWS; Migration Acceleration Program (MAP) — AWS; Foundational Technical Review (FTR) — AWS,https://aws.amazon.com/partners/programs/isv-workload-migration/,2026-05-14
AWS Promotional Credits — AWS,aws; cosell,Non-cash credits applied to an AWS account to offset usage costs. Awarded through programs like Innovation Sandbox; ISV WMP; and MAP. Not redeemable for cash. Subject to AWS Promotional Credit Terms.,Related: Innovation Sandbox (APN) — AWS; Marketing Development Funds (MDF) — AWS; Marketplace Private Offer Promotion Program (MPOPP) — AWS,https://aws.amazon.com/partners/funding/,2026-08-03
Innovation Sandbox (APN) — AWS,aws; cosell,An AWS program providing promotional credits to partners to offset AWS usage costs during solution development and testing. Accessible via the Funding tab in AWS Partner Central. For Global Startup Program partners; pre-loaded MDF Wallets are also available.,Related: AWS Partner Funding — AWS; Marketing Development Funds (MDF) — AWS,https://aws.amazon.com/partners/funding/,2026-05-14
Marketplace Commerce Analytics Service (MCAS) — AWS,aws; suger; integrations,An AWS service giving sellers programmatic access to marketplace business data (usage; subscriptions; billing; customer info) via the AWS SDK. Data is delivered to an S3 bucket; delivery notifications use SNS (verify against current docs — EventBridge migration may affect this pipeline). Suger uses MCAS as part of the AWS integration setup.,Related: Marketplace Data Feed Service (MDFS) — AWS; AWS Partner Network Integration (API); Suger Analytics,https://docs.aws.amazon.com/marketplace/latest/userguide/commerce-analytics-service.html,2026-08-03
Marketplace Data Feed Service (MDFS) — AWS,aws; suger; integrations,AWS's structured data pipeline that delivers product billing and customer information (company name; address; email domain) to an S3 bucket. Recommended alongside MCAS for complete revenue and buyer data sync in Suger.,Related: Marketplace Commerce Analytics Service (MCAS) — AWS; AWS Partner Network Integration (API); Entitlement,https://docs.aws.amazon.com/marketplace/latest/userguide/data-feed-service.html,2026-08-03
Plan of Action (POA) — AWS,aws; cosell,A document AWS partners submit alongside MDF fund requests outlining the marketing activity; timeline; expected outcomes; and budget breakdown. Required for MDF claims.,Related: Marketing Development Funds (MDF) — AWS | See also: Partner Opportunity Acceleration (POA) — AWS,https://aws.amazon.com/partners/funding/,2026-05-14
Partner Opportunity Acceleration (POA) — AWS,aws; cosell; funding,AWS funding program providing cash reimbursement or promotional credits to accelerate proof-of-concept and migration projects. Available to APN Select tier and above via the AWS Partner Funding Portal. Partners must apply POA benefits to reduce customer costs — benefits may not be retained as additional partner margin. Requires an Amazon Payee Central account.,Related: Proof of Concept (POC) Funding — AWS; Migration Acceleration Program (MAP) — AWS; AWS Partner Funding — AWS; Plan of Action (POA) — AWS; Amazon Payee Central — AWS,https://aws.amazon.com/partners/funding/,2026-05-14
Funding Dashboard — AWS,aws; cosell; suger,A native AWS Partner Central view providing real-time visibility into fund allocation; utilization; and performance metrics across all funding programs. Also mirrored in Suger's Funding tab.,Related: AWS Partner Funding — AWS; Funding Wallet; AWS Partner Funding Portal (APFP) — AWS,https://aws.amazon.com/partners/funding/,2026-08-03
Training & Certification Funding — AWS,aws; cosell,An AWS funding benefit offering discounted training to help partner teams prepare for AWS certification exams. Accessible via the Funding tab in AWS Partner Central.,Related: AWS Partner Funding — AWS; AWS Partner Network (APN) — AWS; Foundational Technical Review (FTR) — AWS,https://aws.amazon.com/partners/funding/,2026-08-03
Strategic Collaboration Agreement (SCA) — AWS,aws; cosell,A formal; multi-year agreement between AWS and a select partner — typically Premier Tier — committing both sides to joint business goals across Build-Market-Sell-Grow motions: co-sell targets; go-to-market investment; training; and funding. Anchored in outcome-driven business plans with defined metrics and milestones. MDF can stack on top of SCA benefits.,Related: Marketing Development Funds (MDF) — AWS; Partner Development Manager (PDM) — AWS; ISV Accelerate — AWS,https://aws.amazon.com/partners/,2026-08-03
SaaS Co-sell Benefit (SCB) — AWS,aws; cosell,An AWS program where AWS sales reps earn quota retirement credit for co-selling SaaS/PaaS solutions transacted as private offers in AWS Marketplace. Incentivizes AWS sellers to prioritize ISV partners. Available to ISV Accelerate partners.,Related: ISV Accelerate — AWS; Quota Retirement — AWS; APN Customer Engagements (ACE) — AWS,https://aws.amazon.com/partners/programs/isv-accelerate/,2026-08-03
Quota Retirement — AWS,aws; cosell,When an AWS seller earns credit toward their sales quota for a deal transacted through AWS Marketplace. The SCB program grants this to AWS reps on co-sold SaaS private offers — the core mechanic that motivates AWS sellers to co-sell your product.,Related: SaaS Co-sell Benefit (SCB) — AWS; ISV Accelerate — AWS; Private Offer,https://aws.amazon.com/partners/programs/isv-accelerate/,2026-08-03
Partner Development Manager (PDM) — AWS,aws; cosell,The AWS-assigned contact responsible for managing a partner's relationship with AWS. Helps with APN program navigation; SCA setup; co-sell strategy; and funding access.,Related: AWS Partner Network (APN) — AWS; ISV Accelerate — AWS; Strategic Collaboration Agreement (SCA) — AWS,https://aws.amazon.com/partners/,2026-08-03
Private Pricing Agreement (PPA) — AWS,aws; cosell,AWS's committed spend program for enterprises — essentially the same as EDP. A negotiated agreement where a customer commits to a minimum AWS spend over 1–3 years in exchange for discounts. Marketplace transactable purchases count toward PPA drawdown. Can be AWS-led or Partner-led.,Also known as: EDP (Enterprise Discount Program),https://aws.amazon.com/pricing/enterprise/,2026-05-14
Reseller Private Offer Plan (RPOP) — GCP,gcp; cosell; offers,GCP Marketplace's channel reseller mechanism — the equivalent of AWS's CPPO. An ISV creates a plan (single-use or multi-use) with a wholesale discount that an authorized reseller uses to create private offers for end customers. Suger manages the full RPOP lifecycle from the console and Salesforce.,AWS equivalent: Resale Authorization — AWS | Related: Marketplace Channel Private Offer (MCPO) — GCP,https://docs.cloud.google.com/marketplace/docs/partners/resellers/resell,2026-08-03
Reseller Contract (RCMP) — AWS,aws; cosell,AWS's standard contract template governing the relationship between an ISV and a channel partner in a CPPO transaction. ISVs can attach RCMP or a custom reseller contract to a resale authorization.,Related: Channel Partner Private Offer (CPPO) — AWS; Resale Authorization — AWS,https://docs.aws.amazon.com/marketplace/latest/userguide/channel-partner-offers.html,2026-05-14
Partner Sales Console — GCP,gcp; cosell,The GCP portal used by authorized resellers to view RPOP private offer plans from ISVs; create private offers for end customers; and manage orders. The reseller-side equivalent of the GCP Producer Portal.,Related: Reseller Private Offer Plan (RPOP) — GCP; Marketplace Channel Private Offer (MCPO) — GCP; Producer Portal — GCP,https://docs.cloud.google.com/marketplace/docs/partners/resellers/resell,2026-08-03
Selling Authorization — AWS,aws; cosell; offers,AWS's term in the AMMP UI for what the API calls a Resale Authorization. An ISV creates this to authorize a specific channel partner to resell a product via CPPO. Can be single-use or reusable. Tracks statuses: Authorized; Authorized (reusable); Authorized (consumed); Expired; Deactivated.,Also called: Resale Authorization — AWS; Opportunity (in AWS API docs),https://docs.aws.amazon.com/marketplace/latest/userguide/channel-partner-offers.html,2026-05-14
Marketplace Channel Private Offer (MCPO) — GCP,gcp; cosell; offers; channel,GCP Marketplace's channel reseller program — the GCP equivalent of AWS's CPPO. An ISV creates a Reseller Private Offer Plan (RPOP) with a wholesale discount; the reseller uses it to create a private offer with markup for the end customer. MCPO purchases count 100% toward the buyer's CUD committed spend; capped at 25% of total commitment.,AWS equivalent: Channel Partner Private Offer (CPPO) — AWS | Azure equivalent: Multiparty Private Offer (MPO) — Azure,https://docs.cloud.google.com/marketplace/docs/partners/resellers/resell,2026-08-03
Express Private Offer — AWS,aws; offers,An AI-powered AWS Marketplace feature (launched Nov 2025) where sellers pre-configure a rate card and AWS automatically generates and delivers personalized private offers to qualified buyers in minutes — without manual negotiation. Available for SaaS Contract and SaaS Contract with Consumption products. A July 2026 update lets sellers with active SaaS Contract or Consumption listings auto-send EPO links directly within shared ACE co-sell opportunities; and adds an 'EPO Enabled' badge on qualifying listings for improved buyer visibility.,Related: Private Offer — AWS; Agreement-Based Offer (ABO) — AWS; Marketplace Private Offer Promotion Program (MPOPP) — AWS,https://docs.aws.amazon.com/marketplace/latest/userguide/express-private-offers.html,2026-07-27
Marketplace Private Offer Promotion Program (MPOPP) — AWS,aws; cosell; funding,An AWS program (launched Aug 2025) that issues AWS Promotional Credits to customers as an incentive for accepting private offers from participating ISVs. Credits are based on Total Contract Value (TCV). Self-service requests submitted via the AWS Partner Funding Portal with next-business-day credit delivery.,Related: AWS Promotional Credits — AWS; Marketing Development Funds (MDF) — AWS; Express Private Offer — AWS; AWS Partner Funding Portal (APFP) — AWS,https://aws.amazon.com/partners/funding/,2026-05-14
Multi-Product Solution — AWS,aws; offers,An AWS Marketplace framework that lets sellers combine multiple products into a unified offering through two complementary capabilities: Solution Listings (discovery pages showing how products work together) and Offer Sets (groups of private offers processed as a single buyer transaction). Sellers can use either or both. Simplifies both product discovery and procurement for buyers purchasing multi-component solutions.,Related: Offer Set — AWS | Related: Solution Listing — AWS | Related: Private Offer | Related: Seller of Record,https://docs.aws.amazon.com/marketplace/latest/userguide/multi-product-solutions.html,2026-08-03
Agent Mode — AWS,aws,An AI-powered conversational buyer discovery experience on AWS Marketplace (launched Nov 2025). Buyers describe their needs in natural language; ask follow-up questions; upload requirements documents; and compare products side-by-side. Can generate downloadable procurement proposals. Also accessible via MCP-compatible AI applications.,Related: Listing; AWS Marketplace — AWS,https://aws.amazon.com/marketplace/,2026-05-14
Resale-Enabled Offer — Azure,azure; cosell; offers,A Microsoft Marketplace channel motion where ISVs designate authorized channel partners to resell their solutions on a geographic basis — without creating a separate private offer per customer deal. Available for transactable SaaS and Azure VM with software reservation pricing offers; available in 30+ markets as of May 2026. Resale-enabled offers that are also Azure benefit-eligible count toward the customer's MACC.,Related: Multiparty Private Offer (MPO) — Azure; Azure Consumption Commitment (MACC) — Azure; Cloud Solution Provider (CSP) — Azure; Microsoft Marketplace — Azure,https://learn.microsoft.com/en-us/partner-center/marketplace-offers/resale-enabled-offers-overview,2026-06-02
AWS ACE Integration,aws; cosell; suger; integrations,Suger's connection to AWS Partner Central via the Partner Central API. Enables bi-directional sync of co-sell referrals (ACE opportunities); funding requests; and pipeline data between Suger and AWS Partner Central. Requires APN membership and Partner Central 3.0 migration for full functionality including funding.,Related: APN Customer Engagements (ACE) — AWS; Funding Benefits API — AWS; Partner Central 3.0 (PC3.0) — AWS,https://doc.suger.io/integrations/aws-partner-network-api/,2026-08-03
AWS Partner Network Integration (S3),aws; suger; integrations,Suger's legacy integration with AWS Partner Network using S3-based data delivery for MCAS and MDFS reports. Being deprecated in favor of the API-based AWS Partner Network integration. ISVs still on S3 should migrate to the API integration.,Related: Marketplace Commerce Analytics Service (MCAS) — AWS; Marketplace Data Feed Service (MDFS) — AWS; AWS Partner Network Integration (API),https://doc.suger.io/integrations/aws-partner-network-s3/,2026-07-10
AWS Partner Network Integration (API),aws; suger; integrations,Suger's current API-based integration with AWS Partner Network. Enables programmatic access to co-sell (ACE); funding; MCAS/MDFS data; and marketplace reporting. Replaces the legacy S3-based integration.,Related: APN Customer Engagements (ACE) — AWS; Marketplace Commerce Analytics Service (MCAS) — AWS; Marketplace Data Feed Service (MDFS) — AWS; AWS Partner Funding Portal (APFP),https://doc.suger.io/integrations/aws-partner-network-api/,2026-07-10
Lago Integration,suger; integrations,Suger's connection to Lago; an open-source usage-based billing engine. Automates the flow of metered usage data from Lago directly to all connected cloud marketplaces via Suger's unified metering API — eliminating manual reporting.,Related: Usage Metering; Metronome Integration; Orb Integration,https://doc.suger.io/integrations/lago/,2026-05-14
Metronome Integration,suger; integrations,Suger's connection to Metronome; a usage-based billing platform. Automatically syncs consumption data from Metronome to cloud marketplace metering endpoints (AWS; Azure; GCP) through Suger.,Related: Usage Metering; Lago Integration; Orb Integration,https://doc.suger.io/integrations/metronome/,2026-05-14
Orb Integration,suger; integrations,Suger's connection to Orb; a billing infrastructure platform. Pipes metered usage from Orb to all cloud marketplaces automatically via Suger; supporting complex pricing models including tiered; volume; and matrix pricing.,Related: Usage Metering; Metronome Integration; Lago Integration,https://doc.suger.io/integrations/orb/,2026-05-14
Salesforce Integration,suger; cosell; integrations,Suger's bi-directional connection to Salesforce CRM. Syncs marketplace entitlements; private offer status; co-sell referrals; and metering data into Salesforce opportunities and accounts. Also available as the Suger Salesforce App for a deeper embedded experience.,Related: Salesforce App; CRM Integration; HubSpot Integration,https://doc.suger.io/integrations/salesforce/,2026-05-14
HubSpot Integration,suger; cosell; integrations,Suger's bi-directional connection to HubSpot CRM. Syncs marketplace deals; entitlement events; and co-sell referral status into HubSpot. Also available as the Suger HubSpot App for a deeper embedded experience.,Related: HubSpot App; CRM Integration; Salesforce Integration,https://doc.suger.io/integrations/hubspot/,2026-05-14
Slack Integration,suger; integrations,Suger's connection to Slack that delivers real-time marketplace event notifications — new entitlements; cancellations; usage alerts; and co-sell updates — to designated Slack channels in your workspace.,Related: Webhook; Email Notification; Microsoft Teams Integration,https://doc.suger.io/integrations/slack/,2026-05-14
Microsoft Teams Integration,suger; azure; integrations,Suger's connection to Microsoft Teams that pushes real-time marketplace event notifications and alerts to designated Teams channels. Mirrors Slack Integration functionality for Microsoft-centric organizations.,Related: Slack Integration; Webhook; Email Notification,https://doc.suger.io/integrations/microsoft-teams/,2026-05-14
Gmail Integration,suger; integrations,Suger's organization-level connection to Gmail that allows Suger to send; receive; and manage emails on behalf of the organization — used for automated communications triggered by marketplace events and workflows.,Related: User Gmail Integration; Microsoft Outlook Integration; Workflow,https://doc.suger.io/integrations/google-mail/,2026-08-03
User Gmail Integration,suger; integrations,Suger's user-level Gmail connection (distinct from the org-level Gmail Integration). Allows individual Suger users to connect their personal Gmail account for email-based actions within Suger workflows.,Related: Gmail Integration; User Microsoft Outlook Integration,https://doc.suger.io/integrations/google-mail/,2026-08-03
Google Drive Integration,suger; integrations,Suger's connection to Google Drive that enables creating; deleting; updating; and sharing files and folders programmatically — used for storing marketplace reports; contracts; and exported data within Suger workflows.,Related: Table Export; Google Cloud Storage Integration,https://doc.suger.io/integrations/google-drive/,2026-05-14
Google Cloud Storage Integration,suger; gcp; integrations,Suger's connection to GCP Cloud Storage for reading and writing files to GCS buckets as part of workflow automation. The integration supports file operations triggered by marketplace events — storing contracts; reports; or documents in GCS — and is used for data archiving and workflow-driven file management rather than as a Table Export destination (Table Export writes to Amazon S3 or Snowflake).,Related: Google BigQuery Integration; Google Drive Integration; Table Export,https://doc.suger.io/integrations/google-cloud-storage/,2026-06-16
Google BigQuery Integration,suger; gcp; integrations,Suger's connection to Google BigQuery that allows Suger to query or update data in BigQuery tables. Used for advanced analytics; custom reporting; and syncing marketplace data into an existing data warehouse.,Related: Table Export; Google Cloud Storage Integration; Suger Analytics,https://doc.suger.io/integrations/bigquery/,2026-08-03
Microsoft Outlook Integration,suger; azure; integrations,Suger's organization-level connection to Microsoft Outlook that allows Suger to send; receive; and manage emails on behalf of the organization — used for automated communications in Suger workflows.,Related: User Microsoft Outlook Integration; Gmail Integration; Workflow,https://doc.suger.io/integrations/microsoft-outlook/,2026-05-14
User Microsoft Outlook Integration,suger; azure; integrations,Suger's user-level Outlook connection (distinct from the org-level Microsoft Outlook Integration). Allows individual Suger users to connect their personal Outlook account for email-based workflow actions.,Related: Microsoft Outlook Integration; User Gmail Integration,https://doc.suger.io/integrations/microsoft-outlook/,2026-05-14
OpenAI Integration,suger; integrations,Suger's connection to OpenAI via API key. Enables AI-powered features within Suger — such as workflow automation; intelligent suggestions; and natural language processing — billed at cost directly to the ISV's OpenAI account.,Related: Google Gemini Integration; Anthropic Integration,https://doc.suger.io/integrations/openai/,2026-05-14
Google Gemini Integration,suger; gcp; integrations,Suger's connection to Google Gemini via API key. Provides AI-powered capabilities within Suger at cost; using Google's Gemini models as an alternative or complement to OpenAI or Anthropic.,Related: OpenAI Integration; Anthropic Integration,https://doc.suger.io/integrations/google-gemini/,2026-05-14
Anthropic Integration,suger; integrations,Suger's connection to Anthropic via API key. Enables Claude-powered AI features within Suger at cost; billed directly to the ISV's Anthropic account. One of three AI provider integrations supported alongside OpenAI and Gemini.,Related: OpenAI Integration; Google Gemini Integration,https://doc.suger.io/integrations/anthropic/,2026-05-14
OAuth 2.0 Integration,suger; integrations,Suger's generic OAuth 2.0 connector that allows ISVs to connect any compliant external service — including Salesforce; HubSpot; or custom providers — to the Suger platform using standard OAuth 2.0 authorization flows.,Related: Salesforce Integration; HubSpot Integration; Okta Single Sign-On (SSO) Integration,https://doc.suger.io/integrations/oauth2-integration/,2026-08-03
Snowflake Integration,suger; snowflake; integrations,Suger's connection to Snowflake for real-time cloud data streaming. Distinct from Snowflake Marketplace — this integration pipes marketplace data (entitlements; usage; revenue) from Suger directly into a Snowflake data warehouse.,Related: Snowflake Marketplace — Snowflake; Table Export; Google BigQuery Integration,https://doc.suger.io/integrations/snowflake/,2026-05-14
Partner Revenue Measurement (PRM) — AWS,aws; cosell; funding,An AWS Partner Network capability that measures and quantifies the revenue impact an ISV's product has on AWS service consumption — across both partner-managed and customer-managed accounts. Launched in January 2026. Partners implement PRM via resource tagging to demonstrate their AWS contribution; unlock APN funding benefits; and gain consumption insights. Minimum compliance requires three things: a public or limited AWS Marketplace listing; a primary AWS account linked to Partner Central; and at least one eligible resource tagged with the partner's product code — AWS Cost Explorer must also be enabled on any account where resources are tagged; since PRM uses it to track consumption. Compliance deadline is July 31; 2026 (May 31; 2026 for AI Competency holders); PRM becomes the required foundation for co-sell funding eligibility starting January 2027. Supported in all Commercial AWS Regions only — European Sovereign Cloud and US GovCloud / Amazon Dedicated Cloud are not supported; though GovCloud-only partners may be eligible for an exception via their AWS partner team.,Related: APN ID Tag (aws-apn-id); PRM Resource Tagging; Revenue Attribution — AWS; AWS Partner Network (APN) — AWS,https://aws.amazon.com/partners/aws-marketplace/,2026-08-03
APN ID Tag (aws-apn-id) — AWS,aws,The AWS resource tag key used for Partner Revenue Measurement. Partners tag their AWS resources with key `aws-apn-id` and value `pc:<product-code>` (e.g. `pc:5ugbbrmu7ud3u5hsipfzug61p`) to attribute AWS service consumption to their marketplace product. Revenue attribution continues until the tag is removed or the resource is terminated. PRM measures production workloads specifically — dev/test/staging environments can be used to validate the tagging implementation before rolling out to production. A resource can only carry one `aws-apn-id` tag; so multi-partner scenarios require the User Agent String method instead of resource tagging. For IaC-managed resources (CloudFormation; Terraform; CDK); tags should be applied through the IaC tool itself — tagging via the console or CLI directly triggers drift detection on the next IaC run.,Related: Partner Revenue Measurement (PRM) — AWS; PRM Resource Tagging — AWS; Product Code — AWS,https://docs.aws.amazon.com/PRM/latest/aws-prm-onboarding-guide/manual-tagging.html,2026-08-03
PRM Resource Tagging — AWS,aws,The core implementation mechanism for AWS Partner Revenue Measurement. Partners tag billable AWS resources (EC2; S3; RDS; etc.) in their own or the customer's account with their Marketplace product code; using any of six supported methods — AWS Management Console; AWS Tag Editor (bulk manual); AWS CLI; CloudFormation; CDK; or Terraform. Only resources consuming chargeable AWS services generate revenue attribution — tagging free services like IAM has no effect; and some sub-features of otherwise-supported services are excluded (e.g. Fargate under EKS; S3 Requests costs). For multi-tenant SaaS; a single product code tags all resources representing the whole solution — tagging is not done per-tenant. A resource holds only one `aws-apn-id` tag at a time; so multi-partner deployments need the User Agent String method instead; resources under IaC management should be tagged through the IaC tool to avoid drift detection.,Related: APN ID Tag (aws-apn-id) — AWS; Partner Revenue Measurement (PRM) — AWS; PRM Architecture Patterns — AWS,https://docs.aws.amazon.com/PRM/latest/aws-prm-onboarding-guide/manual-tagging.html,2026-07-14
PRM Architecture Patterns — AWS,aws,The three deployment models supported by AWS Partner Revenue Measurement: Partner Account (all components in the partner's AWS account — full control over tagging; no customer-side dependency); Customer Account (fully deployed in the customer's account — requires either provisioning-time tagging via CloudFormation or guiding the customer through tagging themselves); and Hybrid (components split across both — the most common pattern for complex SaaS platforms; requiring coordinated tagging across environments). Determines where tagging must be applied.,Related: PRM Resource Tagging — AWS; Partner Revenue Measurement (PRM) — AWS,https://aws.amazon.com/partners/aws-marketplace/,2026-07-14
Revenue Attribution — AWS,aws,The process by which AWS associates a customer's consumption of AWS services with a specific partner's product; using PRM resource tags. Attribution is maintained as long as the `aws-apn-id` tag remains on the resource — any user with account access; including the customer; can remove the tag and stop attribution. Attribution reflects actual billing cycles; so it appears in subsequent billing periods after tagging; AWS partner teams typically take 3–5 business days to validate a new tagging setup. Used by AWS to quantify partner impact and determine APN funding eligibility.,Related: PRM (Partner Revenue Measurement); APN ID Tag (aws-apn-id); Product Code — AWS,https://aws.amazon.com/partners/aws-marketplace/,2026-08-03
Subsidiary Account Connection — AWS,aws,An AWS Partner Central feature allowing partners with multiple AWS Marketplace accounts to link them all under a single primary account. Required for partners managing multiple marketplace storefronts who want unified PRM tracking and APN program management. Connected accounts can now share qualifications — specializations; certifications; and program enrollments — across the group; with a consolidated public profile and scorecard; and tier recalculation based on combined metrics.,Related: Partner Revenue Measurement (PRM) — AWS; AWS Partner Network (APN) — AWS,https://aws.amazon.com/about-aws/whats-new/2026/07/subsidiary-qualification-sharing/,2026-08-03
Partner Relationship Management (PRM) System,suger; general; cosell; aws; azure; gcp,A platform that helps companies recruit; onboard; enable; and manage partners; while supporting collaboration; deal tracking; and performance across the partner lifecycle. Suger extends traditional PRM by acting as the execution layer for cloud marketplace and co-sell workflows—automating CPPOs; syncing CRM deal data to AWS; Azure; and GCP; and enabling partners to transact and track deals in a unified system.,Related: Value Added Reseller (VAR); Global System Integrator (GSI); Learning Management System (LMS) — Suger; CRM Enrichment; Co-sell,https://doc.suger.io/get-started/,2026-05-14
Self-service Cancellations and Billing Adjustments (SCABA),suger; aws,An AWS Marketplace feature integrated into Suger that allows sellers to independently manage refunds and agreement terminations directly from their CRM or the Suger console — without needing to contact AWS support or the buyer. SCABA events are delivered via the AWS Marketplace EventBridge integration to the Proposer account (not the Manufacturer); key event types include Agreement Cancellation Request (with statuses: Pending Approval; Approved; Rejected; Cancelled; Validation Failed) and Purchase Agreement Billing Adjustment (Completed; Failed). Sellers must complete the SNS-to-EventBridge migration to receive SCABA events; as the legacy SNS-based notification path does not support these event types.,Related: Agreement — AWS; Refund; CRM Integration; Manufacturer / Proposer Roles — AWS,https://docs.aws.amazon.com/marketplace/latest/userguide/seller-initiated-cancellations.html,2026-06-16
AWS Secure Environment Accelerator (SEA) — AWS,aws; general,An open-source AWS tool designed to help organizations — initially the Government of Canada — deploy and operate secure; multi-account; multi-Region AWS environments. Uses a configuration file to automate compliant architecture deployment without code changes. Built to meet Canadian federal security standards including PBMM (Protected B; Medium Integrity; Medium Availability) and ITSG-33. Note: ASEA has been deprecated in favor of the Landing Zone Accelerator (LZA) as of Q3 2025.,Also called: ASEA | Successor: Landing Zone Accelerator (LZA) | Related: AWS Partner Network (APN); Public Sector,https://docs.aws.amazon.com/solutions/landing-zone-accelerator-on-aws/,2026-08-03
Landing Zone Accelerator (LZA) — AWS,aws; general,AWS's recommended replacement for the Secure Environment Accelerator (ASEA); now generally available. Automates the deployment of high-compliance; multi-account AWS environments. Includes Canadian CCCS Cloud Medium and Trusted Secure Enclave Sensitive Edition sample configurations that deliver similar outcomes to ASEA. Supports automated migration from ASEA.,Replaces: SEA / ASEA | Related: AWS Secure Environment Accelerator (SEA) — AWS,https://docs.aws.amazon.com/solutions/landing-zone-accelerator-on-aws/,2026-08-03
Foundational Technical Review (FTR) — AWS,aws; cosell,An AWS validation process that reviews an ISV's software product against AWS Well-Architected best practices across security; reliability; and operational excellence. Required prerequisite for ISV Accelerate; AWS Specialization; and co-sell eligibility. Valid for 3 years. Upon approval; partners earn a 'Reviewed by AWS' badge and listing in AWS Partner Solutions Finder. Can be waived with an AWS-led Well-Architected Framework Review completed within the past 12 months showing no high-risk issues. As of AWS Summit New York 2026; partners can also submit an existing SOC 2 Type II audit report and receive FTR approval or feedback within minutes rather than the previous multi-week review cycle; significantly accelerating the path to ISV Accelerate eligibility.,Related: ISV Accelerate — AWS; AWS Specialization; Well-Architected Framework Review (WAFR) — AWS; Partner Development Manager (PDM) — AWS,https://aws.amazon.com/partners/foundational-technical-review/,2026-08-24
AWS Specialization — AWS,aws; cosell,AWS's validated expertise program for partners demonstrating deep technical and delivery capability in a specific domain (e.g.; AI; Security; Resilience; MSP). Distinct from basic APN membership. Specialization badges appear in AWS Marketplace listings and influence the co-sell recommendation score. As of 2026; renewals require partners to demonstrate launched ACE opportunities tied to their Specialization solutions over a rolling 12-month period.,Azure equivalent: Solutions Partner Designation — Azure | GCP equivalent: Google Cloud Partner Network Competency — GCP | Related: Foundational Technical Review (FTR) — AWS; ACE (APN Customer Engagements); Co-sell Recommendation Score — AWS; AWS Competency — AWS,https://aws.amazon.com/partners/programs/specializations/,2026-08-31
AWS Competency — AWS,aws; cosell,A category of AWS Specialization validating a partner's technical expertise and customer success in a specific technology area or industry (e.g.; AI Competency; Security Competency; SMB Competency). Partners with Competencies gain increased MDF; Marketplace visibility; and priority in AWS seller recommendations. ISVs on the Software Path do not need Advanced Tier APN status to pursue Competencies.,Related: AWS Specialization — AWS; Marketing Development Funds (MDF) — AWS — AWS; Strategic Collaboration Agreement (SCA) — AWS,https://aws.amazon.com/partners/programs/specializations/,2026-08-03
Co-sell Recommendation Score — AWS,aws; cosell,An ML-powered score in AWS Partner Central (Analytics & Insights dashboard) reflecting how likely a partner is to be recommended to an AWS seller for a specific customer opportunity — by region; industry; and segment. Powered by signals including ACE activity; Marketplace listings; Specialization status; validated case studies; and win history. Available to ACE-eligible partners with an AWS Specialization at Validated or Differentiated stage.,Related: ACE (APN Customer Engagements); AWS Specialization; ISV Accelerate — AWS; Partner Development Manager (PDM) — AWS,https://docs.aws.amazon.com/partner-central/latest/getting-started/partner-analytics-faq.html,2026-08-03
First Value Opportunity (FVO) — AWS,aws; cosell,A designation for an ISV's very first launched co-sell opportunity in ACE. FVOs are excluded from ISV Accelerate's minimum launched opportunity count requirements — meaning the first deal doesn't count toward the 5-launch threshold or the 15-qualified-opportunity count. Ensures the eligibility bar reflects sustained co-sell activity rather than a single deal.,Related: ACE (APN Customer Engagements); ISV Accelerate — AWS,https://aws.amazon.com/partners/programs/isv-accelerate/,2026-05-26
AWS Solution Provider Program (SPP) — AWS,aws; cosell,AWS's primary channel reseller program allowing authorized partners to resell AWS services to end customers; with consolidated billing and discounts. Updated significantly in 2026 with streamlined incentives: a new Streamlined Base Benefit; New Customer Incentive; and Partner Growth Incentive replacing several prior discount mechanisms. The 2026 overhaul also introduces Deal Registration for Private Pricing Resell; a net-new channel sales mechanism for resold private-pricing deals. Distinct from CPPO/SPPO; which are ISV-specific marketplace channel programs.,Related: Channel Partner Private Offer (CPPO) — AWS; SPPO (Solution Provider Private Offer); Channel Partner (CP); Partner Development Manager (PDM) — AWS,https://aws.amazon.com/partners/programs/,2026-08-03
AWS Partner Central Agents — AWS,aws; cosell,Agentic AI capabilities embedded in AWS Partner Central (launched March 2026) that assist partner teams with pipeline insights; sales play recommendations; and automated ACE opportunity management. Can auto-populate opportunity fields from meeting transcripts or emails; recommend funding at the opportunity level; and generate pre-filled fund requests. A June 2026 expansion extended agent-assisted co-sell qualification to every deal — enabling partners to apply agentic acceleration across their full pipeline without manually selecting eligible opportunities. A July 2026 expansion broadened agent-generated funding guidance beyond opportunity-level recommendations to cover eligibility and application guidance across all AWS partner funding programs. Available in all commercial AWS Regions. An August 2026 update added OAuth support via AWS Sign-In to the Partner Central agents MCP Server (currently US East (N. Virginia) only); letting partners authorize AI tools such as Amazon Quick and Kiro to reach co-sell; funding; and Marketplace seller-setup workflows using their existing AWS credentials and IAM governance — removing the prior requirement to run an MCP proxy with SigV4 credentials.,Related: APN Customer Engagements (ACE) — AWS; AWS Partner Funding — AWS; Partner Central 3.0 (PC3.0) — AWS,https://aws.amazon.com/about-aws/whats-new/2026/06/accelerate-co-selling-with-agents/,2026-08-24
Payment,suger,A completed payment record in Suger tied to one or more invoices; confirming funds have moved from buyer to marketplace or Stripe. Payment records are searchable and viewable across vendors for reference and tracking; detailed processor-level payment mechanics remain with the underlying cloud marketplace or Stripe rather than being fully re-exposed in Suger's buyer-facing views.,Related: Invoice; Stripe Integration,https://doc.suger.io/as-buyer/invoice-and-payment/,2026-08-03
Revenue Record,suger,Suger's unified financial ledger; normalizing revenue data across every connected marketplace and direct billing channel into a consistent format. Two complementary views exist: All Records (one normalized row per revenue event; with consistent columns across every channel — product; entitlement; buyer; lifecycle stage; invoice detail; partner fees; collectable amounts; disbursement data) and Raw Records (source-level records as each channel originally reported them; for comparing against the normalized row). Used for reconciliation and financial reporting.,Related: Revenue; Disbursement,https://doc.suger.io/revenue/revenue-records/,2026-08-03
Invoiced Amount,suger; general,The total amount billed to a buyer on an invoice — what the customer owes. Distinct from Collectable Amount; which accounts for marketplace fees and credits. Tracked per invoice issue date in Suger's revenue reports.,Related: Collectable Amount; Disbursed Amount; Invoice,https://doc.suger.io/revenue/invoices/,2026-08-03
Collectable Amount,suger; general,The amount an ISV can expect to receive from a buyer after deducting marketplace/partner fees and applying credits. Formula: (Total Payment − Partner Fee) + Credits. Tracked per payment due date in Suger's revenue reports.,Related: Invoiced Amount; Disbursed Amount; Marketplace Fee / Transaction Fee,https://doc.suger.io/revenue/overview/,2026-08-03
Disbursed Amount,suger; general,The net amount paid out to the seller after deducting all partner/marketplace fees from the total payment. Formula: Total Payment − Partner Fee. Tracked per disbursement date. Distinct from Collectable Amount; which also includes credits.,Related: Collectable Amount; Invoiced Amount; Disbursement,https://doc.suger.io/revenue/cash-and-disbursements/,2026-08-03
Partner Fee,suger; general,The fee deducted from a buyer's payment by the marketplace or billing partner before disbursement to the ISV. In Suger's revenue reporting; this is subtracted from the total payment to calculate both Collectable Amount and Disbursed Amount.,Related: Marketplace Fee / Transaction Fee; Disbursed Amount; Collectable Amount,https://doc.suger.io/revenue/cash-and-disbursements/,2026-08-03
Payment Due Date,suger; general,The deadline by which a buyer must complete payment on a finalized invoice. Used as the key date for Collectable Amount in Suger's revenue reports.,Related: Invoice; Payment; Collectable Amount,https://doc.suger.io/revenue/invoices/,2026-08-03
Disbursement Date,suger; general,The date a payout is expected or actually received from a marketplace or payment processor. Suger's dashboard distinguishes an 'Expected' date (when the channel owed payout) from a 'Received' date (when it actually arrived); falling back to the received date only when no expected date exists. Used as the key date for Disbursed Amount in Suger's revenue reports.,Related: Disbursement; Disbursed Amount; Payment,https://doc.suger.io/revenue/cash-and-disbursements/,2026-08-03
Billing,suger,Suger's umbrella term for the end-to-end revenue lifecycle spanning both marketplace and direct billing channels — product and offer setup; usage metering; invoicing; payment collection; and disbursement; all rolled up into the Revenue dashboard's bookings-through-cash-collection view.,Related: Invoice; Payment; Revenue,https://doc.suger.io/revenue/overview/,2026-08-03
AWS Competency Program — AWS,aws; cosell,A validation program that recognizes AWS partners who have demonstrated technical proficiency and proven customer success in specialized solution areas; industries; or workloads. Achieving a Competency is a prerequisite for higher-tier MDF funding.,Related: AWS Competency — AWS; Foundational Technical Review (FTR) — AWS; Marketing Development Funds (MDF) — AWS,https://aws.amazon.com/partners/programs/specializations/,2026-08-03
AWS Marketplace Skill,aws; cosell,A specific designation for AWS consulting partners who demonstrate expertise in helping customers transform their procurement and governance using AWS Marketplace. Partners with this skill often act as the 'Channel Partner' in CPPO transactions.,Related: Channel Partner Private Offer (CPPO) — AWS; AWS Partner Network (APN) — AWS; Channel Partner (CP),https://aws.amazon.com/partners/aws-marketplace/,2026-08-03
Build Engagement Model — GCP,gcp; cosell,The Google Cloud Partner Network engagement model designed for ISVs and SaaS providers who integrate their products with Google Cloud. Requires a technical review and a transactable GCP Marketplace listing to unlock co-sell incentives and Market Development Funds (MDF).,AWS equivalent: ISV Accelerate — AWS | Azure equivalent: ISV Success Program — Azure | Related: Google Cloud Partner Network — GCP; GCP Marketplace — GCP,https://partners.cloud.google.com,2026-08-03
ISV Success Program — Azure,azure; cosell; funding,A Microsoft program that provides software providers with technical consulting; Azure credits; and marketplace rewards to help them build; publish; and grow their transactable listings on the Microsoft Marketplace. The program has three tiers: the self-service Core Package ($5K Azure credits; 3 hours technical advisory); the invitation-only Expanded Package; offered based on prior performance ($25K Azure credits; 50 hours advisory; $5K GitHub Copilot); and the invitation-only Advanced Package; gated on Certified Software Designation (CSD) status ($50K Azure credits; 50 hours advisory; $5K GitHub Copilot; plus $150K in cash incentives). Enrollment in ISV Success is required for Business Applications co-sell eligible status for Dynamics 365 and Power Apps ISVs. ISV Success is scheduled for consolidation into Frontier Accelerate for Marketplace in fall 2026.,AWS equivalent: ISV Accelerate — AWS | GCP equivalent: Build Engagement Model — GCP | Related: Microsoft Marketplace — Azure; Marketplace Rewards — Azure; MISA (Microsoft Intelligent Security Association) — Azure; Frontier Accelerate for Marketplace — Azure,https://www.microsoft.com/isv/offer-benefits,2026-08-24
End Customer Investment Funds (ECIF) — Azure,azure; cosell; funding,Microsoft funding program where Microsoft pays approved partners to deliver services — deployment; migration; training; or proof of concept — accelerating customer adoption of Microsoft cloud technologies. Provides direct project funding up to $500K (not a percentage-of-revenue rebate). Requires Advanced Specialization as a hard prerequisite and must cover net-new cloud consumption. Field-driven only: initiated through a Partner Development Manager or Microsoft field team with a scoped statement of work; not self-service.,Related: ISV Success Program — Azure; Microsoft AI Cloud Partner Program (MPN) — Azure; Co-sell Eligible / Incentivized — Azure,https://partner.microsoft.com/en-us/partnership/partner-incentives,2026-05-14
Microsoft Intelligent Security Association (MISA) — Azure,azure; cosell,A nomination-only ecosystem for independent software vendors (ISVs) and managed security service providers (MSSPs) that have integrated their solutions with Microsoft Security products. Requires a transactable marketplace listing.,Related: Microsoft Marketplace — Azure; Co-sell Eligible / Incentivized — Azure; ISV Success Program — Azure,https://www.microsoft.com/en-us/security/business/intelligent-security-association,2026-05-14
Snowflake Data Appreciation (SDA) — Snowflake,snowflake; cosell,A Snowflake partner program that incentivizes data providers to list high-quality data products on the Snowflake Marketplace. Provides marketing support and increased visibility to Snowflake's customer base.,Related: Snowflake Marketplace — Snowflake; Snowflake Integration,https://docs.snowflake.com/en/collaboration/collaboration-listings-about,2026-08-03
Snowflake Data Clean Rooms — Snowflake,snowflake,A secure environment that allows multiple parties to join and analyze data without exposing the raw underlying data to each other. Often sold as a specialized application or service on the Snowflake Marketplace.,Related: Snowflake Marketplace — Snowflake; Snowflake Integration,https://docs.snowflake.com/en/user-guide/cleanrooms/overview,2026-08-03
Multiple Offers — GCP,gcp; offers,A Google Cloud Marketplace feature that allows a partner to send and maintain more than one active private offer for the same product to a single billing account. This enables buyers to purchase separate instances of a product with different terms; such as for different departments or project-specific billing.,Related: Private Offer — GCP; GCP Marketplace — GCP; Producer Portal — GCP,https://docs.cloud.google.com/marketplace/docs/partners/integrated-saas,2026-08-03
Private Offer — AWS,aws; offers,A custom pricing and terms agreement sent directly to a specific AWS account through AWS Marketplace. ISVs use private offers to negotiate custom pricing; payment schedules — including; as of August 2026; explicit net payment terms of Net 30; 45; 60; or 90 days; with channel partners able to offer terms within ISV-defined maximums — contract durations; and EULA terms outside the public listing price. Private offers are accessed via a unique URL and must be accepted before the expiry date set by the seller. Variants include Express Private Offer (simplified flow); Agreement-Based Offer (ABO; for renewals on existing agreements); and Channel Partner Private Offer (CPPO; for reseller transactions).,Azure equivalent: Private Offer — Azure | GCP equivalent: Private Offer — GCP | Related: Express Private Offer — AWS; Agreement-Based Offer (ABO) — AWS; Channel Partner Private Offer (CPPO) — AWS; Resale Authorization — AWS,https://docs.aws.amazon.com/marketplace/latest/userguide/private-offers-overview.html,2026-08-09
Private Offer — GCP,gcp; offers,A custom pricing and terms agreement issued to a specific Google Cloud billing account through GCP Marketplace; expanded to general availability with version 2 in April 2026. Version 2 supports three discount types — flat fee; usage-based; and installment-based — and lets buyers download a signed offer including the EULA as a PDF. Multiple concurrent private offers can be issued for the same product to different billing accounts using the Multiple Offers feature; enabling separate project-based contracts with individually negotiated terms.,AWS equivalent: Private Offer — AWS | Azure equivalent: Private Offer — Azure | Related: Multiple Offers — GCP; Private Plan — GCP; Producer Portal — GCP,https://docs.cloud.google.com/marketplace/docs/partners/selling/managing-private-offers,2026-06-24
Private Plan — GCP,gcp; offers,A restricted product plan on Google Cloud Marketplace available only to specific billing accounts. While a private offer is a one-time transaction; a private plan allows multiple authorized customers to subscribe to the same custom terms repeatedly.,Related: Multiple Offers — GCP; Private Offer — GCP; GCP Marketplace — GCP,https://docs.cloud.google.com/marketplace/docs/partners/integrated-saas,2026-08-03
Cloud Committed Spend (CCS),general,A pre-negotiated minimum spend commitment an enterprise makes with a cloud provider; typically in exchange for volume discounts. Transactable marketplace purchases often count toward a company's committed spend balance; making them strategically attractive to enterprise buyers on EDP; MACC; or CUD agreements. CCS is the cross-platform umbrella term; each hyperscaler has a branded program name.,AWS: Enterprise Discount Program (EDP) — AWS | Azure: Azure Consumption Commitment (MACC) — Azure | GCP: Committed Use Discount (CUD) — GCP | See also: Committed Spend / Cloud Commit,https://docs.aws.amazon.com/marketplace/latest/userguide/private-offers.html,2026-08-03
Metering / Usage Reporting,general,The process by which an ISV reports a buyer's consumption data to the marketplace to trigger accurate billing. For usage-based and consumption models; the ISV — or their integration partner — must submit usage records to the marketplace's metering API within each billing period. Missing or late reports result in billing failures or undercollection. All major hyperscalers (AWS; Azure; GCP) require ISVs to implement a metering integration for SaaS products with usage-based pricing.,Related: Usage Metering; Metered Billing; Metering Dimension,https://docs.aws.amazon.com/marketplace/latest/userguide/saas-reporting.html,2026-08-03
Provisioning,general,The process of granting a buyer access to an ISV's product after they complete a marketplace purchase. When a buyer accepts an offer; the marketplace sends a notification to the ISV — typically via webhook; SQS message; or API callback — to create the customer's account or environment. Failed or delayed provisioning is the most common source of buyer dissatisfaction after a marketplace transaction; and is often the integration step ISVs underinvest in.,Related: Entitlement; Fulfillment URL,https://docs.aws.amazon.com/marketplace/latest/userguide/saas-product-customer-setup.html,2026-05-14
Integration Partner,general; suger,A platform or service provider that handles the technical integration between an ISV's product and one or more cloud marketplace APIs. Integration partners abstract the complexity of listing management; metering; entitlement tracking; and offer creation across AWS; Azure; GCP; and Snowflake — allowing ISVs to go live on marketplace faster without dedicated engineering resources. Suger is an integration partner. The alternative is to build each marketplace integration in-house; which typically requires significant ongoing maintenance.,Related: Partner Relationship Management (PRM) System; Usage Metering; Provisioning,https://doc.suger.io/get-started/,2026-05-14
Distributor,general; cosell; channel,A company that sits between an ISV and its reseller network — managing the VAR and reseller tier on the ISV's behalf rather than selling directly to end customers. Real-world examples include TD Synnex; Ingram Micro; and Pax8. Distributors aggregate demand across many resellers; handle financing and credit; and report reseller-level sales data back to the ISV via DSOR (Distribution Sell-Out Reseller Reporting). For cloud marketplace transactions; distributors transact via CPPO on AWS; MPO on Azure; and MCPO on GCP under a resale authorization from the ISV.,Related: Channel Partner Private Offer (CPPO) — AWS; Multiparty Private Offer (MPO) — Azure; Marketplace Channel Private Offer (MCPO) — GCP; Resale Authorization — AWS; DSOR (Distribution Sell-Out Reseller Reporting); Value Added Reseller (VAR),https://docs.aws.amazon.com/marketplace/latest/userguide/channel-partner-offers.html,2026-06-23
Tax Details Dashboard — AWS,aws,A self-service portal in AWS Partner Central that lets marketplace sellers view; search; filter; and download tax invoices. Covers two invoice types: listing fee invoices (AWS charges to sellers for listing fees) and customer invoices (tax invoices generated on behalf of sellers to buyers). Bulk downloads are supported; and programmatic access is available via the ListInvoiceSummaries and GetInvoicePDF APIs. Customer invoice downloads are currently available to India-based sellers only.,Azure equivalent: Marketplace Tax Management — Azure | GCP equivalent: Marketplace Tax Management — GCP,https://docs.aws.amazon.com/marketplace/latest/userguide/managing-invoices.html,2026-08-03
Marketplace Tax Management — Azure,azure,Microsoft's framework governing tax obligations on Azure Marketplace transactions. Countries and regions are split into three categories: Microsoft-managed (Microsoft calculates; collects; and remits transaction taxes on the publisher's behalf); publisher-managed (the publisher is solely responsible for tax compliance; collection; and remittance); and reseller jurisdictions (currently Brazil only; where Microsoft acts as the reseller and handles all transaction tax). Publishers must determine which model applies in each target market to maintain compliance.,AWS equivalent: Tax Details Dashboard — AWS | GCP equivalent: Marketplace Tax Management — GCP,https://learn.microsoft.com/en-us/partner-center/marketplace-offers/tax-details-marketplace,2026-08-03
Marketplace Tax Management — GCP,gcp,Google Cloud Marketplace's Agency Transaction model for tax; defined in the Marketplace Vendor Agreement. Where both the vendor's and buyer's countries qualify as Agency Jurisdictions; Google collects applicable taxes from buyers and remits them to tax authorities on the vendor's behalf. Vendors are required to notify Google if they have independent tax collection obligations in any jurisdiction. Google may withhold taxes and provide withholding certificates where local law requires.,AWS equivalent: Tax Details Dashboard — AWS | Azure equivalent: Marketplace Tax Management — Azure,https://cloud.google.com/terms/marketplace-agency-jurisdictions,2026-08-03
Amazon EventBridge Marketplace Integration — AWS,aws; integrations,AWS's event-driven integration mechanism for SaaS Marketplace products. When a buyer subscribes; amends; or cancels; EventBridge sends events to the seller's default event bus using the source `aws.agreement-marketplace`. Sellers configure rules and targets (Lambda; Step Functions; API Gateway) to trigger provisioning and deprovisioning logic. EventBridge is the future direction for SaaS notification handling; existing SNS integrations continue to function; and new listings will eventually transition to EventBridge — no hard cutover date has been announced.,Replacing: Amazon SNS Marketplace Notifications — AWS | Related: SaaS Fulfillment API — Azure; Pub/Sub — GCP,https://docs.aws.amazon.com/marketplace/latest/userguide/saas-eventbridge-integration.html,2026-08-03
Registration Token — AWS,aws; integrations,A short-lived token (`x-amzn-marketplace-token`) that AWS sends to a SaaS seller's landing page via HTTP POST when a buyer clicks Subscribe. The seller must exchange this token for a permanent CustomerIdentifier by calling the ResolveCustomer API — only then can metering begin. Tokens expire quickly and cannot be reused.,Related: Landing Page / Signup URL; ResolveCustomer API — AWS; Signup URL Redirect,https://docs.aws.amazon.com/marketplace/latest/userguide/saas-integrate-subscription.html,2026-06-23
ResolveCustomer API — AWS,aws; integrations,An AWS Marketplace Metering Service API call that exchanges a buyer's temporary registration token for a permanent CustomerIdentifier; CustomerAWSAccountId; LicenseArn; and ProductCode. Required as the first step in all SaaS subscription and contract integrations — sellers must call this before provisioning access or sending metering records.,Related: Registration Token — AWS; BatchMeterUsage API — AWS; GetEntitlements API — AWS,https://docs.aws.amazon.com/marketplacemetering/latest/APIReference/API_ResolveCustomer.html,2026-06-23
BatchMeterUsage API — AWS,aws; integrations,The AWS Marketplace Metering Service API that sellers call hourly to report usage consumption for SaaS subscription and SaaS contract products. Records are submitted per CustomerIdentifier and dimension; de-duplicated on the hour; and used to generate buyer invoices. Sellers must send final records within a 1-hour window after receiving a License Deprovisioned event before entitlements are revoked.,AWS equivalent of: Service Control API — GCP; Marketplace Metering Service API — Azure | Related: ResolveCustomer API — AWS; Usage Metering; Metered Billing,https://docs.aws.amazon.com/marketplacemetering/latest/APIReference/API_BatchMeterUsage.html,2026-06-23
GetEntitlements API — AWS,aws; integrations,An AWS Marketplace Entitlement Service API that returns the quantity and dimensions a buyer is entitled to under a SaaS Contract. Sellers call this after resolving a customer to verify what the buyer has purchased; and again when they receive an `entitlement-updated` SNS notification (or the `License Updated - Manufacturer` EventBridge event from `aws.agreement-marketplace`) to check for contract changes. Only applicable to SaaS Contract products — PAYG/subscription products do not use entitlements.,Related: ResolveCustomer API — AWS; Amazon EventBridge Marketplace Integration — AWS; Entitlement,https://docs.aws.amazon.com/marketplaceentitlement/latest/APIReference/API_GetEntitlements.html,2026-08-03
SaaS Subscription Pricing — AWS,aws; billing,An AWS Marketplace SaaS pricing model where buyers pay hourly for actual usage with no upfront contract commitment. Sellers report usage via BatchMeterUsage and buyers are billed based on custom metering dimensions. Also called Pay-As-You-Go (PAYG). Does not use entitlement SNS topics or the GetEntitlements API — only subscription notifications apply. Note: AWS is migrating new SaaS product listings from SNS to Amazon EventBridge for subscription notifications; existing SNS integrations continue to function but new listings use EventBridge.,Also called: Pay-As-You-Go (PAYG) | Azure equivalent: SaaS flat-rate with metered billing | Related: SaaS Contract Pricing — AWS; Metered Billing; PAYG / Pay-as-you-go,https://docs.aws.amazon.com/marketplace/latest/userguide/saas-pricing-models.html,2026-05-26
SaaS Contract Pricing — AWS,aws; billing,An AWS Marketplace SaaS pricing model where buyers pay upfront — or on a flexible installment schedule — for defined entitlements (quantity × dimension). Includes SaaS Contracts (no consumption overage) and SaaS Contracts with Pay-As-You-Go (contract entitlement plus metered overage billing). Entitlements are verified via GetEntitlements and changes are notified via `entitlement-updated` SNS events.,Variant: SaaS Contracts with Pay-As-You-Go | Related: SaaS Subscription Pricing — AWS; Agreement — AWS; Flexible Payment Schedule / Installment Plan,https://docs.aws.amazon.com/marketplace/latest/userguide/saas-pricing-models.html,2026-06-23
Connection Webhook — Azure,azure; integrations,A publisher-provided HTTPS endpoint that Microsoft calls to notify a SaaS seller of subscription lifecycle events. Required for all transactable SaaS offers in Microsoft Marketplace. Events include ChangePlan; ChangeQuantity; Suspend; Unsubscribe; Renew; and Reinstate. The publisher must respond with HTTP 200 within 10 seconds and then call the SaaS Fulfillment API to confirm or reject the operation.,AWS equivalent: Amazon EventBridge Marketplace Integration — AWS | GCP equivalent: Pub/Sub — GCP | Related: SaaS Fulfillment API — Azure; Subscription — Azure,https://learn.microsoft.com/en-us/partner-center/marketplace-offers/pc-saas-fulfillment-webhook,2026-06-23
Marketplace Metering Service API — Azure,azure; integrations,Microsoft's API that publishers call to report custom usage dimensions consumed above the flat-rate base fee in a transactable SaaS or Azure Managed Application offer. Publishers POST usage events per resource; dimension; and hour to `marketplaceapi.microsoft.com`. Microsoft uses these events to bill the buyer for overage and pays the publisher. At most one event per hour per resource per dimension is accepted.,AWS equivalent: BatchMeterUsage API — AWS | GCP equivalent: Service Control API — GCP | Related: SaaS Fulfillment API — Azure; Metered Billing; Metering Dimension,https://learn.microsoft.com/en-us/partner-center/marketplace-offers/marketplace-metering-service-apis,2026-06-23
Standard Contract — Azure,azure,Microsoft's standardized legal terms that publishers can adopt for their Microsoft Marketplace offers instead of writing custom terms and conditions. Customers who have accepted the Standard Contract once do not need to re-review it for new offers using it. Publishers can extend the Standard Contract with Universal Amendments (for all buyers) or Custom Amendments (targeted to specific Azure tenant IDs). Applies to SaaS; Azure Applications; Virtual Machines; Containers; and AI Apps.,AWS equivalent: Standard Contract (SCMP) — AWS | Related: End User License Agreement (EULA); Private Offer — Azure,https://learn.microsoft.com/en-us/partner-center/marketplace-offers/standard-contract,2026-06-23
Flexible Billing Schedule — Azure,azure; offers,A Microsoft Marketplace feature that lets publishers create custom installment payment schedules — up to 70 installments with unique charge dates and amounts — inside a private offer. Available for SaaS flat-rate and Virtual Machine software reservation plans with contract durations of 1 year or longer. The buyer's invoicing cadence is unchanged; each installment appears as a separate line item. Mid-term plan changes are not supported on flexible schedule plans.,Related: Flexible Payment Schedule / Installment Plan; Private Plan — Azure; Multiparty Private Offer (MPO) — Azure,https://learn.microsoft.com/en-us/partner-center/marketplace-offers/flexible-billing-schedule,2026-06-23
Concurrent Agreements — AWS,aws,An AWS Marketplace capability (required for all new SaaS products from June 1; 2026) that allows a single AWS account to hold multiple active agreements for the same product simultaneously. Before this feature; a buyer could only have one active agreement per product per account. Sellers must migrate from Amazon SNS to Amazon EventBridge for subscription notifications before concurrent agreements support is activated; and must update their SaaS integration to use LicenseArn as the primary key (replacing CustomerIdentifier) in ResolveCustomer; GetEntitlements; and BatchMeterUsage API calls. Each concurrent agreement carries a unique LicenseArn; which is now the authoritative identifier for routing metering records and provisioning decisions. Event routing follows the Manufacturer/Proposer role model: License Deprovisioned events go to the Manufacturer account; while Agreement Cancellation events go to the Proposer.,Related: Agreement — AWS; SaaS Contract Pricing — AWS; ResolveCustomer API — AWS; Manufacturer / Proposer Roles — AWS,https://aws.amazon.com/about-aws/whats-new/2026/02/concurrent-agreements-february/,2026-08-03
Agreements and Renewals Dashboard — AWS,aws,A QuickSight-powered seller dashboard in the AWS Marketplace Management Portal (under Insights > Sales Operations) that surfaces agreement lifecycle data — active agreements; ended agreements; expiry timelines; and renewal intent — within 24 hours of signing. Sellers can filter by offer; subscriber account; CPPO flag; resale authorization; and agreement status to track renewal pipeline and spot churn risk.,Related: Agreement — AWS; Agreement-Based Offer (ABO) — AWS; AWS Marketplace Management Portal (AMMP) — AWS,https://docs.aws.amazon.com/marketplace/latest/userguide/agreements-renewals-dashboard.html,2026-06-23
AWS PrivateLink Product Delivery — AWS,aws; integrations,A product delivery method for AWS Marketplace SaaS products where buyers access the seller's service via a VPC endpoint over the Amazon private network — bypassing the public internet. Sellers create a VPC endpoint service backed by a Network Load Balancer; register it with AWS Marketplace Seller Operations; and grant access per buyer AWS account. Billing and metering remain identical to standard SaaS products.,Related: AWS Marketplace — AWS; Software-as-a-Service (SaaS); Listing,https://docs.aws.amazon.com/marketplace/latest/userguide/privatelink.html,2026-06-23
Azure Managed Application — Azure,azure,A Microsoft Marketplace offer type where a publisher deploys and manages Azure infrastructure resources inside the buyer's Azure subscription; but controls them via a separate managed resource group that only the publisher can modify. Unlike SaaS (where the seller hosts everything); the Azure resources run in the buyer's own subscription and are visible to them — but configuration and updates are locked to the publisher. Supports metered billing via the Marketplace Metering Service API. Used for complex infrastructure solutions that need to run within the customer's environment.,Also called: Azure App Managed Plan | Related: Microsoft Marketplace — Azure; SaaS Fulfillment API — Azure; Marketplace Metering Service API — Azure,https://learn.microsoft.com/en-us/partner-center/marketplace-offers/plan-azure-app-managed-app,2026-06-23
Propensity to Buy (PTB) Score,suger; cosell,Suger's composite account intelligence score that aggregates hyperscaler engagement signals (AWS; Azure; GCP); marketplace purchase history; AI-powered search activity; and third-party technographic data (BuiltWith) into a single High / Medium / Low indicator per account. High means the account ranks in the top cohort of all customers for marketplace purchase likelihood; Medium is the middle cohort; Low is below the median. Sales and alliances teams use the PTB Score in the Suger Console to prioritize which accounts are most worth pursuing for co-sell outreach or inbound referral response.,AWS: AWS Intelligence Signals — AWS | Azure: Azure Intelligence Signals — Azure | GCP: GCP Intelligence Signals — GCP | Related: CRM Enrichment,https://doc.suger.io/integrations/salesforce/,2026-06-23
AWS Intelligence Signals — AWS,aws; cosell,A set of predictive account-level scores available in the Partner Insights dashboard in AWS Partner Central. Includes the AWS Marketplace Engagement Score (likelihood to purchase through the AWS Marketplace channel); the AWS Marketplace Solution Engagement Score (likelihood to purchase from a partner's specific listing); and the Co-sell Recommendation Score (how well the partner's solution matches AWS seller opportunities). All scores are cohort-relative: High indicates the top cohort; Medium the middle; and Low below the median. Refreshed monthly.,Azure equivalent: Azure Intelligence Signals — Azure | GCP equivalent: GCP Intelligence Signals — GCP | Related: Propensity to Buy (PTB) Score; AWS Marketplace Solution Engagement Score — AWS; Co-sell Recommendation Score — AWS,https://docs.aws.amazon.com/partner-central/latest/getting-started/partner-analytics-faq.html,2026-06-23
AWS Marketplace Engagement Score — AWS,aws; cosell,An AWS Intelligence Signal in AWS Partner Central that predicts the likelihood of a specific customer account purchasing through AWS Marketplace as a procurement channel — not targeting any particular solution. Scored as High; Medium; Low; or '-' (indeterminate) relative to all other customers in the same cohort. Available to ISV and Software Path partners with active Marketplace listings. Refreshed monthly via the Partner Insights dashboard.,Part of: AWS Intelligence Signals — AWS | Related: AWS Marketplace Solution Engagement Score — AWS; Propensity to Buy (PTB) Score,https://docs.aws.amazon.com/partner-central/latest/getting-started/partner-analytics-faq.html,2026-06-23
AWS Marketplace Solution Engagement Score — AWS,aws; cosell,An AWS Intelligence Signal in AWS Partner Central that predicts the likelihood of a specific customer account purchasing from the partner's own marketplace listing — not the channel generally. Scored as High; Medium; Low; or '-' (indeterminate) relative to all accounts in the same cohort. Requires an active non-ProServe Marketplace listing and lifetime EC2 + GSS (Global Support Services; via private offers or public subscriptions) above $100. Refreshed monthly. This is the most partner-specific AWS predictive signal and is distinct from the channel-level Marketplace Engagement Score.,Part of: AWS Intelligence Signals — AWS | Related: AWS Marketplace Engagement Score — AWS; Co-sell Recommendation Score — AWS; Propensity to Buy (PTB) Score,https://docs.aws.amazon.com/partner-central/latest/getting-started/partner-analytics-faq.html,2026-05-26
Azure Intelligence Signals — Azure,azure; cosell,Account-level propensity and engagement data for Microsoft Azure; sourced from Microsoft CloudAscent — a free program available to transacting Microsoft partners. CloudAscent scores accounts using firmographic fit and behavioral buying signals; then classifies them into four propensity clusters: Act Now; Evaluate; Nurture; and Educate. Suger normalizes these signals under the field labels Azure Engagement Score; Azure Event Score; and Azure Usage Score — alongside marketplace activity metrics (Marketplace Count; Review Count; Purchase Count) — and surfaces them in the Suger Console and via CRM Enrichment.,AWS equivalent: AWS Intelligence Signals — AWS | GCP equivalent: GCP Intelligence Signals — GCP | Powered by: Microsoft CloudAscent | Related: Propensity to Buy (PTB) Score; CRM Enrichment; Azure Consumption Commitment (MACC) — Azure,https://learn.microsoft.com/en-us/partner-center/insights/insights-customer-opportunities,2026-06-23
GCP Intelligence Signals — GCP,gcp; cosell,Account-level engagement and marketplace activity data sourced from Google Cloud partner systems and surfaced in the Suger Console. Suger normalizes these signals as GCP Engagement Score alongside marketplace activity metrics including GCP Marketplace Count; GCP Marketplace Review Count; and GCP Marketplace Purchase Count. All scores use a cohort-relative High / Medium / Low ranking: High indicates the account is in the top cohort compared to all customers. Data is accessible in the Suger Console and pushable to Salesforce or HubSpot via CRM Enrichment.,AWS equivalent: AWS Intelligence Signals — AWS | Azure equivalent: Azure Intelligence Signals — Azure | Related: Propensity to Buy (PTB) Score; CRM Enrichment; Google Cloud Partner Network — GCP,https://doc.suger.io/integrations/salesforce/,2026-06-23
CRM Enrichment,suger,A Suger feature that automatically pushes hyperscaler engagement scores; propensity signals; and marketplace activity metrics into Salesforce and HubSpot custom fields via configurable field mappings — including; as of June 2026; AI-generated mapping suggestions that recommend destination fields based on the source hyperscaler signal. Runs on a 12-hour sync schedule and covers all three cloud providers: AWS (Marketplace Engagement Score; Solution Engagement Score); Azure (Engagement Score; Event Score; Usage Score); and GCP (Engagement Score; Marketplace Count; Review Count; Purchase Count). Configured inside the Suger Console under integrations — no PDM or manual export required.,Related: Propensity to Buy (PTB) Score; AWS Intelligence Signals — AWS; Azure Intelligence Signals — Azure; GCP Intelligence Signals — GCP,https://doc.suger.io/integrations/salesforce/,2026-08-09
Marketplace Capacity Drawdown (MCD) — Snowflake,snowflake; billing,Snowflake's committed spend mechanism for Marketplace purchases; generally available February 2026. Enterprises pre-commit to Snowflake Marketplace consumption capacity; purchases of participating listings draw down against that committed capacity rather than incurring incremental charges. MCD is the Snowflake-native equivalent of AWS EDP; Azure MACC; and GCP CUD — it is the primary commercial lever for enterprise Snowflake Marketplace procurement.,AWS equivalent: Enterprise Discount Program (EDP) — AWS | Azure equivalent: Azure Consumption Commitment (MACC) — Azure | GCP equivalent: Committed Use Discount (CUD) — GCP | Related: Snowflake Marketplace — Snowflake; Cloud Committed Spend (CCS),https://docs.snowflake.com/en/collaboration/collaboration-listings-about,2026-06-23
Referral Confidence Score — Azure,azure; cosell,An ML-generated signal in Microsoft Partner Center that scores the quality and likelihood of progression for each co-sell referral. Launched May 2025; the score is calculated from deal attributes — customer profile; solution fit; engagement history; and pipeline velocity — and surfaces directly on the referral detail view. Higher-scoring referrals are prioritized by Microsoft field teams for engagement; making the score a practical filter for where to concentrate co-sell effort.,AWS equivalent: Co-sell Recommendation Score — AWS | GCP equivalent: GCP Intelligence Signals — GCP | Related: Azure Intelligence Signals — Azure; Referral; Inbound Referral,https://learn.microsoft.com/en-us/partner-center/co-sell-overview,2026-06-23
Microsoft Commerce Incentive (MCI) — Azure,azure; cosell,Microsoft's consolidated partner incentive program that replaced multiple legacy programs (OCAS; OSA Sell; etc.) starting October 2022. MCI pays Azure partners and co-sell ISVs performance-based rewards — including marketplace transact co-sell bonuses — based on monthly ACR (Azure Consumed Revenue) generated through eligible sales motions. For co-sell ISVs; MCI is the incentive mechanism that motivates Microsoft field teams to engage on deals where an ISV's solution is Co-sell Incentivized; making it the Azure structural equivalent of AWS's SaaS Co-sell Benefit (SCB).,AWS equivalent: SaaS Co-sell Benefit (SCB) — AWS | Related: Co-sell Eligible / Incentivized — Azure; Marketplace Rewards — Azure; Microsoft AI Cloud Partner Program (MPN) — Azure,https://learn.microsoft.com/en-us/partner-center/incentives/incentives-get-started-intro,2026-06-23
Google Cloud Partner Innovation Fund — GCP,gcp; cosell,A $750M Google Cloud funding commitment announced April 2026 to accelerate partner-led AI and marketplace innovation. The fund provides co-investment for qualified partners working on AI solutions; marketplace listings; and customer adoption programs; administered through Google Cloud Partner Network. It is Google Cloud's largest formal partner funding commitment and directly parallels AWS's partner funding cluster (MAP; POC Funding; PIF) as the primary mechanism for GCP to incentivize partner investment in the ecosystem.,AWS equivalent: Migration Acceleration Program (MAP) — AWS | AWS equivalent: Proof of Concept (POC) Funding — AWS | AWS equivalent: Partner Initiative Funding (PIF) — AWS | Related: Google Cloud Partner Network — GCP; Build Engagement Model — GCP; GCP Marketplace — GCP,https://cloud.google.com/blog/topics/partners/how-google-cloud-partner-ecosystem-is-building-the-agentic-enterprise,2026-06-23
AWS Marketplace Agreements API — AWS,aws; operations,A programmatic API for querying and managing the full lifecycle of AWS Marketplace purchase agreements; available to both buyers and sellers. Launched May 2026; key operations include SearchAgreements; DescribeAgreement; GetAgreementTerms; GetAgreementEntitlements; ListAgreementCharges; UpdatePurchaseOrders; and SendAgreementPaymentRequest. Before this API; agreement status; terms; entitlements; and payment history could only be accessed through the AWS Marketplace Management Portal UI; the API makes these operations auditable and automatable at scale; enabling integration with procurement systems; ERP tools; and billing pipelines.,Related: Agreements and Renewals Dashboard — AWS; Agreement — AWS; AWS Marketplace Catalog API — AWS; AWS Marketplace Discovery API — AWS,https://docs.aws.amazon.com/marketplace/latest/APIReference/API_Operations_AWS_Marketplace_Agreement_Service.html,2026-06-23
AWS Marketplace Discovery API — AWS,aws; operations,A programmatic API that gives buyers; sellers; and channel partners access to AWS Marketplace product listings; pricing; offer terms; and purchase options without navigating the console. Launched April 2026 across three regions; it covers SaaS; AMI; containers; AI agents; and ML models. Key capabilities include retrieving public and private offer pricing; offer terms; and listing details; enabling sellers to embed live catalog data in external tools and buyers to build procurement workflows that query purchase options before initiating an agreement.,Related: AWS Marketplace Catalog API — AWS; AWS Marketplace Agreements API — AWS; Listing; Private Offer,https://aws.amazon.com/about-aws/whats-new/2026/04/aws-marketplace-discovery-api/,2026-06-23
Variable Payments — AWS,aws; billing,A contract pricing option for AWS Marketplace Professional Services private offers that lets sellers bill buyers incrementally as work is delivered; rather than requiring upfront payment or pre-scheduled installments. The seller sets a total contract cap at offer creation; once the buyer accepts; the seller submits individual payment requests specifying an amount and optional deliverables description — each request must not exceed the remaining contract balance. Unlike Flexible Payment Schedules; which define fixed amounts and dates at offer creation; variable payments are seller-initiated and tied to actual deliverables with no predetermined schedule. Available exclusively for Professional Services products.,Related: Flexible Payment Schedule / Installment Plan; Private Offer; AWS Marketplace Agreements API — AWS,https://docs.aws.amazon.com/marketplace/latest/userguide/proserv-variable-payments.html,2026-06-23
SaaS Auto Activation — Azure,azure; operations,A plan-level setting in Microsoft Marketplace that decouples SaaS billing from ISV fulfillment actions; introduced May 2026. When enabled; Microsoft activates the customer's subscription and begins billing immediately upon purchase completion; then sends the ISV a Subscribe webhook event as the trigger to launch onboarding — eliminating the need for the ISV to call the Activate API manually. Previously; billing depended on the ISV issuing an activation API call after the buyer completed the landing page flow. All new SaaS plans default to auto activation ON; existing plans retain the manual activation behavior unless explicitly updated.,Related: SaaS Fulfillment API — Azure; Connection Webhook — Azure; Provisioning; Landing Page / Signup URL,https://learn.microsoft.com/en-us/partner-center/marketplace-offers/pc-saas-fulfillment-webhook,2026-06-23
Partner-led Deal — Azure,azure; cosell,A co-sell deal type in Microsoft Partner Center where the ISV/partner works independently but grants Microsoft sellers read-only pipeline visibility; created by indicating 'no help required' while allowing Microsoft to view the deal. It is distinct from a co-sell deal (where active Microsoft participation is requested) and a private deal (where Microsoft has no visibility). Partner-led deals are eligible for Azure IP co-sell deal registration — and therefore co-sell incentives and MACC contribution — without requiring Microsoft seller participation; provided the deal includes an Azure IP co-sell eligible solution; is marked won; exceeds USD 25; 000; and the customer account is Microsoft-managed.,AWS equivalent: Partner-Led Opportunity — AWS | Related: Co-sell Eligible / Incentivized — Azure; Referral; Outbound Referral; Azure Consumption Commitment (MACC) — Azure,https://learn.microsoft.com/en-us/partner-center/referrals/manage-co-sell-opportunities,2026-08-31
Business Applications Co-sell Incentive — Azure,azure; cosell,A co-sell incentive track in Microsoft Partner Center that applies exclusively to ISV solutions built on Dynamics 365 apps on Dataverse and Power Apps; and Dynamics 365 Operations Apps — structurally separate from Azure IP Co-sell Eligible status. Two tiers exist (Standard and Premium); both requiring active ISV Success program enrollment plus standard co-sell-ready prerequisites. Unlike Azure IP co-sell; this track does not require Azure Consumed Revenue thresholds or a reference architecture diagram; it is governed by offer type (Dynamics 365 and Power Platform only) and ISV Success enrollment. Microsoft sellers handling Dynamics 365 customer engagements are incentivized under MCI to prioritize solutions with this status.,Related: Co-sell Eligible / Incentivized — Azure; ISV Success Program — Azure; Microsoft Commerce Incentive (MCI) — Azure; AppSource — Azure,https://learn.microsoft.com/en-us/partner-center/referrals/co-sell-requirements,2026-06-23
Azure Consumed Revenue (ACR) — Azure,azure; cosell; billing,The total Azure service consumption; measured in dollars; generated by a customer within their Azure subscriptions and attributed to the partner whose solution drives that consumption. ACR is Microsoft's primary metric for measuring partner impact in the Azure ecosystem — it determines co-sell incentive eligibility; Solutions Partner with certified software designation thresholds; and forms the basis of PRACR reporting. Unlike direct revenue metrics; ACR measures downstream cloud spend that a partner's SaaS or IP solution drives in the customer environment; making it a proxy for customer success and Azure platform commitment.,Related: Partner Reported Azure Consumed Revenue (PRACR) — Azure | Related: Azure Consumption Commitment (MACC) — Azure | Related: Co-sell Eligible / Incentivized — Azure,https://learn.microsoft.com/en-us/partner-center/referrals/partner-reported-azure-consumed-revenue,2026-05-23
Deal Registration — Azure,azure; cosell,A formal record a partner creates in Microsoft Partner Center to associate a customer opportunity with their solution and claim co-sell eligibility; including PRACR reporting rights. Microsoft reviews and approves each deal registration before it becomes eligible for co-sell incentive credits or PRACR revenue attribution. Registering a deal establishes the partner-of-record for that customer opportunity; protects against channel conflict; and gives Microsoft field sellers visibility into partner-sourced pipeline. Each approved deal registration is linked to specific customer subscription GUIDs; forming the foundation for revenue attribution in the Azure partner ecosystem.,Related: Partner Reported Azure Consumed Revenue (PRACR) — Azure | Related: Outbound Referral | Related: Partner Center — Azure | Related: Co-sell Eligible / Incentivized — Azure | Related: Microsoft Managed Account — Azure,https://learn.microsoft.com/en-us/partner-center/referrals/manage-co-sell-opportunities,2026-05-26
Partner Reported Azure Consumed Revenue (PRACR) — Azure,azure; cosell,A Microsoft program that lets qualifying ISVs self-report the Azure consumed revenue attributable to their SaaS solutions; aligning Microsoft field incentives with actual customer Azure consumption. Partners submit monthly CSV reports via Partner Center listing customer Subscription GUIDs and contract values; Microsoft calculates reportable revenue using an Estimated Azure Consumption (EAC) percentage proxy applied to monthly contract value. PRACR eligibility requires Solutions Partner with certified software designation (for Azure or Industry AI) and an approved Deal Registration for each reported deal. Microsoft is retiring PRACR as the primary co-sell attribution mechanism starting FY27 (July 2026) in favor of Marketplace-transaction-based crediting (Marketplace Billed Sales) — PRACR continues to apply to legacy-tracked revenue during the transition; but partners should shift toward transactable Marketplace listings as the durable co-sell credit path.,Related: Azure Consumed Revenue (ACR) — Azure | Related: Deal Registration — Azure | Related: Co-sell Eligible / Incentivized — Azure | Related: Partner Center — Azure,https://learn.microsoft.com/en-us/partner-center/referrals/partner-reported-azure-consumed-revenue,2026-07-13
Agentic Earnings Hub — GCP,gcp; cosell,An AI-powered incentive management tool in the Google Cloud Partner Network Hub; announced at Google Cloud Next '26 (April 2026); that automates the operational side of partner incentive management. It auto-drafts statements of work; monitors consumption milestones; and auto-generates incentive claim requests. An embedded Earnings Potential Modeler maps all available GCP incentives down to individual client engagements; providing partners with contextual recommendations for maximizing earnings.,Related: Google Cloud Partner Network — GCP; Google Cloud Partner Agent — GCP; Build Engagement Model — GCP; Google Cloud Partner Innovation Fund — GCP,https://cloud.google.com/blog/topics/partners/how-google-cloud-partner-ecosystem-is-building-the-agentic-enterprise,2026-06-23
Google Cloud Partner Agent — GCP,gcp; operations,An AI agent integrated into the Google Cloud Partner Network Hub; announced at Google Cloud Next '26 (April 2026); that guides partners through program workflows through natural language. It actively directs partners to next steps; summarizes complex program documentation and assets; and provides real-time coaching for completing registrations; statements of work; and co-sell workflows — all without leaving the Partner Hub. The GCP Partner Agent parallels AWS Partner Central Agents — AWS as Google Cloud's equivalent AI-native layer within its partner operations platform.,AWS equivalent: AWS Partner Central Agents — AWS | Related: Google Cloud Partner Network — GCP; Agentic Earnings Hub — GCP; Build Engagement Model — GCP,https://cloud.google.com/blog/topics/partners/how-google-cloud-partner-ecosystem-is-building-the-agentic-enterprise,2026-06-23
Suger MCP Server,suger; integrations,A production-available server built on the Model Context Protocol (MCP) standard that lets AI assistants and agents interact with Suger's marketplace management platform through natural language. It exposes 120+ tools spanning the full Suger API surface across nine categories: Products & Offers; Buyers & Contacts; Entitlements; Metering & Usage; Billing & Revenue; Support; Operations & Auditing; Co-Sell; and Knowledge Search. An AI client connected to the Suger MCP Server can create offers; manage entitlements; report usage; pull revenue reports; and manage buyer relationships without navigating the Suger Console directly.,Related: Suger API Client; Suger Console; Insulin; Integration; AWS Partner Central Agents — AWS,https://doc.suger.io/mcp/overview/,2026-06-02
Co-Sell Insights — Suger,suger; cosell,An AI-powered co-sell intelligence feature within Suger that evaluates AWS Partner Central opportunity data using pre-defined triggers and surfaces actionable guidance through three card types: Warning Cards (deterministic Suger-computed alerts; such as opportunities unchanged for 30+ days); Main Insight Cards (data pulled from AWS MCP covering opportunity health; engagement scores; and POC/MDF funding eligibility); and AI Trigger Cards (context-specific recommendations for deal progression; rejection analysis; and funding requests). Co-Sell Insights is AWS-exclusive; requires AWS Partner Central 3.0 migration; and surfaces in the Suger Console co-sell tab and Suger Salesforce App.,AWS equivalent: AWS Partner Central Agents — AWS | Related: Suger Analytics; Propensity to Buy (PTB) Score; CRM Enrichment; APN Customer Engagements (ACE) — AWS,https://doc.suger.io/cosell/co-sell-insights/,2026-07-10
Co-sell Intelligence — Suger,suger; cosell,A global toggle in Suger Console → Settings → Co-sell that enables Suger to retrieve partner engagement signals from AWS; Azure; and GCP. Once enabled per cloud; it surfaces an Engagement Score (Low; Medium; or High) directly in the CRM widget for each account — a prerequisite signal layer that sits underneath higher-level features like Co-Sell Insights; which consumes this data to generate its Warning and AI Trigger cards.,Related: Co-Sell Insights — Suger; APN Customer Engagements (ACE) — AWS; CRM Enrichment,https://doc.suger.io/cosell/cosell-configuration/,2026-07-10
UsageRecordGroup — Suger,suger; billing,Suger's unified data structure for submitting metered usage to cloud marketplaces in a single normalized format. A UsageRecordGroup contains an entitlement ID; a map of dimension keys to quantities; an optional ID (max 36 characters; auto-generated if omitted); and optional UsageAllocation sub-objects for AWS cost-allocation tagging. Sellers submit records via the Suger Metering API or CSV upload through the Suger Console; Suger validates and forwards them to each cloud's native metering API — AWS BatchMeterUsage; Azure Metering Service; or GCP Service Control — abstracting the platform-specific differences into one consistent interface.,Related: Usage Record; Usage Metering; Metering Dimension; BatchMeterUsage API — AWS; Marketplace Metering Service API — Azure; Service Control API — GCP,https://doc.suger.io/get-started/metering/,2026-06-23
Suger Buyer Service,suger,A dedicated procurement management portal within Suger for enterprise buyers to manage the cloud marketplace purchasing lifecycle — separate from the ISV-facing Suger Console. It covers five stages: creating purchase requests; routing them through internal review and approval workflows; receiving and accepting vendor private offers; managing active entitlements post-purchase; and tracking invoices and payments. Supports AWS; Azure; GCP; and Alibaba marketplaces.,Related: Suger Console; Entitlement; Buyer; Buyer Wallet; Private Offer,https://doc.suger.io/as-buyer/buyer-journey/,2026-05-26
Insulin,suger,Suger's AI-powered workspace embedded in the Suger Console; designed for ISVs operating across cloud marketplaces. Provides an AI chat interface with streaming responses and tool execution; specialized agents for marketplace tasks; shared team channels for multi-user collaboration; and Jobs — automated recurring agent runs that fire on a schedule or in response to external events. A built-in Skills & Marketplace catalog lets users install pre-built agents and instruction files with a single click.,AWS equivalent: AI Agents & Tools — AWS | Azure equivalent: AI Apps and Agents — Azure | GCP equivalent: AI Agent Listing — GCP | Related: Insulin Agent — Suger; Insulin Jobs — Suger; Insulin Channel — Suger; Insulin Skill — Suger; Insulin Marketplace — Suger,https://doc.suger.io/insulin/,2026-08-17
Suger Chrome Extension,suger; integrations,A Chrome browser extension that surfaces Suger functionality in a persistent side panel without leaving the active webpage. Provides context-aware AI assistance tied to the current page; slash command skill execution; and CRM integrations — displaying live marketplace records (offers; entitlements; referrals; funding) inside Salesforce and HubSpot. Supports multi-organization switching; workflow initiation for offers and co-sell referrals; and autonomous multi-step actions that require explicit user approval before executing.,Related: Suger Console; Insulin; CRM Enrichment,https://doc.suger.io/chrome-extension/quick-guide/,2026-05-26
SaaS Contracts with Pay-As-You-Go (Overages) — AWS,aws; offers; billing,A SaaS pricing model that combines a committed contract (entitlement quantities purchased upfront) with unlimited overage consumption billed through the Metering API. Unlike SaaS Subscription; the buyer commits to defined quantities; unlike SaaS Contract; additional usage above the committed quantity is billed per-unit via BatchMeterUsage. Requires both the GetEntitlements API (to check contracted quantities) and the BatchMeterUsage API (to bill overages) — the only SaaS pricing model requiring both APIs simultaneously.,Azure equivalent: Flat Rate Pricing — Azure | GCP equivalent: Combined Pricing — GCP | Related: SaaS Contract Pricing — AWS; SaaS Subscription Pricing — AWS; GetEntitlements API — AWS; BatchMeterUsage API — AWS,https://docs.aws.amazon.com/marketplace/latest/userguide/saas-contracts.html,2026-08-31
SaaS Free Trial — AWS,aws; offers,A free trial option configurable on SaaS Subscription and SaaS Contract AWS Marketplace listings. The buyer registers via the standard AMMP registration token flow; when the trial period ends; the listing automatically converts to paid or expires. The SNS `subscribe-success` notification includes an `isFreeTrialTermPresent` flag indicating an active trial; allowing ISV backends to distinguish trial from paid subscriptions during entitlement checks.,Snowflake equivalent: Limited Trial Listing — Snowflake | Related: SaaS Subscription Pricing — AWS; SaaS Contract Pricing — AWS,https://docs.aws.amazon.com/marketplace/latest/userguide/saas-free-trials.html,2026-08-31
Private Marketplace — AWS,aws; procurement,An enterprise governance feature that allows AWS administrators to restrict which AWS Marketplace listings employees can purchase. IT and procurement teams curate an approved catalog; any listing not on the approved list is blocked at purchase time regardless of whether the employee can find it in Marketplace. Sellers can request inclusion on a buyer's Private Marketplace through the standard AWS Marketplace listing process.,Related: AWS Marketplace — AWS; Private Offer,https://docs.aws.amazon.com/marketplace/latest/buyerguide/private-marketplace.html,2026-06-02
Seller Data Delivery Service (SDDS) — AWS,aws; operations,The current-generation data delivery pipeline for AWS Marketplace sellers; replacing the legacy Marketplace Data Feed Service (MDFS). SDDS delivers daily reports — including disbursements; subscriber activity; and usage data — to a seller-specified S3 bucket via automated batch delivery. It is the primary reporting infrastructure for sellers managing revenue reconciliation and analytics.,Replaces: Marketplace Data Feed Service (MDFS) — AWS | Related: AWS Marketplace — AWS; Disbursement,https://docs.aws.amazon.com/marketplace/latest/userguide/data-feed.html,2026-06-02
AWS Data Exchange — AWS,aws; offers; integrations,An AWS service that enables ISVs to publish; license; and deliver data products — including datasets; APIs; Amazon S3 objects; and Amazon Redshift queries — to AWS customers via AWS Marketplace. Data Exchange listings are a distinct product type from SaaS; AMI; and container listings; subscription management is handled through the AWS Data Exchange console; not Seller Central.,Related: AWS Marketplace — AWS,https://docs.aws.amazon.com/marketplace/latest/userguide/data-products.html,2026-06-02
EKS Add-On — AWS,aws; offers; integrations,A container product delivery type that allows ISVs to list their software as an installable add-on directly within the Amazon EKS console. Buyers discover; purchase; and deploy the add-on from EKS cluster management without navigating the Marketplace catalog separately. Updates and versioning are managed through the EKS add-on lifecycle; not the standard container image pull workflow.,Related: AWS Marketplace — AWS,https://docs.aws.amazon.com/marketplace/latest/userguide/container-based-products.html,2026-06-02
Change Set — AWS,aws; operations; integrations,The core operational unit of the AWS Marketplace Catalog API — a batch of one or more change requests (e.g.; updating listing details; adding pricing tiers; adding versions) submitted as an atomic transaction. Amazon EventBridge emits change set lifecycle events — ChangeSetSucceeded; ChangeSetFailed; ChangeSetCancelled — from the aws.marketplace-catalog source; enabling automated pipeline monitoring of publish and update operations.,Related: AWS Marketplace Catalog API — AWS; Amazon EventBridge Marketplace Integration — AWS,https://docs.aws.amazon.com/marketplace/latest/APIReference/welcome.html,2026-06-02
AWS European Sovereign Cloud Marketplace — AWS,aws; operations,A separate AWS Marketplace partition purpose-built for EU data sovereignty requirements; active as of 2026. ISVs must register independently from the standard AWS Marketplace — a separate seller account and listing are required even if the ISV is already registered on the main Marketplace. All data remains within EU borders and the partition operates under distinct regulatory guarantees.,Related: AWS Marketplace — AWS,https://docs.aws.amazon.com/marketplace/latest/userguide/what-is-marketplace.html,2026-06-02
SaaS Free — AWS,aws; offers; billing,An AWS Marketplace SaaS pricing model where all metering dimensions are priced at $0.00. Free SaaS products still require the full AMMP entitlement and fulfillment integration — including registration token handling; SNS subscription confirmation; and entitlement checks — even though no charge is generated. Used for freemium products or ISVs distributing tools at no cost through Marketplace.,Related: SaaS Subscription Pricing — AWS; SaaS Contract Pricing — AWS,https://docs.aws.amazon.com/marketplace/latest/userguide/saas-product-customer-experience.html,2026-06-02
Billing Adjustment — AWS,aws; billing; operations,A post-transaction correction mechanism in AWS Marketplace that allows sellers to modify charges after a transaction has been processed. Used to correct mispriced deals; apply credits; or adjust usage records after the billing cycle. Amazon EventBridge emits Billing Adjustment Completed and Billing Adjustment Failed events from the aws.marketplace-catalog source to notify ISVs of adjustment outcomes.,Related: Amazon EventBridge Marketplace Integration — AWS; Disbursement,https://docs.aws.amazon.com/marketplace/latest/userguide/buyer-private-offers.html,2026-06-02
Azure Virtual Machine Offer — Azure,azure; offers,A transactable Microsoft Marketplace listing type for VM-based software solutions. Pricing models include per-hour VM-core or vCPU billing; software reservation pricing (1–5 year via VMSR); and pay-as-you-go. Azure VM Offers are distinct from Azure Application offers (which include Managed Application and Solution Template plan types) and from SaaS offers.,AWS equivalent: Amazon Machine Image (AMI) — AWS | Related: Azure Managed Application — Azure; VM Software Reservation (VMSR) — Azure; Microsoft Marketplace — Azure,https://learn.microsoft.com/en-us/partner-center/marketplace-offers/publisher-guide-by-offer-type,2026-08-31
VM Software Reservation (VMSR) — Azure,azure; offers; billing,An ISV-configurable 1–5 year discount on VM software license fees published on Microsoft Marketplace. Buyers pay a discounted per-hour software rate in exchange for a term commitment; Azure infrastructure cost is billed separately. VMSR is supported on Resale-Enabled Offers; allowing channel partners to transact software reservations for end customers. The discounted software rate — not list price — is what Microsoft pays the ISV.,Related: Azure Virtual Machine Offer — Azure; Resale-Enabled Offer — Azure; Microsoft Marketplace — Azure,https://learn.microsoft.com/en-us/partner-center/marketplace-offers/azure-vm-software-reservations,2026-06-02
Solution Template — Azure,azure; offers,An Azure Application offer plan type that deploys a coordinated set of Azure resources (VMs; networking; storage; services) via an ARM template. Unlike Managed Application plans; Solution Templates are not directly transactable — they cannot be priced or purchased through Marketplace. ISVs use them to orchestrate free-to-deploy infrastructure patterns alongside a separately transactable offer.,Related: Azure Managed Application — Azure; Microsoft Marketplace — Azure,https://learn.microsoft.com/en-us/partner-center/marketplace-offers/plan-azure-application-offer,2026-06-02
AI Apps and Agents — Azure,azure; offers,A dedicated Microsoft Marketplace category and certification layer for AI and agentic solutions; surfaced in Azure Portal; Azure AI Foundry; Microsoft 365 Copilot; and Teams. Publishers choose between two deployment subtypes — Azure Agents (infrastructure-side; running on Azure compute) and Microsoft 365/Copilot Agents (client-side; integrated with Microsoft 365 surfaces) — and must select an underlying transactable offer type (SaaS; Container; VM; or Azure Application) before the AI Apps and Agents category layer is applied. The Standard Contract for Cloud Marketplace was extended in March 2026 to explicitly cover AI Apps and Agents offers. ISVs listing AI solutions here gain placement in AI-native discovery surfaces alongside the standard Marketplace catalog.,AWS equivalent: AI Agents & Tools — AWS | GCP equivalent: AI Agent Listing — GCP | Suger equivalent: Insulin | Related: Microsoft Marketplace — Azure; ISV Success Program — Azure; Azure Container Offer (Kubernetes Application) — Azure,https://learn.microsoft.com/en-us/partner-center/marketplace-offers/artificial-intelligence-apps-agents-publish,2026-08-17
Product Ingestion API — Azure,azure; operations; integrations,Microsoft's unified REST API for programmatic offer management in Partner Center; replacing the legacy Cloud Partner Portal (CPP) API. Enables ISVs to create; update; and publish Microsoft Marketplace offers without using the Partner Center UI. Supports all transactable offer types including SaaS; Azure VM; Azure Application; and Container. The Azure equivalent of the AWS Marketplace Catalog API.,AWS equivalent: AWS Marketplace Catalog API — AWS | Related: Partner Center — Azure; Microsoft Marketplace — Azure,https://learn.microsoft.com/en-us/partner-center/marketplace-offers/product-ingestion-api,2026-06-02
Private Offer — Azure,azure; offers,A direct ISV-to-customer custom-priced Microsoft Marketplace offer. The ISV creates a private offer in Partner Center for a specific customer; configuring a custom price; discount; or terms on top of an existing published plan. Distinct from Private Plan (a hidden plan within a published offer) and from Multiparty Private Offer (a tri-party ISV+partner+customer deal). Private Offer is the bilateral foundation on which MPO and Resale-Enabled Offers are built. As of July 6; 2026; SaaS and Professional Services private offers support custom contract lengths from 1–120 months (up to 10 years); including non-standard durations; raising the prior 5-year cap.,AWS equivalent: Private Offer — AWS | GCP equivalent: Private Offer — GCP | Related: Multiparty Private Offer (MPO) — Azure; Private Plan — Azure; Microsoft Marketplace — Azure,https://learn.microsoft.com/en-us/partner-center/marketplace-offers/isv-customer-private-offers,2026-07-20
Metered Billing — Azure,azure; billing; integrations,Microsoft Marketplace's consumption-based billing model for SaaS and Azure Managed Application offers. ISVs define up to 30 custom metering dimensions (e.g.; API calls; active users; processed GB) and report usage via the Marketplace Metering Service API. Reported usage is billed directly to the buyer's Azure subscription. Metered billing cannot be combined with free trial offers; and dimension overage reporting must be submitted within 24 hours of the billing period end.,AWS equivalent: BatchMeterUsage API — AWS | GCP equivalent: Service Control API — GCP | Related: Marketplace Metering Service API — Azure; Metering Dimension,https://learn.microsoft.com/en-us/partner-center/marketplace-offers/marketplace-metering-service-apis,2026-06-02
Solutions Partner Designation — Azure,azure; cosell,Microsoft's competency-replacement program for partners; replacing Gold and Silver competencies retired September 2022. Partners earn designations by meeting a point threshold across performance; skilling; and customer success categories — assessed monthly. Designations are available across six solution areas: Azure Infrastructure; Digital & App Innovation; Data & AI; Business Applications; Modern Work; and Security. PRACR eligibility and certain co-sell benefit tiers require a Solutions Partner Designation. Starting end of July 2026; all four Security specializations move from self-attestation to a partner-funded independent third-party audit every 2 years; with a binary Pass/No Pass outcome. For FY27; Microsoft is merging several specializations (Analytics with Data Warehouse Migration; Low Code with Intelligent Automation into 'Agentic Business Solutions'; Kubernetes with Migrate Enterprise Applications into 'App Modernization') and adding a new Agentic Security Specialization; with affected partners auto-enrolled into the merged specialization under their existing designation. Designation and benefits-package renewals also move to a standardized 30-day pre-anniversary-date (AD-30) window. As of July 31; 2026; Microsoft also removed the Azure Consumed Revenue (ACR) threshold for SMB-track eligibility across the Data & AI; Digital & App Innovation; and Infrastructure (Azure) solution paths — partners with at least 80% of customers in SMB/SMC-C segments now qualify for the SMB track without meeting the prior ACR minimum. In August 2026; Microsoft renamed the customer-facing badges for these designations to align with three commercial solution areas — AI Business Solutions; Cloud & AI Platforms; and Security — while the underlying six solution paths; requirements; and scoring are unchanged.,AWS equivalent: AWS Specialization — AWS | GCP equivalent: Google Cloud Partner Network Competency — GCP | Related: Partner Reported Azure Consumed Revenue (PRACR) — Azure; Microsoft AI Cloud Partner Program (MPN) — Azure; Co-sell Eligible / Incentivized — Azure,https://learn.microsoft.com/en-us/partner-center/membership/solutions-partner-overview,2026-08-31
Agency Fee Discount for Renewals — Azure,azure; billing,A Microsoft Marketplace transaction fee reduction for private offer renewals. Standard private offers carry a 3% Microsoft agency fee; qualifying renewal private offers are discounted to 1.5% — a 50% reduction. The discount applies when an ISV renews an existing private offer for the same customer at renewal rather than creating a net-new private offer.,Related: Private Offer — Azure; Marketplace Rewards — Azure; Microsoft Marketplace — Azure,https://learn.microsoft.com/en-us/partner-center/marketplace-offers/isv-customer-private-offers,2026-06-02
Standard Contract Amendment — Azure,azure; procurement,A publisher-specific addendum that ISVs attach to the Microsoft Standard Contract for Cloud Marketplace (SCMC) to modify or supplement standard terms. Once a SaaS or other offer is published under the Standard Contract; switching to fully custom terms is blocked — the amendment is the only customization path. ISVs commonly use amendments for data processing addenda; jurisdiction-specific clauses; or enterprise liability caps.,Related: Standard Contract — Azure; Standard Contract (SCMP) — AWS,https://learn.microsoft.com/en-us/partner-center/marketplace-offers/standard-contract,2026-06-02
CSP Private Offer — Azure,azure; offers; channel,A bilateral ISV-to-CSP-partner pricing agreement on Microsoft Marketplace. The ISV sets a wholesale price for a Cloud Solution Provider (CSP) to resell to end customers; the CSP adds their own margin on top. Distinct from the standard CSP channel (list-price resell with no ISV-set wholesale price) and from Multiparty Private Offer (a tri-party ISV+partner+customer deal). Managed through a separate Private Offers tab in Partner Center and visible to authorized CSP partners in Partner Center Marketplace.,Related: Multiparty Private Offer (MPO) — Azure; Cloud Solution Provider (CSP) — Azure; Private Offer — Azure,https://learn.microsoft.com/en-us/partner-center/marketplace-offers/csp-commercial-marketplace-offers,2026-08-03
AI Agent Listing — GCP,gcp; offers,A first-class Google Cloud Marketplace listing type for AI agents; distinct from SaaS; VM; and Kubernetes product types. Announced at Google Cloud Next '26; AI Agent Listings allow ISVs to publish conversational and autonomous AI agents that buyers can deploy and integrate with Google Cloud AI services. Listings require an Agent Card JSON spec file and are discoverable through Google Cloud Marketplace and Google Agentspace.,AWS equivalent: AI Agents & Tools — AWS | Azure equivalent: AI Apps and Agents — Azure | Suger equivalent: Insulin | Related: Agent Card — GCP; GCP Marketplace — GCP; Agentic Earnings Hub — GCP,https://docs.cloud.google.com/marketplace/docs,2026-08-17
Agent Card — GCP,gcp; integrations,A JSON specification file required to list an AI agent on Google Cloud Marketplace. The Agent Card describes the agent's capabilities; input/output schemas; authentication requirements; and supported protocols (including A2A). It is the discovery and interoperability artifact for AI agent listings — analogous to an OpenAPI spec for REST APIs.,Related: AI Agent Listing — GCP; Agent2Agent (A2A) Protocol — GCP; GCP Marketplace — GCP,https://docs.cloud.google.com/marketplace/docs,2026-06-02
Agent2Agent (A2A) Protocol — GCP,gcp; integrations,Google's open protocol for AI agent interoperability; enabling ISV-built agents to communicate and collaborate with Gemini Enterprise and other Google AI agents in the same ecosystem. A2A agents are discoverable via Agent Cards and can participate in multi-agent workflows. ISV agents that support A2A can integrate with Google Agentspace; Vertex AI Agent Builder; and enterprise orchestration pipelines via a standardized communication interface.,Related: Agent Card — GCP; AI Agent Listing — GCP; Agentic Earnings Hub — GCP,https://docs.cloud.google.com/marketplace/docs,2026-06-02
App Lifecycle Manager — GCP,gcp; integrations,An optional Google Cloud Marketplace integration layer that automates tenant provisioning; configuration; and deprovisioning for SaaS ISV backends. When a buyer purchases a listing with App Lifecycle Manager enabled; GCP sends structured lifecycle events to the ISV's registered endpoint — replacing manual Procurement API polling. Reduces integration complexity for multi-tenant SaaS architectures.,Related: Procurement API — GCP; GCP Marketplace — GCP; Producer Portal — GCP,https://docs.cloud.google.com/marketplace/docs/partners/integrated-saas/backend-integration,2026-06-02
Insulin Jobs — Suger,suger,An automated execution system within Suger Insulin that connects an Insulin Agent to a trigger and runs the agent when the trigger fires — without manual intervention. Supports three trigger modes: manual (on-demand run); cron schedule (recurring time pattern); and external push event (webhook or event signal from an external system). Jobs enable ISV operations teams to automate recurring marketplace tasks — monitoring entitlements; generating reports; flagging stale co-sell referrals — as background processes that run independently of the Insulin Chat interface.,Related: Insulin Agent — Suger; Insulin Chat — Suger; Insulin Channel — Suger; Insulin Skill — Suger,https://doc.suger.io/insulin/jobs/,2026-08-17
Insulin Agent — Suger,suger,The named unit of work within Suger's Insulin platform — an AI specialist with a defined role; system prompt; model configuration; and optional tool access. Insulin ships with 20+ pre-built agents organized by function (development; productivity; data; analytics; sales; business; security); and supports fully custom agent creation. Agents can be invoked manually in chat; triggered via an Insulin Job; or assigned to run within an Insulin Channel. Role-based permissions (Admin; Editor; User) control who can edit or use each agent; with ownership transfer supported. Pre-built and community agents are available to install through the Insulin Marketplace.,Related: Insulin; Insulin Jobs — Suger; Insulin Channel — Suger; Insulin Skill — Suger; Insulin Marketplace — Suger,https://doc.suger.io/insulin/agents/,2026-08-17
Insulin Channel — Suger,suger,A persistent; multi-user and multi-agent group conversation space within Suger's Insulin platform. Channels support role-based access control and up to 20 agents simultaneously; enabling collaborative workflows where multiple team members and multiple specialized agents operate in shared context. Distinct from a direct 1:1 agent chat — Channels are designed for ongoing operational processes such as a nightly deal review or a revenue operations war room.,Related: Insulin; Insulin Agent — Suger; Insulin Jobs — Suger; Insulin Skill — Suger; Insulin Marketplace — Suger,https://doc.suger.io/insulin/channels/,2026-08-17
Account Mapping — Suger,suger; cosell,A Suger feature that maps ISV CRM accounts to cloud partner accounts across AWS; Azure; and GCP to identify co-sell opportunities in the ISV's existing customer and prospect base. Shipped April 2026. Account Mapping surfaces potential co-sell engagements by finding overlaps between the ISV's pipeline and cloud partner account data — a prerequisite step before co-sell referral submission in many motions.,Related: Co-sell; APN Customer Engagements (ACE) — AWS; CRM Enrichment; Suger Console,https://doc.suger.io/get-started/,2026-06-02
Solutions Partner with Certified Software Designation — Azure,azure; cosell,A Microsoft partner credential introduced in 2026 that is required for net-new access to Partner Reported Azure Consumed Revenue (PRACR) and expanded co-sell incentive tiers. It is distinct from the general Solutions Partner Designation: partners must hold a transactable Microsoft Marketplace offer or qualify for IP co-sell eligibility; pass a technical interoperability audit; and maintain the credential across four solution areas (Azure; Data & AI; Digital & App Innovation; Business Applications) plus eleven Industry AI verticals. Unlike the general Solutions Partner Designation — which is assessed monthly against points — the Certified Software Designation requires a formal audit and is tied directly to the ISV's active Marketplace offer.,Related: Solutions Partner Designation — Azure | Related: Partner Reported Azure Consumed Revenue (PRACR) — Azure | Related: Co-sell Eligible / Incentivized — Azure,https://learn.microsoft.com/en-us/partner-center/referrals/solutions-partner-certified-software-designations-introduction,2026-08-03
Azure Container Offer (Kubernetes Application) — Azure,azure; offers,A transactable Azure Marketplace offer type for Kubernetes-based software deployed on Azure Kubernetes Service (AKS); using CNAB (Cloud Native Application Bundle) packaging for multi-container solutions. This replaced the legacy Docker container image offer type; which was retired in January 2024; all new container listings must use the Kubernetes Application format. Publishers choose from six predefined billing models (flat-rate monthly/annual; per-pod/core/node metered; plus custom dimension metered billing) and can optionally enable CSP resell and IP co-sell eligibility. The offer type is a certification and discovery layer — it does not deploy infrastructure directly but provides the marketplace billing and entitlement mechanics on top of the customer's existing AKS cluster.,Related: Microsoft Marketplace — Azure | Related: Plan — Azure | Related: Standard Contract Amendment — Azure,https://learn.microsoft.com/en-us/partner-center/marketplace-offers/marketplace-containers,2026-08-03
Estimated Azure Consumption (EAC) — Azure,azure; cosell,A percentage-based proxy metric that Microsoft Partner Center uses to calculate each customer's Estimated Monthly Azure Consumed Revenue for PRACR reporting. Partners configure their EAC% per eligible deal in Partner Center — it represents the proportion of the customer's monthly contract value attributable to underlying Azure infrastructure consumption. The EAC% replaces ad-hoc monthly ACR submission workflows introduced in 2026 and is set once per deal registration rather than re-submitted monthly. Microsoft applies the configured EAC% to the monthly contract value to produce the reportable ACR figure used in PRACR claims.,Related: Partner Reported Azure Consumed Revenue (PRACR) — Azure | Related: Azure Consumed Revenue (ACR) — Azure | Related: Solutions Partner with Certified Software Designation — Azure,https://learn.microsoft.com/en-us/partner-center/referrals/how-to-update-estimated-azure-consumption,2026-08-03
Partner Greenfield Program (PGP) — AWS,aws; cosell; funding,A multi-year AWS co-investment program for partners building new customer acquisition practices in three priority areas: Migration and Modernization; Generative AI; and Security. PGP provides financial co-investment; enablement resources; and AWS field alignment over multiple funding cycles; targeting partners who are building net-new revenue streams rather than scaling existing ones. It is distinct from per-deal funding mechanisms like MAP (which funds customer migrations) or POC Funding (which funds pre-sales technical work) — PGP funds the partner's internal practice development and go-to-market infrastructure over a sustained period.,Related: Migration Acceleration Program (MAP) — AWS | Related: Marketing Development Funds (MDF) — AWS | Related: ISV Accelerate — AWS,https://aws.amazon.com/partners/programs/partner-greenfield/,2026-08-03
Business Outcomes Xcelerator (BOX) Program — AWS,aws; cosell; funding,An AWS partner program providing milestone-based financial support — up to $70; 000 in combined cash incentives and AWS credits — for partners developing solutions targeted at line-of-business (LOB) buyers rather than IT infrastructure buyers. Partners receive support at defined delivery milestones (solution design; build; and go-to-market readiness) rather than as a lump-sum grant. Expanded in 2026 to include Business Consulting and Advisory Partners in addition to ISVs. BOX is distinct from MAP (migration funding) and MDF (marketing reimbursement) — it funds solution development and LOB go-to-market motion specifically.,Related: Marketing Development Funds (MDF) — AWS | Related: Partner Greenfield Program (PGP) — AWS | Related: ISV Accelerate — AWS,https://aws.amazon.com/partners/business-outcomes/,2026-08-03
AWS AI Competency — Agentic AI Categories — AWS,aws; cosell,Three sub-categories added to the AWS AI Specialization in 2026 — Agentic AI Applications; Agentic AI Tools; and Agentic AI Consulting Services — each representing a distinct validated expertise track within the broader AI Competency. Partners earning any of these categories receive $25; 000 in additional MDF per category beyond the base AI Competency benefits; plus dedicated placement on the AWS Marketplace AI Agents discovery page. These categories are part of AWS's strategy to differentiate AI-native partners building agentic workloads from general ML or analytics partners; and are independent of each other — a partner can hold one; two; or all three simultaneously.,Related: AWS Competency — AWS | Related: ISV Accelerate — AWS | Related: Marketing Development Funds (MDF) — AWS,https://aws.amazon.com/blogs/apn/new-agentic-ai-categories-for-aws-ai-competency-partners/,2026-08-03
AWS Marketplace Billing Transfer — AWS,aws; billing; offers,An AWS Billing and Cost Management feature announced at re:Invent 2025 that enables MSPs and channel partners to centralize AWS Marketplace billing across their end customers into a single consolidated billing account. For marketplace sellers; the key operational boundary is that their listing fees; revenue; and customer data are never transferred to or visible within the bill transfer account — the billing transfer relationship exists purely between the channel partner and the buyer's AWS account. Sellers continue to receive disbursements from AWS directly and their Marketplace data remains isolated from the channel partner's billing view.,Related: Channel Partner Private Offer (CPPO) — AWS | Related: Resale Authorization — AWS | Related: Disbursement,https://docs.aws.amazon.com/marketplace/latest/userguide/billing-transfer-faq-for-seller.html,2026-08-03
Google Cloud Partner Network Diamond Tier — GCP,gcp; cosell,The highest tier of the 2026 Google Cloud Partner Network (rebranded from Partner Advantage at Google Cloud Next '26); sitting above Select and Premier tiers. Diamond Tier has four specific threshold requirements: $20M in partner co-sell influenced ACV; 20 implemented customer workloads; 30 co-sell influenced opportunities; and 200 professional certifications. Partners qualifying for Diamond Tier receive priority co-sell support; exclusive Google Cloud field alignment; and the highest benefit tier in the partner program. The tier determination is outcome-based — assessed against the four thresholds — and is independent of which competencies a partner holds.,Related: Google Cloud Partner Network — GCP | Related: Google Cloud Partner Network Competency — GCP | Related: Build Engagement Model — GCP,https://cloud.google.com/blog/topics/partners/introducing-google-cloud-partner-network/,2026-08-03
Google Cloud Partner Network Competency — GCP,gcp; cosell,The 2026 replacement for GCP Specializations within the Google Cloud Partner Network; consisting of 21 competencies across three categories: 6 Solution Competencies (e.g.; AI; Data; Infrastructure); 5 Product Competencies (tied to specific GCP services); and 10 Industry Competencies. Each competency is evaluated on two dimensions — Capacity (partner certifications and team size) and Capability (validated customer outcomes) — and is independent of GCPN tier level (Select; Premier; or Diamond). A partner can hold competencies at any tier; and competencies influence GCP Marketplace listing visibility; co-sell recommendations; and funding program access.,AWS equivalent: AWS Specialization — AWS | Azure equivalent: Solutions Partner Designation — Azure | Related: Google Cloud Partner Network — GCP | Related: Google Cloud Partner Network Diamond Tier — GCP | Related: Build Engagement Model — GCP,https://cloud.google.com/blog/topics/partners/introducing-google-cloud-partner-network/,2026-08-31
OAuth App — Suger,suger; integrations,Suger's machine-to-machine OAuth 2.0 credential system for authenticating external systems to the Suger API; using the client-credentials grant (RFC 6749 §4.4). An OAuth App consists of a client ID and client secret; the external system exchanges these for an RS256-signed JWT access token with a 1-hour TTL; then passes the token as a Bearer header in API requests. OAuth App is the recommended replacement for the legacy API Key ('Suger API Client') authentication method and is the correct mechanism for backend integrations; automated workflows; and CI/CD pipelines that need to call Suger APIs programmatically.,Related: Integration | Related: Workflow | Related: Suger API Client,https://doc.suger.io/get-started/,2026-08-03
Usage Allocation — AWS,aws; billing,A cost-attribution tagging feature within the AWS Marketplace BatchMeterUsage API that lets sellers split a single customer's metered usage across multiple departments; projects; or environments. Each UsageAllocation object contains an allocated usage quantity and up to five tag key-value pairs; the tags flow through to the buyer's AWS Cost Explorer and Cost and Usage Report; enabling granular cost allocation without requiring separate AWS accounts per business unit. Usage Allocation is available only for SaaS metered products and is optional — sellers can submit BatchMeterUsage records without it. The total allocated quantity across all UsageAllocation objects in a record must equal the overall usage amount for that dimension.,Related: BatchMeterUsage API — AWS | Related: Usage Metering | Related: Metered Billing,https://docs.aws.amazon.com/marketplace/latest/userguide/metering-and-entitlement-apis.html,2026-08-03
Limited Release — AWS,aws; offers,An AWS Marketplace product lifecycle state where a listing has passed technical validation and is published; but is visible only to the seller's own AWS account and any allowlisted test accounts — not to the general marketplace catalog. Limited Release is the pre-public testing phase that allows sellers to verify buyer purchase flows; entitlement provisioning; and SaaS integration before exposing the listing publicly. Transitioning from Limited to Public requires submitting an Update Visibility Change Request; which triggers review by the AWS Seller Operations team before the listing appears in the marketplace.,Azure equivalent: Preview Audience — Azure | Related: Change Request — AWS | Related: Listing | Related: Entitlement,https://docs.aws.amazon.com/marketplace/latest/userguide/ami-getting-started.html,2026-08-31
Change Request — AWS,aws; offers,The formal AWS Marketplace mechanism for submitting modifications to a published product — including pricing updates; version additions; region expansions; and visibility changes (Limited to Public). Change Requests are submitted either through the AWS Marketplace Management Portal UI or programmatically via the AWS Marketplace Catalog API. Processing time varies by change type: pricing and metadata updates typically complete within hours; while visibility changes and new product launches require Seller Operations review. Change Requests are product-level modifications and are distinct from agreement amendments; which modify the terms of an existing buyer contract.,Related: Limited Release — AWS | Related: AWS Marketplace Catalog API — AWS | Related: AWS Marketplace Management Portal (AMMP) — AWS,https://docs.aws.amazon.com/marketplace/latest/userguide/ami-getting-started.html,2026-08-03
Preview Audience — Azure,azure; offers,A Partner Center offer configuration that specifies which Azure tenant IDs or subscription IDs can access and test an offer during the Publisher Sign-off stage; before the offer is published to the live Microsoft Marketplace. Preview Audience is configured per pricing plan in the Pricing and Availability section. During Publisher Sign-off; only accounts matching the Preview Audience list can find and purchase the offer — it does not appear in the marketplace catalog. After sign-off validation; the publisher triggers Go Live to make the offer publicly available and the Preview Audience restriction is removed.,AWS equivalent: Limited Release — AWS | Related: Microsoft Marketplace — Azure | Related: Plan — Azure | Related: SaaS Fulfillment API — Azure,https://learn.microsoft.com/en-us/partner-center/marketplace-offers/test-publish-saas-offer,2026-08-31
Professional Services Offer — Azure,azure; offers,A non-transactable Azure Marketplace and AppSource offer type for listing consulting; implementation; assessment; training; and briefing services from Microsoft certified partners. Unlike SaaS or VM offers; Professional Services offers cannot be purchased directly through the marketplace checkout — they generate a contact request or lead; which initiates an offline sales engagement. Listing is available to partners with a Microsoft AI Cloud Partner Program (MPN) membership and at least one Solutions Partner Designation; co-sell eligibility for Professional Services engagements follows the Azure IP co-sell motion.,AWS equivalent: Professional Services Listing — AWS | Related: Listing; Partner Center — Azure; Solutions Partner Designation — Azure,https://learn.microsoft.com/en-us/partner-center/marketplace/professional-services-offer-listing-best-practices,2026-06-16
Partner-to-Partner (P2P) Co-sell — Azure,azure; cosell,A Microsoft Partner Center program that enables two Microsoft partners to co-sell a combined solution to a shared enterprise customer — where one partner (the selling partner) leads the customer relationship and invites a second partner (the service partner) to collaborate on delivery or technical implementation. Unlike multiparty private offers; P2P co-sell is a referral and collaboration motion rather than a transactable deal structure; the selling partner creates a co-sell opportunity and nominates a service partner; and both accounts track shared pipeline in Partner Center. P2P deals can be co-sell eligible and count toward Microsoft Commerce Incentive (MCI) payouts for the selling partner.,AWS equivalent: Channel Partner Private Offer (CPPO) — AWS | Related: Partner-led Deal — Azure; Multiparty Private Offer (MPO) — Azure; Co-sell Eligible / Incentivized — Azure,https://learn.microsoft.com/en-us/partner-center/referrals/p2p-overview,2026-06-16
Professional Services Listing — AWS,aws; offers,A distinct AWS Marketplace product type for selling time-bound; deliverable-based consulting; implementation; training; and managed services engagements. Unlike SaaS or AMI listings; Professional Services products do not provision software entitlements — instead; the buyer receives a statement of work or engagement scope. Private Offers for Professional Services support both Flexible Payment Schedules and Variable Payments as billing mechanisms; making them the primary vehicle for bundling advisory work alongside software on a single marketplace transaction. As of June 16; 2026; AWS reduced the listing fee for Professional Services private offers from 2.5% to 0.5%; applying to all new private offers across all AWS Regions and currencies. As of March 2026; AWS first-party Professional Services are also available as transactable listings in AWS Marketplace; marking the first time Amazon itself has offered consulting services for purchase through the marketplace alongside third-party ISV and SI listings.,Azure equivalent: Professional Services Offer — Azure | Related: Variable Payments — AWS; Flexible Payment Schedule / Installment Plan; Private Offer,https://aws.amazon.com/about-aws/whats-new/2026/06/reduce-listing-fee-professional-services-aws-marketplace/,2026-07-06
Manufacturer / Proposer Roles — AWS,aws; integrations,Two distinct seller roles in the AWS Marketplace EventBridge notification model that govern which seller account receives which event types. The Manufacturer is the ISV who owns the underlying product and receives License Deprovisioned and usage-related events for final metering. The Proposer is the party — which may be the ISV or a channel partner — who creates and manages the agreement; and therefore receives Agreement Cancellation Request and SCABA-related events. In a direct sale; both roles resolve to the same account; in a CPPO transaction; the Manufacturer and Proposer are different entities; and event routing follows accordingly.,Related: Concurrent Agreements — AWS; Self-service Cancellations and Billing Adjustments (SCABA); Amazon EventBridge Marketplace Integration — AWS,https://docs.aws.amazon.com/marketplace/latest/userguide/saas-notification.html,2026-06-16
License Deprovisioned Event — AWS,aws; integrations,An AWS Marketplace EventBridge notification sent to the Manufacturer's account when a buyer's entitlement is revoked — typically due to agreement cancellation; non-payment; or expiration. Upon receiving this event; sellers have a strict 1-hour window to submit any final usage records via the BatchMeterUsage API before the entitlement is fully deactivated; usage submitted after this window is rejected and cannot be billed. Failure to react within the window results in lost revenue for any unbilled consumption in the current metering period.,Related: Concurrent Agreements — AWS; Manufacturer / Proposer Roles — AWS; BatchMeterUsage API — AWS,https://docs.aws.amazon.com/marketplace/latest/userguide/notifications-eventbridge.html,2026-08-31
AMI Listing — AWS European Sovereign Cloud,aws; offers,The seller registration and publishing workflow for listing Amazon Machine Image (AMI) products on the AWS European Sovereign Cloud Marketplace — an operationally distinct process from standard AWS Marketplace AMI publishing. Sellers must register a separate AWS Marketplace seller account scoped to the EU Sovereign Cloud; re-submit AMI products through a dedicated onboarding flow; and comply with European data residency requirements (data stored exclusively in AWS EU Sovereign Regions). Only AMI products are currently supported for transactable listings in this environment; SaaS products have separate sovereign cloud considerations.,Related: Amazon Machine Image (AMI) — AWS; AWS European Sovereign Cloud Marketplace — AWS; Listing,https://docs.aws.amazon.com/marketplace/latest/userguide/eu-sovereign-cloud.html,2026-06-16
SageMaker Model Listing — AWS,aws; offers,An AWS Marketplace product type for selling pre-trained machine learning models and algorithms that buyers deploy directly into their Amazon SageMaker environment. Sellers package models as SageMaker Model Packages or Algorithm resources; buyers subscribe and deploy without seeing the underlying model artifacts. Pricing is consumption-based; typically on inference endpoint-hours or batch transform job volume; and is billed through AWS Marketplace. This listing type is distinct from SaaS or AMI products and requires SageMaker-specific onboarding through the AWS Marketplace Management Portal.,Related: Listing; Amazon Machine Image (AMI) — AWS; AWS Marketplace — AWS,https://docs.aws.amazon.com/marketplace/latest/userguide/machine-learning-products.html,2026-06-16
'Deployed on AWS' Designation — AWS,aws; cosell,An AWS partner badge awarded to ISVs whose SaaS solutions are built on and delivered from AWS infrastructure; signaling to enterprise buyers that the product runs natively in the AWS cloud. The designation appears on the partner's AWS Marketplace listing and Partner Solutions Finder profile and is used to differentiate cloud-native solutions from on-premises or multi-cloud offerings in buyer discovery. Achieving this badge requires the partner to demonstrate that their production environment runs on AWS and meet a set of technical and business eligibility criteria.,Related: AWS Specialization — AWS; ISV Accelerate — AWS; Listing,https://aws.amazon.com/partners/programs/deployed-on-aws/,2026-06-16
AWS Marketplace Vendor Insights,aws; general,An AWS Marketplace feature that gives enterprise buyers a unified security and compliance profile for a seller's SaaS product — aggregating data from AWS Security Hub; SOC 2 reports; ISO certifications; and seller-attested questionnaire responses into a single dashboard buyers can review before purchasing. Sellers who publish a Vendor Insights profile make their security posture continuously visible to buyers without repeated manual questionnaire responses; buyers can subscribe to profile updates and use the data to accelerate procurement approvals. Vendor Insights profiles are linked directly to the product listing and can be paired with AWS Specialization badges to create a dual-validation signal for compliance-sensitive buyers.,Related: AWS Specialization — AWS; Listing; AWS Marketplace — AWS,https://docs.aws.amazon.com/marketplace/latest/userguide/vendor-insights.html,2026-06-16
Limited Trial Listing — Snowflake,snowflake; offers,A Snowflake Marketplace listing type that gives prospective buyers time-limited or consumption-limited access to a Native App or data product without immediate payment commitment. Providers configure trial duration and access scope; when the trial expires; buyers must convert to a paid listing to retain access. Limited Trial listings are distinct from free-tier listings in that they are explicitly time-bounded and are designed as a conversion funnel entry point for paid Snowflake Marketplace transactions.,AWS equivalent: SaaS Free Trial — AWS | Related: Snowflake Marketplace — Snowflake; Free Trial; Listing,https://docs.snowflake.com/en/collaboration/provider-listings-reference#trial,2026-08-31
Microsoft Preferred Solutions Badge — Azure,azure; cosell; offers,A Microsoft Marketplace badge awarded to ISV solutions that demonstrate outstanding quality; customer impact; and alignment with Microsoft's technology priorities — evaluated annually by Microsoft solution area teams. Preferred Solutions receive increased discoverability in Azure Marketplace and AppSource search results; enhanced co-sell prioritization by Microsoft field sellers; and dedicated promotion in Microsoft sales materials. Earning the badge requires a transactable listing; active co-sell-ready status; strong customer reviews; and nomination or selection by a Microsoft solution area team.,Related: Co-sell Eligible / Incentivized — Azure; ISV Success Program — Azure; Microsoft Marketplace — Azure,https://learn.microsoft.com/en-us/partner-center/marketplace/preferred-solutions,2026-06-16
AWS Specialization: Digital Sovereignty,aws; cosell,An AWS Partner specialization category recognizing ISVs and partners whose solutions help customers meet European and government data sovereignty requirements — including EU data residency; operational sovereignty (cloud management by EU-domiciled personnel); and software sovereignty (solutions deployable in on-premises or disconnected environments). Partners with this specialization gain co-sell prioritization with AWS field teams serving EU public sector; financial services; and regulated enterprise accounts; and are surfaced in the AWS European Sovereign Cloud Marketplace buyer discovery experience. Achieving the designation requires demonstrated customer deployments; technical validation; and alignment with the AWS Digital Sovereignty Pledge criteria.,Related: AWS Specialization — AWS; AWS European Sovereign Cloud Marketplace — AWS; ISV Accelerate — AWS,https://aws.amazon.com/partners/specializations/,2026-08-03
Solution Assessment (SA) Co-sell — Azure,azure; cosell,A structured Microsoft co-sell engagement type where a qualified partner conducts a technical and business assessment of a customer's current environment to recommend a cloud migration or modernization roadmap on Azure. Solution Assessments are a distinct co-sell opportunity subtype in Partner Center — separate from standard IP co-sell referrals — and are funded through a separate Microsoft incentive pool. Partners must be enrolled in the Solution Assessment program and meet Microsoft-approved tooling requirements (typically using the Azure Migrate or assessment toolkits) to submit SA opportunities and claim incentive payouts.,Related: Partner-led Deal — Azure; Co-sell Eligible / Incentivized — Azure; End Customer Investment Funds (ECIF) — Azure,https://learn.microsoft.com/en-us/partner-center/referrals/co-sell-overview,2026-08-03
Buyer Portal — Suger,suger; offers,A white-label; embeddable buyer self-service interface provided by Suger that gives enterprise buyers a unified dashboard to manage all their marketplace entitlements; offers; invoices; and service requests across connected cloud marketplaces. The portal has five sections — Home; Vendors; Offers; Invoices; and Requests — and is designed to be embedded in a seller's customer portal or offered as a standalone buyer-facing URL. ISVs configure branding; domain; and access controls; buyers authenticate and view their active entitlements and payment history without contacting the seller's support team.,Related: Suger Buyer Service; Buyer; Entitlement; Private Offer,https://doc.suger.io/as-buyer/,2026-06-16
Global Search — Suger,suger,A cross-record search interface in the Suger console that allows users to search across entitlements; offers; buyers; organizations; and integrations from a single query bar — without navigating to individual module pages. Global Search returns results ranked by relevance across all connected record types; enabling operators to locate a specific buyer account; trace an entitlement by deal name; or find an offer by product code in a single step. Results link directly to the matching record's detail view.,Related: Suger Console; Entitlement; Offer,https://doc.suger.io/get-started/,2026-06-16
Zuora Integration — Suger,suger; integrations,Suger's native connection to Zuora's subscription billing and revenue management platform; enabling ISVs to sync marketplace entitlement data; usage records; and revenue events between Suger and Zuora without custom engineering. The integration maps Suger entitlement lifecycle events (creation; update; cancellation) to Zuora subscription objects and can push metered usage to Zuora's revenue recognition workflows; supporting unified billing for customers who transact across both cloud marketplace and direct channels.,Related: Billing Integration; Integration; Entitlement,https://doc.suger.io/integrations/zuora/,2026-06-16
Gong Integration — Suger,suger; integrations,Suger's connection to the Gong revenue intelligence platform; enabling ISVs to surface cloud marketplace deal context — active entitlements; private offer status; and renewal timelines — within Gong's call and email intelligence interface. Sales teams using Gong can view relevant Suger marketplace data alongside deal conversations without switching applications; supporting faster qualification and renewal identification for marketplace-sourced pipeline.,Related: CRM Integration; Integration; Entitlement,https://doc.suger.io/integrations/gong/,2026-06-16
DocuSign Integration — Suger,suger; integrations,Suger's connection to DocuSign's e-signature platform; enabling ISVs to trigger DocuSign signature workflows directly from private offer creation in the Suger console. When an offer is created or updated; Suger can automatically route the corresponding order form or addendum to configured signers via DocuSign — streamlining the contract execution step that precedes cloud marketplace acceptance. Signed documents are stored and linked to the offer record in Suger for audit purposes.,Related: Integration; Private Offer; Offer,https://doc.suger.io/integrations/docusign/,2026-06-16
Apollo.io Integration — Suger,suger; integrations,Suger's connection to Apollo.io's sales intelligence and prospecting platform; enabling ISVs to enrich Suger buyer and entitlement records with Apollo contact and company data. The integration allows sales teams to push marketplace-sourced leads (new entitlements; trial sign-ups) into Apollo sequences; or pull Apollo firmographic data into Suger for account segmentation and renewal prioritization — reducing manual data entry between marketplace and outbound sales workflows.,Related: CRM Integration; CRM Enrichment; Integration,https://doc.suger.io/integrations/apollo/,2026-06-16
Datadog Integration — Suger,suger; integrations,Suger's connection to the Datadog observability platform; enabling ISVs to forward marketplace usage; entitlement; and billing events from Suger into Datadog dashboards and alerting workflows. The integration surfaces marketplace-sourced metrics — active entitlements; metering volume; billing anomalies — alongside infrastructure and application telemetry in Datadog; giving engineering and RevOps teams a unified operational view without building custom metric pipelines.,Related: Integration; Usage Metering; Entitlement,https://doc.suger.io/integrations/datadog/,2026-06-16
Auth0 Integration — Suger,suger; integrations,Suger's connection to Auth0's identity and authentication platform; enabling ISVs to use Auth0 as the identity provider for their marketplace landing page and signup URL flow. When a buyer clicks 'Subscribe' on a cloud marketplace listing; the redirect to the seller's landing page can authenticate the buyer through Auth0 before the Suger provisioning flow processes the entitlement. This allows ISVs to enforce SSO; map marketplace buyer identity to existing Auth0 user records; and gate provisioning behind an authenticated session without building a custom identity layer.,Related: Landing Page / Signup URL; Billing Integration; Integration,https://doc.suger.io/integrations/auth0/,2026-08-03
Avalara Integration — Suger,suger; integrations,Suger's real-time tax compliance integration with Avalara AvaTax. A Suger AI agent computes sales tax and VAT on invoices; validates and normalizes customer addresses; and manages the tax transaction commit/void lifecycle — a functionally distinct category from Suger's billing/CRM/dev-tool integrations; none of which handle tax computation.,Related: Invoice; Integration,https://doc.suger.io/integrations/avalara/,2026-07-13
Global System Integrator (GSI),general; cosell,A large professional services and technology firm — such as Accenture; Deloitte; Infosys; Wipro; TCS; Capgemini; IBM; or Cognizant — that designs; implements; and manages complex cloud infrastructure and software deployments for enterprise clients. GSIs are key partners in cloud GTM strategies: they are typically enrolled in multiple hyperscaler partner programs; influence large enterprise purchasing decisions through multi-year transformation engagements; and often co-sell ISV software alongside their own services. ISVs who establish GSI partnerships can access major enterprise accounts and attach their marketplace listings to GSI-led cloud workloads.,Related: System Integrator (SI); Channel Partner (CP); Value Added Reseller (VAR); Partner Relationship Management (PRM) System,https://aws.amazon.com/partners/,2026-06-16
Value Added Reseller (VAR),general; offers,A company that purchases a vendor's product and resells it to end customers with additional value — typically bundled implementation services; customization; training; ongoing support; or integration with other tools. In cloud marketplace contexts; VARs often transact ISV software through channel private offer mechanisms (CPPO on AWS; MPO on Azure; MCPO on GCP) and become the seller of record for their end-customer relationships. VARs are distinct from pure distributors in that they actively add services value; and distinct from GSIs in that they are typically smaller; vertical-focused; or regional rather than global in scope.,Related: Channel Partner (CP); Channel Partner Private Offer (CPPO) — AWS; Multiparty Private Offer (MPO) — Azure; Distributor; Global System Integrator (GSI); Distribution Sell-Out Reseller Reporting (DSOR); Partner Relationship Management (PRM) System,https://docs.aws.amazon.com/marketplace/latest/userguide/channel-partner-offers.html,2026-06-16
Integrated SaaS Listing — Snowflake,snowflake; offers,A Snowflake Marketplace listing type (GA 2026) that allows consumers to discover; trial; and purchase third-party SaaS applications directly from the Snowflake interface; with Snowflake automatically provisioning required database objects and managing integration setup. Unlike standard Snowflake Marketplace data listings; Integrated SaaS listings support free trial activation from the listing page and drawdown against a buyer's existing Snowflake capacity commitment via Marketplace Capacity Drawdown. This model replaces the legacy Snowflake Partner Connect trial flow; unifying discovery; trial; and transactable purchase into a single in-platform experience.,Related: Marketplace Capacity Drawdown (MCD) — Snowflake; Snowflake Marketplace — Snowflake | AWS equivalent: SaaS Subscription Pricing — AWS | Azure equivalent: Subscription — Azure,https://docs.snowflake.com/en/release-notes/2026/other/2026-07-15-integrated-saas-listings-ga,2026-08-17
AWS Marketplace Storefront — AWS,aws; offers,An AWS Marketplace capability (announced AWS Summit New York 2026) that enables ISVs to embed a branded; curated product catalog on their own website backed by AWS Marketplace billing and procurement infrastructure. Customers browse and purchase through the ISV's storefront experience while all transactions settle through AWS Marketplace; counting toward buyers' EDP or other committed spend commitments. The Storefront model lets sellers customize the buying experience with their own branding; pricing copy; and catalog curation while retaining all the co-sell eligibility; disbursement; and committed spend benefits of a standard marketplace transaction.,Related: AWS Marketplace — AWS; Express Private Offer — AWS; Enterprise Discount Program (EDP) — AWS,https://aws.amazon.com/blogs/apn/get-ready-to-sell/,2026-06-22
Pay-Per-Outcome Pricing — AWS,aws; offers,An AWS Marketplace commercial model (announced 2026) that allows ISVs to charge buyers based on measurable business outcomes rather than resource consumption or user seats. Outcome-based pricing uses custom metering dimensions tied to delivered business results — such as cost saved; revenue generated; or anomalies resolved — and typically combines a predictable base subscription fee with variable outcome-metered charges. Designed primarily for agentic SaaS products where traditional per-seat or usage-volume models fail to capture the value delivered; this model requires defining outcome metrics as metering dimensions in the product's pricing plan.,Related: Metered Billing; Metering Dimension; SaaS Subscription Pricing — AWS,https://aws.amazon.com/blogs/apn/agentic-saas-your-next-growth-market-is-already-here/,2026-06-22
Opportunity Quality Score — AWS,aws; cosell,A real-time data-driven metric in AWS Partner Central that scores how well an ACE opportunity submission aligns with patterns of successful co-sell engagements. The score recalculates as partners update submission details and directly determines routing to one of three co-sell motion tiers: AWS Field-engaged (direct AWS seller involvement); Agent-engaged (AI agent support with potential promotion); or Partner-led (partner operates independently with AI assistance). Higher-scoring submissions are more likely to receive direct AWS field seller engagement.,Related: APN Customer Engagements (ACE) — AWS; AWS Marketplace Engagement Score — AWS; Propensity to Buy (PTB) Score,https://aws.amazon.com/blogs/apn/sell-smarter-with-aws/,2026-06-22
Agent-Engaged Opportunity — AWS,aws; cosell,A co-sell motion tier in AWS Partner Central where ACE opportunities are supported by an AI agent rather than assigned to a human AWS field seller. Agent-engaged opportunities receive actionable insights; next-step recommendations; and enrichment suggestions from the Partner Central AI agent; and may be promoted to the Field-engaged tier if the opportunity quality improves or the deal gains strategic significance. This tier sits between Partner-led (no AWS involvement; AI-assisted only) and AWS Field-engaged (direct AWS seller collaboration) in the three-tier co-sell routing model introduced in 2026.,Related: APN Customer Engagements (ACE) — AWS; AWS Partner Central Agents — AWS; Opportunity Quality Score — AWS; Partner-Led Opportunity — AWS,https://aws.amazon.com/blogs/apn/sell-smarter-with-aws/,2026-06-22
Partner-Led Opportunity — AWS,aws; cosell,A co-sell motion tier in AWS Partner Central where an ACE opportunity receives no AWS field seller assignment. The partner operates independently with 24/7 AI agent support via Partner Central — receiving insights; recommendations; and best practices from the Partner Central AI — but without direct human AWS seller involvement. Partner-led is the lowest tier in the three-tier opportunity routing model (below Agent-engaged and Field-engaged) and is typically assigned when the Opportunity Quality Score is insufficient to qualify for higher tiers or when the deal does not meet AWS co-sell criteria.,Azure equivalent: Partner-led Deal — Azure | Related: Agent-Engaged Opportunity — AWS; APN Customer Engagements (ACE) — AWS; Opportunity Quality Score — AWS,https://aws.amazon.com/blogs/apn/sell-smarter-with-aws/,2026-08-31
Express Private Offer Extension — AWS,aws; offers; cosell,An AWS Marketplace capability (announced AWS Summit New York 2026) that allows AWS sales representatives to extend personalized custom pricing invitations directly to customers; automating the private offer workflow from the AWS side. Unlike standard Express Private Offers — which are ISV-initiated — this mechanism is triggered by an AWS rep within Partner Central; pre-populating offer terms based on the customer's account and existing commitments. The rep-initiated flow is designed to reduce deal-closure friction on co-sell opportunities by eliminating manual coordination between the ISV and AWS rep to initiate a custom pricing conversation.,Related: Express Private Offer — AWS; Private Offer; APN Customer Engagements (ACE) — AWS,https://aws.amazon.com/blogs/apn/get-ready-to-sell/,2026-06-22
AWS Marketplace List & Sell Incentive — AWS,aws,A cost-offset funding program (announced AWS Summit New York 2026) that reimburses AWS Marketplace partners for expenses associated with creating a new marketplace listing; expanding to new countries; or adding self-service purchase features. The incentive targets listing integration and go-live costs — such as SaaS fulfillment API integration; metering setup; and legal/contract work — reducing the financial barrier to marketplace entry for new ISVs and for existing ISVs expanding their geographic or product footprint.,Related: AWS Partner Funding — AWS; Marketing Development Funds (MDF) — AWS; ISV Accelerate — AWS,https://aws.amazon.com/blogs/apn/get-ready-to-sell/,2026-06-22
Business Value Realization (BVR) Motion — AWS,aws; cosell,An AWS Services Partner program (announced AWS Summit New York 2026) that helps eligible partners shift from project-delivery billing to outcome-based engagement models. The BVR Motion includes a Business Value Realization Toolkit with industry-specific templates and benchmarks; a new AWS BVR Competency designation; outcome-tied funding (up to $50K MDF for the 2026–2027 period); and a dedicated Partner Success Specialist. Eligibility requires demonstrated customer success excellence and completion of BVR learning requirements. The program is distinct from ISV-focused programs — it targets AWS Services Partners and GSIs who want to prove and quantify customer ROI post-implementation.,Related: Business Value Realization (BVR) Competency — AWS; ISV Accelerate — AWS; Marketing Development Funds (MDF) — AWS; Strategic Collaboration Agreement (SCA) — AWS; Global System Integrator (GSI),https://aws.amazon.com/blogs/apn/accelerate-customer-outcomes-with-the-aws-business-value-realization-motion/,2026-08-03
GCP AI Agents Program — GCP,gcp; cosell,A Google Cloud partner program (announced Google Cloud Next 2026) designed for ISVs building and commercializing AI agents on the Google Cloud platform. The program includes a rapid agent deployment framework; a structured onboard-commercialize-discover path; a $750 million partner fund for agentic development; and Google Sales co-sell incentivization for certified agents. Partners completing the program receive the Google Cloud Ready — Gemini Enterprise designation; which lists their agents in the Gemini Enterprise Agent Gallery for direct discovery and procurement by enterprise customers.,Related: Google Cloud Ready — Gemini Enterprise Designation — GCP; Agent Gallery — GCP; GCP Marketplace — GCP; Google Cloud Partner Network — GCP,https://cloud.google.com/blog/products/ai-machine-learning/partner-built-agents-available-in-gemini-enterprise,2026-06-22
Agent Gallery — GCP,gcp; offers,A curated hub within the Gemini Enterprise application where enterprise customers discover and procure partner-built AI agents certified under the Google Cloud Ready — Gemini Enterprise designation. The Agent Gallery is distinct from the standard Google Cloud Marketplace console — it is integrated directly into the Gemini Enterprise workflow; allowing enterprise users to discover; evaluate; and activate partner agents without leaving their Gemini environment. Google Sales representatives are incentivized to recommend and co-sell agents listed in the gallery; making gallery placement a co-sell activation milestone for ISVs in the GCP AI Agents Program.,Related: GCP AI Agents Program — GCP; Google Cloud Ready — Gemini Enterprise Designation — GCP; AI Agent Listing — GCP; Agent Card — GCP,https://cloud.google.com/blog/products/ai-machine-learning/partner-built-agents-available-in-gemini-enterprise,2026-06-22
Google Cloud Ready — Gemini Enterprise Designation — GCP,gcp; cosell,A Google Cloud partner certification badge awarded to AI agents that pass a four-step evaluation covering basic functionality; output accuracy; autonomous execution capability; and enterprise security and compliance standards. Certified agents are listed in the Gemini Enterprise Agent Gallery; providing commercial discoverability within the Gemini Enterprise application and eligibility for Google Sales co-sell incentivization. The designation is part of the GCP AI Agents Program introduced at Google Cloud Next 2026.,Related: GCP AI Agents Program — GCP; Agent Gallery — GCP; Google Cloud Partner Network Competency — GCP,https://cloud.google.com/blog/products/ai-machine-learning/partner-built-agents-available-in-gemini-enterprise,2026-06-22
Insulin Skill — Suger,suger,An instruction file — implemented as a Markdown document — that provides Suger Insulin agents with specialized knowledge; procedures; and domain expertise for specific cloud GTM workflows. Agents automatically discover and load relevant skills based on conversation context without requiring manual invocation. Skills can be created by uploading a Markdown or `.zip` file; building interactively with an agent; importing from a GitHub repository; installing from the Insulin Marketplace catalog; or importing from the public SkillsMP registry (skillsmp.com). Once installed; a skill's content becomes part of the agent's active context for all relevant conversations in that workspace.,Related: Insulin Agent — Suger; Insulin Marketplace — Suger; Insulin; Insulin Jobs — Suger,https://doc.suger.io/insulin/marketplace/,2026-08-17
Insulin Marketplace — Suger,suger,A curated catalog of pre-built agents and skills within the Suger Insulin workspace for common cloud GTM workflows. Users browse; install with a single click; and customize installed items — each installation copies the agent's system prompt; configuration; conversation starters; and icon into the user's Insulin workspace as an editable copy. The Insulin Marketplace is Suger's distribution layer for sharing reusable AI automation components across marketplace operations teams.,Related: Insulin Agent — Suger; Insulin Skill — Suger; Insulin,https://doc.suger.io/insulin/marketplace/,2026-08-17
MCP Integration — Suger,suger; integrations,A Suger integration type that connects any external Model Context Protocol (MCP)-compatible server to Suger AI; allowing Suger's Insulin agents to discover and use all tools exposed by that server. Supports OAuth (PKCE); client credentials; and API key authentication methods. Suger provides a catalog of 77 pre-configured MCP servers spanning payments; project management; and productivity tools; plus the ability to connect custom MCP servers by URL. The MCP Integration is directionally opposite to the Suger MCP Server — where the MCP Server exposes Suger's own data to external AI tools; the MCP Integration brings external tool capabilities into Suger's AI layer.,Related: Suger MCP Server; Insulin Agent — Suger; Integration; OAuth 2.0 Integration,https://doc.suger.io/integrations/mcp/,2026-06-22
Alibaba Marketplace Integration — Suger,suger; alibaba; integrations,An org-level OAuth integration that connects a Suger organization to Alibaba Cloud Marketplace; enabling marketplace operations for sellers and buyers in China and international Alibaba Cloud markets. Configuration requires OAuth credentials for the integration and an SPI key for marketplace event notifications; which Alibaba uses to push real-time subscription and billing events to Suger. The integration supports both seller and buyer marketplace workflows; deleting it may affect active marketplace subscriptions and billing relationships; so deactivation must be coordinated with any live Alibaba transactions.,Related: Alibaba Cloud Marketplace — Alibaba; Integration; Suger,https://doc.suger.io/alibaba-marketplace/integration/,2026-08-31
Oracle Cloud Marketplace Integration — Suger,suger; oracle; integrations,Suger's organization-level connection to Oracle Cloud Marketplace via OCI API signing-key authentication — product listing sync; and the full private offer lifecycle (draft; contract attach; send; subscription monitoring). Setup requires an OCI account enrolled as a Marketplace publisher; an IAM user with permissions to read listings and manage offers; and an uploaded RSA API signing key; connecting requires five fields from the OCI console (Tenancy OCID; User OCID; Region; Fingerprint; Private Key); plus an optional Compartment OCID to scope operations. Usage metering and channel offers (CPPO) are not part of the Oracle integration. Extends Suger's marketplace coverage beyond AWS; Azure; GCP; Snowflake; and Alibaba to Oracle's cloud marketplace.,Related: Integration; Oracle Cloud Marketplace — Oracle; AWS Marketplace Integration — Suger,https://doc.suger.io/oracle-marketplace/integration/,2026-07-14
Oracle Cloud Marketplace — Oracle,oracle,Oracle's digital catalog for SaaS; container image; Helm chart; and machine image listings; discoverable and purchasable by Oracle Cloud Infrastructure (OCI) customers. Only SaaS listings (Oracle package type `SAAS`) are supported by Suger's sync; other listing types are not imported. Buyers reach it either through the OCI Console (login required) or the public storefront at marketplace.oracle.com (https://marketplace.oracle.com/); which lets prospects browse before committing to an OCI account. Oracle's own terminology distinguishes Customer (the transacting entity); Consumer (the person deploying software); Partner (the entity with a payout agreement); and Publisher (the person publishing listings). Unlike AWS; Azure; and GCP marketplaces; Oracle Cloud Marketplace does not currently support usage-based metering or channel reseller private offers (the CPPO/MPO/MCPO pattern) — private offers are direct ISV-to-buyer only.,Related: AWS Marketplace — AWS; Microsoft Marketplace — Azure; GCP Marketplace — GCP; Private Offer — Oracle,https://doc.suger.io/oracle-marketplace/,2026-08-03
Private Offer — Oracle,oracle; offers,A custom pricing and terms agreement issued to a specific buyer through Oracle Cloud Marketplace. Offers move through a defined lifecycle — Draft → Pending Marketplace → Pending Buyer → Accepted → Active → Ended — and default to a one-year term. Sellers attach a contract document by URL or file upload; then send the offer for Oracle's review before the buyer is notified; once active; Suger derives an entitlement for the buyer; which closes when the offer ends. Offers can bundle multiple listings via Oracle's resource bundle functionality; and can be withdrawn only before buyer acceptance. Unlike AWS; Azure; and GCP; Oracle has no channel-partner private offer (CPPO-equivalent) mechanism — every Oracle private offer is direct ISV-to-buyer.,AWS equivalent: Private Offer — AWS | Azure equivalent: Private Offer — Azure | GCP equivalent: Private Offer — GCP | Related: Oracle Cloud Marketplace — Oracle,https://doc.suger.io/oracle-marketplace/private-offers/,2026-07-14
Oracle Cloud Infrastructure (OCI) — Oracle,oracle,Oracle's cloud infrastructure platform — compute; storage; networking; and database services; offered across 50+ interconnected regions — equivalent in scope to AWS; Azure; or Google Cloud Platform. Commonly confused with Oracle Cloud Marketplace: OCI is the underlying infrastructure a workload runs on; while Oracle Cloud Marketplace is the separate commerce layer built on top of it where ISVs list and sell software. The two are operationally linked — OCI identifiers (Tenancy OCID; User OCID; Compartment OCID) are required to authenticate a Marketplace integration — but they are not the same product.,Related: Oracle Cloud Marketplace — Oracle; Oracle Cloud Marketplace Integration — Suger,https://docs.oracle.com/en-us/iaas/Content/GSG/Concepts/baremetalintro.htm,2026-07-14
Service Catalog — Oracle,oracle; procurement,An OCI governance feature that lets administrators create curated catalogs of pre-approved applications — public (sourced from Oracle Cloud Marketplace) or private (offered only within the organization) — scoped to a tenancy or compartment. End users can only browse and deploy applications on their organization's approved list; reducing the risk of unapproved spend or unvetted software. Functionally equivalent to AWS Private Marketplace; applied to Oracle's marketplace.,AWS equivalent: Private Marketplace — AWS | Related: Oracle Cloud Marketplace — Oracle,https://docs.oracle.com/en-us/iaas/Content/Marketplace/overview_of_service_catalog.htm,2026-07-14
Oracle Partner Network (OPN) — Oracle,oracle; cosell,Oracle's partner enrollment program — the prerequisite for becoming an approved Oracle Cloud Marketplace publisher. Registration requires creating an Oracle account; joining OPN as a company (receiving an OPN membership ID); accepting the Oracle Marketplace Publisher Agreement; and — for paid package listings — completing supplier registration (company details; tax forms; bank account) and U.S.-domicile requirements (U.S. incorporation; USD bank account; signed U.S. Marketplace OCMA agreement). Non-package listings skip the U.S.-domicile requirement. The AWS/Azure/GCP equivalent of enrolling in the Partner Network before publishing on the marketplace.,AWS equivalent: AWS Partner Network (APN) — AWS | Azure equivalent: Microsoft AI Cloud Partner Program (MPN) — Azure | GCP equivalent: Google Cloud Partner Network — GCP | Related: Oracle Cloud Marketplace — Oracle,https://docs.oracle.com/en-us/iaas/Content/Marketplace/become-oci-partner.htm,2026-07-14
People Data Labs Integration — Suger,suger; integrations,An org-level API key integration connecting Suger to People Data Labs for bulk lead and account data enrichment. Enriches professional profiles with verified employment histories; person profiles; and company firmographics from People Data Labs' datasets. Unlike user-level OAuth integrations; this integration operates at the organization level; making enriched data accessible to all Suger users and workflows within the organization. Designed for systematic enrichment of marketplace buyer and prospect records rather than per-contact lookup.,Related: CRM Enrichment; CRM Integration; Account Mapping — Suger; Integration,https://doc.suger.io/integrations/people-data-labs/,2026-06-22
Microsoft Dynamics 365 Integration — Suger,suger; integrations,An org-level integration connecting Suger to Microsoft Dynamics 365 to provide CRM and ERP capabilities within the Suger platform. Enables organizations to synchronize and automate processes between Suger's cloud marketplace operations — entitlements; offers; co-sell pipelines — and Dynamics 365 sales and operations data. Complements existing Microsoft integrations (Teams; Outlook) by adding the full CRM and ERP data layer for enterprise sellers who run Dynamics 365 as their system of record.,Related: CRM Integration; Salesforce Integration; HubSpot Integration; Microsoft Teams Integration,https://doc.suger.io/integrations/microsoft-dynamics365/,2026-07-10
Deal Registration — Suger,suger; channel,The act of a partner — VAR; reseller; GSI; tech partner; or distributor — formally claiming credit for a deal with an ISV before or during an active sales cycle. In Suger PRM; a partner submits a deal registration through the white-label portal; Suger automatically creates or updates a Salesforce Opportunity; routes the registration for ISV approval; and fires notifications so neither side loses track. Approved registrations protect the partner's margin and give the ISV a real-time view of partner-sourced pipeline alongside hyperscaler co-sell on the same CRM record.,Related: Partner Relationship Management (PRM) System; Value Added Reseller (VAR); Channel Partner (CP); Commission Tracking — Suger; Deal Registration — Azure,https://doc.suger.io/get-started/,2026-08-03
DSOR (Distribution Sell-Out Reseller Reporting),general; channel,A reporting standard in multi-tier distribution where distributors — such as TD Synnex; Ingram Micro; or Pax8 — report the downstream reseller-level sales data back to the ISV. Because distributors transact with ISVs at a tier-one level but sell through a network of resellers to end customers; DSOR gives the ISV visibility into which reseller actually closed the deal; what the end-customer price was; and how much volume each partner in the channel is driving. Without DSOR; ISVs see distributor aggregates but not the reseller-level attribution needed for accurate commissions; deal protection; and program compliance.,Related: Distributor; Value Added Reseller (VAR); Commission Tracking — Suger; Deal Registration — Suger,https://doc.suger.io/get-started/,2026-06-23
Commission Tracking — Suger,suger; channel,Suger PRM's module for defining; managing; and paying out partner commissions. ISVs configure commission plans — flat fee; percentage of deal value; tiered; or per-deal override — and Suger calculates the payout for each partner-sourced or partner-influenced deal as it closes. Partners can see their earned commissions in the white-label portal; giving channel teams a defensible; auditable alternative to manual spreadsheet payouts at quarter end. Commission plans connect directly to deal registration records so attribution and payout flow through the same system. After a deal reaches Close-Won; either side can propose a commission-terms change via ProposeCommissionUpdate — the update requires the other party's approval before it takes effect. Commission records move through explicit lifecycle states (Approved; Payment Sent; Payment Rejected; Confirmed; Clawed Back; and Pending Update Approval for terms changes in flight); giving both ISV and partner an auditable payout trail beyond a simple paid/unpaid flag.,Related: Deal Registration — Suger; Partner Relationship Management (PRM) System; Distributor; DSOR (Distribution Sell-Out Reseller Reporting),https://doc.suger.io/get-started/,2026-08-24
Generative AI Innovation Center (GenAIIC) — AWS,aws; cosell,An AWS initiative that provides technical expertise; co-innovation frameworks; and architectural guidance to help enterprise customers and partners build and scale generative AI solutions from proof-of-concept to production. GenAIIC has collaborated across thousands of enterprise engagements to validate agentic AI approaches. For ISV partners; GenAIIC serves as the technical backbone of the Partner Agent Factory (PAF) program — providing hands-on collaboration; Bedrock-based architecture guidance; and go-to-market support for industry-specific AI agent solutions listed on AWS Marketplace.,Related: Partner Agent Factory (PAF) — AWS; AWS Partner Central Agents — AWS,https://aws.amazon.com/blogs/awsmarketplace/aws-genaiic-partner-agent-factory-new-ai-agents-now-in-aws-marketplace/,2026-06-26
Partner Agent Factory (PAF) — AWS,aws; cosell,A structured co-innovation program operated by AWS GenAIIC that pairs GenAIIC's technical expertise with AWS Partner domain knowledge to build; validate; and list industry-specific agentic AI solutions on AWS Marketplace. Partners apply via genaiic-partners@amazon.com; accepted partners receive hands-on architectural collaboration using Amazon Bedrock and Strands Agents; plus go-to-market support. PAF solutions are listed on AWS Marketplace with simplified procurement and consolidated billing that counts toward existing customer AWS commitments.,Related: Generative AI Innovation Center (GenAIIC) — AWS; AWS Partner Central Agents — AWS,https://aws.amazon.com/blogs/awsmarketplace/aws-genaiic-partner-agent-factory-new-ai-agents-now-in-aws-marketplace/,2026-06-26
Forward Deployed Engineering for Partners — AWS,aws; cosell,An AWS initiative (announced June 2026; backed by a $1B investment) that embeds AWS-credentialed engineering teams within select consulting partners to deliver production agentic AI systems for enterprise customers. Partner engineers must pass an AWS-defined technical bar before engaging customers; AWS provides a reusable delivery harness that compounds expertise across engagements; with the resulting delivery IP staying with the partner. Currently launching with a limited set of partners before broader network rollout.,Related: Generative AI Innovation Center (GenAIIC) — AWS; Partner Agent Factory (PAF) — AWS,https://aws.amazon.com/blogs/apn/introducing-forward-deployed-engineering-for-partners-winning-the-future-of-enterprise-ai/,2026-07-13
Partner Portal — Suger,suger,A white-label; partner-facing web portal provisioned through Suger PRM that ISVs deploy under their own domain and branding. Partners authenticate via SSO/SAML to register deals; access enablement content; track commission status; and manage their activity — without any Suger branding visible. The portal can go live in under five days with no implementation fee.,Related: Partner Relationship Management (PRM) System; Learning Management System (LMS) — Suger; Value Added Reseller (VAR); Buyer Portal — Suger; Deal Registration — Suger,https://doc.suger.io/prm/partner-portal-login-page/,2026-08-31
Partner Tiering — Suger,suger,A classification system within Suger PRM that groups channel partners into tiers (such as Silver; Gold; Platinum) based on performance; revenue contribution; or certification status. Tier assignments control approval routing for deal registrations; commission plan eligibility; and access to incentive programs — ensuring higher-performing partners receive differentiated treatment automatically.,Related: Partner Relationship Management (PRM) System; Deal Registration — Suger; Commission Plan — Suger,https://doc.suger.io/prm/partner-tiers/,2026-08-31
Commission Plan — Suger,suger,A configurable template in Suger PRM that defines the commission rate; calculation basis; and payout trigger for a class of channel partners or deal types. Plans are applied at the program level with optional per-deal overrides. When a deal closes in the connected CRM; Suger calculates the payout automatically and initiates the full payout lifecycle.,Related: Commission Tracking — Suger; Partner Tiering — Suger; SPIFF — Suger,https://doc.suger.io/prm/commission-plans/,2026-08-31
SPIFF — Suger,suger,A short-term performance incentive program (SPIFF) or special performance fund (SPF) configured within Suger PRM to motivate channel partners around a specific product; time window; or deal type. SPIFFs pay a bonus on top of the standard commission plan and are tracked separately with their own payout lifecycle and reporting.,Related: Commission Plan — Suger; Commission Tracking — Suger; Partner Relationship Management (PRM) System,https://doc.suger.io/prm/commission-plans/,2026-08-31
Learning Management System (LMS) — Suger,suger,A partner enablement module built into Suger PRM that lets ISVs build training courses directly in Suger's editor — modules; lessons; and quizzes — or import existing content as SCORM 1.2 or SCORM 2004 packages. Courses can be shared with every active partner organization; a hand-picked subset; or kept private; and can optionally award a certificate that stays locked until every lesson is marked complete. Progress is tracked per course and per partner (Not Started; In Progress; Completed; Failed) for reporting and compliance visibility.,Related: SCORM; Partner Portal — Suger; Partner Tiering — Suger; Partner Relationship Management (PRM) System,https://doc.suger.io/prm/build-a-training-course/,2026-08-31
SCORM,general,Sharable Content Object Reference Model — an e-learning technical standard that defines how online training content packages communicate with a learning management system. SCORM-compliant courses can be uploaded to any compatible LMS; which then tracks completion; quiz scores; and time-on-module data without custom integration. Most enterprise training authoring tools (Articulate Storyline; iSpring; Adobe Captivate) export SCORM packages; making it the default interchange format for organizations moving existing training content into a partner enablement platform like Suger PRM.,Related: Learning Management System (LMS) — Suger; Partner Portal — Suger,https://adlnet.gov/projects/scorm/,2026-06-26
Microsoft Managed Account — Azure,azure; cosell,A customer account classification in Microsoft Partner Center indicating the account is actively managed by Microsoft's sales team. When a partner selects a Microsoft Managed account while creating a co-sell opportunity; the deal becomes eligible for Azure IP co-sell deal registration — a prerequisite for PRACR reporting and co-sell incentive credits. Microsoft Managed accounts appear on a dedicated tab in the Partner Center customer search; alongside Microsoft Unmanaged and Other (Moody's database) tabs; and Microsoft consolidates multiple entries for the same customer into a single linked row.,Related: Microsoft Unmanaged Account — Azure; Deal Registration — Azure; Partner Center — Azure; Partner Reported Azure Consumed Revenue (PRACR) — Azure,https://learn.microsoft.com/en-us/partner-center/referrals/manage-co-sell-opportunities,2026-06-27
Microsoft Unmanaged Account — Azure,azure; cosell,A customer account classification in Microsoft Partner Center indicating the account does not have an active Microsoft sales team relationship. When a partner selects a Microsoft Unmanaged account while creating a co-sell opportunity; the deal is not eligible for Azure IP co-sell deal registration; which blocks PRACR reporting and co-sell incentive credits for that opportunity. Partners are encouraged to search for Microsoft Managed accounts first; alternatively; selecting from the Other (Moody's database) tab defers managed/unmanaged determination to Microsoft's internal account-matching process after the referral is created.,Related: Microsoft Managed Account — Azure; Deal Registration — Azure; Partner Center — Azure,https://learn.microsoft.com/en-us/partner-center/referrals/manage-co-sell-opportunities,2026-06-27
AI-Assisted Product Listing — AWS,aws,An AI capability in AWS Partner Central and AMMP (launched June 16; 2026) that automatically generates and validates product listing content for AWS Marketplace from existing seller digital assets — website URLs; PDFs; case studies; and product documentation. Partner Assistant reads imported materials and produces content across all required listing fields (description; highlights; categories; metadata); validates against AWS Marketplace size and format requirements; and returns a quality score comparing the listing against AWS best practices. Not available in GovCloud or China Regions.,Related: AWS Marketplace — AWS; AWS Partner Central Agents — AWS; Listing,https://docs.aws.amazon.com/marketplace/latest/userguide/partner-assistant.html,2026-06-30
AWS Marketplace MCP Server — AWS,aws,An AWS-provided Model Context Protocol (MCP) server (GA May 2026) that enables AI assistants and agents to programmatically discover; evaluate; and transact AWS Marketplace products using natural language queries. Capabilities include finding products by business need; generating AI-written vendor comparison reports; and producing purchase proposals tailored to buyer requirements. Available without coding via the AWS Marketplace connector for Claude; where tool discovery and invocation happen automatically. Distinct from Suger's MCP Integration; which connects Suger platform workflows to AI models — this MCP server is buyer-facing and focused on product discovery and procurement.,Related: MCP Integration — Suger; AWS Marketplace — AWS; AWS Partner Central Agents — AWS,https://docs.aws.amazon.com/marketplace/latest/APIReference/marketplace-mcp-server.html,2026-06-30
Frontier Accelerate for Marketplace — Azure,azure; offers; cosell,Microsoft's unified ISV program for FY27 (launching fall 2026) that consolidates ISV Success; Marketplace Rewards; Azure IP co-sell; and Solutions Partner with certified software designations into a single enrollment and benefits track. Azure sponsorship within Frontier Accelerate is restructured into use-case-specific allocations: a larger dedicated allowance for customer deployments and a smaller separate allowance for no-cost trials. The program is designed to reduce administrative overhead for software companies transacting on Microsoft Marketplace by eliminating the need to manage multiple separate program enrollments.,Related: ISV Success Program — Azure; Marketplace Rewards — Azure; Co-sell Eligible / Incentivized — Azure,https://learn.microsoft.com/en-us/partner-center/announcements/2026-june,2026-06-30
Lead Enrichment — AWS,aws; cosell,An AWS Partner Central capability that enriches partner-submitted leads with AWS data. Each enriched lead receives a readiness assessment (Contact Ready / Nurture Lead / Limited Potential; with a High/Medium/Low confidence level) plus AWS Marketplace engagement and solution scores estimating purchase likelihood. Enrichment also checks account eligibility for select AWS programs; funding benefits; and sales motions; and surfaces firmographic data (employee count; region; geography). Available from the Leads tab in AWS Partner Central or via the AWS Partner Central Selling API.,Related: APN Customer Engagements (ACE) — AWS; AWS Marketplace Engagement Score — AWS; AWS Partner Central Agents — AWS,https://docs.aws.amazon.com/partner-central/latest/sales-guide/lead-enrichment.html,2026-08-31
Amazon Connect Customer Services Competency — AWS,aws,An AWS Specialization (announced June 2026) that recognizes Services Partners with validated expertise in transforming enterprise customer experience on Amazon Connect. Partners are validated in two categories: Contact Center Transformation (migrating legacy contact center infrastructure) and AI-Powered Customer Experience (operationalizing AI at scale on Amazon Connect). The Competency replaces the Amazon Connect Service Delivery Program; which is deprecated June 1; 2027. Benefits include $50K Marketing Development Funds (MDF) in both 2026 and 2027; AWS Migration Acceleration Program funding for customer migrations; and dedicated co-selling support.,Related: Marketing Development Funds (MDF) — AWS; AWS Marketplace — AWS,https://aws.amazon.com/about-aws/whats-new/2026/06/aws-announces-amazon-connect-customer-services-competency/,2026-06-30
Suger AI — Suger,suger,An in-product AI copilot embedded across the Suger platform that queries offers; diagnoses failures; fills forms; and navigates the console without requiring users to leave the current page. In co-sell workflows; Suger AI provides autofill from CRM data and AI-mapped fields; reducing manual entry by approximately 80%. Also powers chat-based dashboard creation; automated workflow recommendations; and AI-driven analytics insights within the Suger console. Suger AI is distinct from Insulin; which is the AI layer surfaced to end-buyers and channel partners through embedded marketplace experiences.,Related: Insulin; MCP Integration — Suger; Insulin Agent — Suger,https://www.suger.io/platform/ai-intelligence/,2026-06-30
Insulin Chat — Suger,suger,The conversational interface layer of the Suger Insulin platform through which users interact with Insulin agents in multi-turn threads. Supports streaming token-by-token responses; tool execution with expandable status indicators (running/succeeded/failed); and two safety gates: plan approvals (user confirms a multi-step task before execution) and tool approvals (explicit authorization required before data-modifying actions). Automatically retains conversation history both short-term and across sessions; and supports context chips for attaching files; images; or code snippets to messages. Distinct from Insulin Agent; which is the underlying AI system — Chat is the interface layer that presents Agent responses.,Related: Insulin Agent — Suger; Insulin; Insulin Channel — Suger; Suger AI — Suger,https://doc.suger.io/insulin/chat/,2026-06-30
Business Value Realization (BVR) Competency — AWS,aws; cosell,A standalone AWS Specialization (launched June 2026) that designates AWS Services Partners with demonstrated expertise in connecting customers' AWS technology investments to measurable business outcomes — cost savings; productivity gains; or revenue growth. Validated partners deliver Value Realization Plans linking specific AWS workloads to trackable business results; extending partner engagement beyond technical delivery into post-sales customer success. Benefits include $50K in MDF (2026–2027); priority placement in the AWS Partner Solutions Finder; access to the BVR Toolkit (industry-specific templates; benchmarks; and use case models); and a dedicated Partner Success Specialist. Distinct from the Business Value Realization (BVR) Motion — the Motion is the broader post-sales framework with funding and enablement; the Competency is the formal designation earned to access those Motion benefits.,Related: Business Value Realization (BVR) Motion — AWS; Marketing Development Funds (MDF) — AWS,https://aws.amazon.com/partners/business-value-realization/,2026-06-30
Partner Marketing Center Pro — Azure,azure,The AI-powered tier of Microsoft's Partner Marketing Center; launched in 2026 as part of the Frontier partner push. Eligibility requires an active Microsoft partner benefits package; a Solutions Partner designation; or enrollment in ISV Success. The Pro tier adds AI-driven content generation for marketing campaign assets — decks; social posts; email templates; landing pages; and display ads — created from guided questions about a partner's ideal customer profile; target industries; and value proposition. The standard Partner Marketing Center remains available to all partners; the Pro tier provides audience-specific AI customization plus social and email scheduling and an analytics dashboard.,Related: ISV Success Program — Azure; Frontier Accelerate for Marketplace — Azure; Marketplace Rewards — Azure,https://blogs.microsoft.com/blog/2026/04/21/accelerating-frontier-transformation-with-microsoft-partners/,2026-06-30
Microsoft Publisher Agreement — Azure,azure; offers,The legal contract between Microsoft and publishers transacting on Microsoft Marketplace (commercial marketplace; AppSource; Azure Marketplace). Version 8.0 (effective July 1; 2026) introduced three significant provisions: an AI Systems section requiring publishers to comply with EU AI Act Article 5 prohibited practices and submit AI conformity documentation; a Marketplace Facilitator Tax (MFT) provision where Microsoft collects and remits sales tax in eligible U.S. jurisdictions while publishers remain liable for amounts arising from incorrect information they provide; and a Sovereign Cloud Operator Marketplace section enabling publishers to offer products on SCO-operated clouds where Microsoft acts as agent or commissionaire. For Multiparty Private Offers; the agreement clarifies that the Store Service Fee applies only to the ISV Price; not the partner markup.,Related: Multiparty Private Offer (MPO) — Azure; Marketplace Rewards — Azure; ISV Success Program — Azure,https://learn.microsoft.com/en-us/legal/marketplace/msft-publisher-agreement,2026-06-30
Notion Integration — Suger,suger; integrations,A user-level OAuth 2.0 integration that connects an individual Suger user's Notion workspace account to Suger; enabling Notion workspace access within automation workflows. Each user authenticates independently with their own Notion credentials. Deletion immediately revokes Notion access; to switch accounts; the integration must be deleted and recreated.,Related: Integration; MCP Integration — Suger,https://doc.suger.io/integrations/notion/,2026-06-30
Asana Integration — Suger,suger; integrations,A user-level OAuth 2.0 integration that connects an individual Suger user's Asana account to Suger; enabling task and project management from automation workflows. Supports creating; updating; and managing tasks and projects; updating project status; and accessing workspace data. A separate Asana MCP variant (connecting to mcp.asana.com) is also available for Suger AI tool use within Insulin agents.,Related: Integration; MCP Integration — Suger,https://doc.suger.io/integrations/asana/,2026-06-30
Atlassian Integration — Suger,suger; integrations,A user-level OAuth 2.0 integration that connects an individual Suger user's Atlassian account to Suger; covering Jira (issue tracking); Confluence (documentation); and Bitbucket (code collaboration) under a single integration. Enables auto-creating Jira issues and updating Confluence pages from marketplace automation workflows. Each user authenticates with their own Atlassian credentials; no org-level variant exists.,Related: Integration; MCP Integration — Suger,https://doc.suger.io/integrations/atlassian/,2026-06-30
ClickUp Integration — Suger,suger; integrations,A user-level OAuth 2.0 integration that connects an individual Suger user's ClickUp account to Suger; enabling task and project management from automation workflows. Supports listing workspaces; spaces; folders; and tasks; creating; updating; and retrieving tasks with filtering; adding and retrieving task comments; and fetching task attachments. Suger AI wraps the ClickUp API directly using each user's personal OAuth credentials.,Related: Integration; MCP Integration — Suger,https://doc.suger.io/integrations/clickup/,2026-06-30
Monday.com Integration — Suger,suger; integrations,A user-level OAuth 2.0 integration that connects an individual Suger user's Monday.com account to Suger; providing access to boards; workspaces; and user-specific data within automation workflows. Each user authenticates with their own Monday.com credentials; no org-level variant exists.,Related: Integration; MCP Integration — Suger,https://doc.suger.io/integrations/monday/,2026-06-30
GitHub Integration — Suger,suger; integrations,A Suger integration available in two variants: an org-level GitHub App installation (requires org owner/admin privileges; provides org-wide repository access) and a user-level personal OAuth connection. When both are active; the user-level connection takes precedence. Supports tracking repository activity; correlating development data with marketplace sales operations; and using GitHub tooling via Suger AI Insulin agents.,Related: Integration; MCP Integration — Suger,https://doc.suger.io/integrations/github/,2026-06-30
GitLab Integration — Suger,suger; integrations,A Suger integration for automating developer workflows in GitLab — browsing projects and groups; reading and writing repository files; branches; and commits; managing issues and merge requests; and driving CI/CD pipelines; jobs; and releases. Supports an org-level access token (service account; Group Access Token; or personal access token; including self-managed GitLab instances) or a user-level OAuth connection to GitLab.com. Access tokens expire and must be rotated and reconnected before they lapse; or GitLab calls start failing; the integration cannot be edited in place; only deleted and recreated.,Related: GitHub Integration — Suger; Integration,https://doc.suger.io/integrations/gitlab/,2026-07-10
Databricks Integration — Suger,suger; integrations,A Suger integration with the Databricks Data Intelligence Platform for automating data and AI workflows — executing SQL queries; uploading data files; and triggering Databricks jobs from within Suger. Authenticates via a personal access token or an OAuth service principal (client ID and client secret) plus the Databricks host URL. Distinct from Databricks Marketplace; which is Databricks' own product marketplace rather than this data-platform connector. Cannot be edited after creation — credentials must be updated by deleting and recreating the integration.,Related: Databricks Marketplace; Google BigQuery Integration,https://doc.suger.io/integrations/databricks/,2026-07-10
Snowflake Marketplace Integration — Suger,suger; snowflake; integrations,Suger's organization-level connection to Snowflake Marketplace; the platform vendors use to discover; evaluate; and monetize data applications and services. Distinct from Snowflake Integration; which streams Suger's own marketplace data into a Snowflake data warehouse — this integration connects to Snowflake's data-application marketplace itself for billing and product-listing management. Requires an active Snowflake account with API access and marketplace billing permissions; cannot be edited after creation; only deleted and recreated; which does not affect data already stored in Snowflake Marketplace.,Related: Snowflake Integration; Snowflake Marketplace — Snowflake,https://doc.suger.io/snowflake-marketplace/integration/,2026-07-20
AWS Marketplace Integration — Suger,suger; aws; integrations,Suger's organization-level connection to AWS Marketplace for consolidated billing; procurement; and usage metering across an ISV's SaaS listings. Setup requires an active AWS Marketplace seller account; an AWS account with marketplace API access; and appropriate IAM permissions; authorization runs through OAuth with a seller account; then selecting the linked AWS accounts to sync. Distinct from AWS ACE Integration (co-sell and funding data) and AWS Billing Integration (organization-wide cost management) — this integration is specifically the core marketplace listing; procurement; and metering connection. Cannot be edited after creation — deleting it may affect active marketplace subscriptions and billing relationships.,Related: AWS Marketplace — AWS; AWS ACE Integration; AWS Billing Integration — Suger,https://doc.suger.io/aws-marketplace/integration/,2026-07-20
AWS Billing Integration — Suger,suger; aws; integrations,Suger's organization-level connection to AWS billing infrastructure for syncing billing data; managing costs; and centralizing financial operations across an ISV's AWS accounts. Requires an AWS Organization master or linked account with Billing and Cost Management permissions; authenticated via OAuth; with no user-level option. The integration cannot be edited after creation — changes require deleting and recreating it; which can disrupt billing data sync and cost reporting until reconnected.,Related: Marketplace Data Feed Service (MDFS) — AWS; Marketplace Commerce Analytics Service (MCAS) — AWS,https://doc.suger.io/integrations/aws-billing/,2026-07-10
Azure Marketplace Integration — Suger,suger; azure; integrations,Suger's organization-level connection to Azure Marketplace for consolidated billing; procurement; and usage metering across an ISV's Azure SaaS listings. Setup requires an active Azure Marketplace seller account; a Microsoft Partner Network (MPN) account; and an Azure subscription with marketplace permissions; authorization runs through Microsoft/Azure OAuth with selectable target subscriptions. The integration cannot be edited in place — deleting and recreating it can disrupt active marketplace subscriptions and billing relationships until reconnected.,Related: Microsoft Marketplace — Azure; Partner Center — Azure; Microsoft AI Cloud Partner Program (MPN) — Azure,https://doc.suger.io/azure-marketplace/integration/,2026-07-20
Azure Co-sell Integration — Suger,suger; azure; cosell; integrations,Suger's organization-level connection to Microsoft's co-sell program through the One Commercial Partner (OCP) ecosystem; letting ISVs manage joint-selling opportunities with Microsoft sales teams inside Suger. Setup requires an active Microsoft Partner Network (MPN) account; Azure Active Directory tenant access; enrollment in the Azure Co-sell program; and the right Partner Center role; authorization runs through Microsoft OAuth with configurable opportunity-sync settings. Cannot be edited after creation — deleting and recreating it can affect active co-sell opportunities and partner relationships.,Related: Microsoft-Sourced Opportunity Referral (MSOR) — Azure; Co-Sell Insights — Suger; Co-sell Intelligence — Suger,https://doc.suger.io/integrations/azure-cosell/,2026-07-10
GCP Marketplace Integration — Suger,suger; gcp; integrations,Suger's organization-level connection to Google Cloud Marketplace for unified billing; procurement; and usage tracking across an ISV's GCP SaaS listings. Setup requires an active Google Cloud Marketplace seller account with completed seller onboarding and a GCP organization with billing enabled; authorization runs through Google Cloud OAuth with selectable GCP projects. Cannot be edited after creation — deleting the integration may affect active marketplace subscriptions and billing relationships.,Related: GCP Marketplace — GCP; Producer Portal — GCP,https://doc.suger.io/gcp-marketplace/integration/,2026-07-20
GCP Co-sell Integration — Suger,suger; gcp; cosell; integrations,Suger's organization-level connection to Google Cloud's co-sell program through Partner Advantage; letting ISVs manage joint-selling opportunities with Google Cloud sales teams inside Suger. Setup requires active Google Cloud Partner Advantage membership; enrollment in the GCP Co-sell program; and Partner Administrator access; sellers add Suger's Google Service Account as an Integrator in the Partner Network Hub; then enter their Partner ID in Suger to complete the connection. Cannot be edited after creation — deleting and recreating it can affect active co-sell opportunities and partner relationships.,Related: Google Cloud Partner Network — GCP; Google Cloud Partner Agent — GCP; Co-Sell Insights — Suger,https://doc.suger.io/integrations/gcp-cosell/,2026-07-10
AWS China Marketplace Integration — Suger,suger; aws; integrations,An org-level OAuth integration that connects a Suger organization to AWS China Marketplace — a localized marketplace for mainland China operated by AWS's local China partners. Enables marketplace seller operations within the China region; distinct from the standard global AWS Marketplace integration. Requires an AWS China Marketplace seller account; an AWS China region account with marketplace access; and localized business credentials for the China region. Deletion may impact active marketplace subscriptions in the China region.,Related: Integration; Alibaba Marketplace Integration — Suger,https://doc.suger.io/integrations/aws-china-marketplace/,2026-06-30
Dropbox Integration — Suger,suger; integrations,A Suger integration available in two variants: an org-level Dropbox Business connection (requires admin privileges; adds team member info and team-wide file access) and a user-level personal account connection (limited to personal files and folders). Supports reading file metadata and content; writing files; and managing sharing. Deletion removes credentials from Suger but requires separate disconnection at dropbox.com to fully revoke access.,Related: Integration; Google Drive Integration; Google Cloud Storage Integration,https://doc.suger.io/integrations/dropbox/,2026-06-30
Google Calendar Integration — Suger,suger; integrations,An org-level Suger integration that uses a GCP service account with Domain-wide Delegation to manage Google Calendar on behalf of a specified user email. Unlike OAuth-based Suger integrations; authentication requires uploading a GCP service account JSON key file rather than a personal sign-in. Capabilities include creating; updating; deleting; and listing calendars and events (including recurring events and Google Meet links); free/busy queries for scheduling; natural language event creation; and calendar sharing and ACL management. Requires a GCP project with the Calendar API enabled and the Service Account Token Creator IAM role.,Related: Integration; Gmail Integration; Google Drive Integration,https://doc.suger.io/integrations/google-calendar/,2026-06-30
DNS Email Integration — Suger,suger; integrations,An org-level Suger integration that enables sending workflow and notification emails from a custom verified domain instead of Suger's default noreply@suger.io address. Authentication is via DNS record verification (DKIM; SPF; MX; DMARC) using AWS SES domain identity rather than OAuth or API key. Supports DKIM-signed outbound mail for deliverability; custom MAIL FROM subdomains with SPF alignment; DMARC policy configuration; and per-workflow sender overrides for local-part and display name. Requires DNS zone control for the sending domain.,Related: Integration; Gmail Integration; OAuth 2.0 Integration,https://doc.suger.io/integrations/dns-email/,2026-06-30
AWS EMEA SARL — AWS,aws,The Luxembourg-headquartered Amazon.com subsidiary (established July 1; 2018) that operates AWS Marketplace and acts as merchant of record for all EMEA transactions — covering Europe; the Middle East; and Africa except Turkey and South Africa. When an EMEA-region account purchases through AWS Marketplace; the contracting entity is AWS EMEA SARL rather than Amazon Web Services; Inc.; and it issues all applicable VAT invoices and handles regional tax compliance across its 25+ branch offices. ISVs selling on AWS Marketplace receive a separate disbursement from AWS EMEA SARL for EMEA sales; distinct from non-EMEA disbursements issued by Amazon Web Services; Inc. — requiring sellers to reconcile two payout sources in financial reporting.,Related: Seller of Record; AWS Marketplace — AWS; Disbursement; Private Offer — AWS,https://aws.amazon.com/legal/aws-emea/,2026-07-03
Insulin Custom Apps — Suger,suger,An AI-assisted app builder within Suger Insulin that generates interactive dashboards; forms; and workflow tools from natural-language prompts — without requiring separate product engineering. Apps are compiled from multi-file source code including App.tsx components; shared at the org level; and governed by integration permissions that control which Suger data and external connectors each app can access. Custom Apps complement Insulin Chat for cases where a recurring; shared interactive interface is more efficient than a conversational session — such as a persistent revenue dashboard or a structured deal-submission form used daily across a team.,Related: Insulin Agent — Suger; Insulin Chat — Suger; Insulin Jobs — Suger,https://doc.suger.io/insulin/custom-apps/,2026-07-06
Insulin Knowledge Bases — Suger,suger,Searchable document collections stored within Suger Insulin that agents retrieve at query time to ground responses in org-specific content — runbooks; deal notes; product documentation; and playbooks. Knowledge Bases extend Insulin Agents beyond platform data by ingesting proprietary internal files; chunking and indexing them for semantic search; and automatically surfacing the most relevant chunks when a Knowledge Base is attached to an agent's configuration. Agents can answer questions and generate outputs requiring company-specific context without that information needing to live inside the Suger platform itself.,Related: Insulin Agent — Suger; Insulin Skill — Suger; Insulin Chat — Suger,https://doc.suger.io/insulin/knowledge-base/,2026-07-06
Partner Relationship Management (PRM) — Suger,suger,Suger's Partner Relationship Management product that unifies cloud marketplace co-sell workflows; channel partner management; commission automation; and partner enablement in one platform — eliminating the need for separate CRM plugins; spreadsheets; and standalone LMS tools. Core capabilities include deal registration via public forms that auto-sync to Salesforce or HubSpot; automated commission calculation and SPIFF programs triggered at deal closure; a white-label branded partner portal deployable in five days; and a built-in LMS for partner certification tracking. Unlike generic PRM systems; Suger PRM is purpose-built for organizations running both cloud marketplace co-sell motions and traditional channel reseller programs — giving partner managers a single interface for hyperscaler-driven and direct channel pipeline.,Related: Partner Relationship Management (PRM) System; Partner Portal — Suger; Commission Plan — Suger; Learning Management System (LMS) — Suger,https://doc.suger.io/prm/,2026-08-31
LicenseArn — AWS,aws,An Amazon Resource Name (ARN) that uniquely identifies each active software license issued under AWS Marketplace Concurrent Agreements. Required in all SaaS listings supporting Concurrent Agreements (mandatory for new listings as of June 1; 2026); LicenseArn is the primary key passed to ResolveCustomer; GetEntitlements; and BatchMeterUsage API calls — replacing the prior product-code and account-ID model for entitlement and metering lookup. A single AWS account can hold multiple active LicenseArns for the same product simultaneously; each with independent terms and pricing; sellers must store and pass the correct LicenseArn per license to accurately track and bill each subscription.,Related: Concurrent Agreements — AWS; Entitlement; Metered Billing,https://aws.amazon.com/blogs/awsmarketplace/complete-guide-to-upgrading-your-saas-product-to-aws-marketplace-concurrent-agreements/,2026-08-31
Joint Planning — Azure,azure; cosell,An always-on Partner Center co-sell workflow (GA February 2026) that connects ISVs and channel partners with Microsoft Small Medium Enterprise & Channel (SME&C) sellers on shared customer accounts. Partners gain early access to Microsoft-generated leads and customer insights from SME&C seller data; leads accepted through Joint Planning convert directly into co-sell opportunities tracked in Partner Center. Unlike standard co-sell referral submission — where partners initiate by sharing an opportunity — Joint Planning is Microsoft-initiated: SME&C sellers surface accounts they believe a partner can help activate; and the partner responds.,Related: Co-sell Eligible / Incentivized — Azure; APN Customer Engagements (ACE) — AWS; Partner Center — Azure,https://learn.microsoft.com/en-us/partner-center/announcements/2026-february,2026-07-06
Co-sell Referral Quality — Azure,azure; cosell,An automated quality gate Microsoft introduced in Partner Center (GA May 2026) that evaluates every inbound co-sell referral at submission against five mandatory fields: solution area or play; estimated deal value; estimated close date; customer need description; and customer contact consent. Referrals missing any required field are held or declined automatically rather than routed to a Microsoft seller; referrals passing all five fields are auto-routed to the right seller without manual review. High-quality referrals — those with complete fields plus an ACR value — receive faster seller assignment and higher engagement priority. The Azure equivalent of AWS's Opportunity Quality Score for prioritizing co-sell pipeline.,AWS equivalent: Opportunity Quality Score — AWS | Related: Co-sell Eligible / Incentivized — Azure; Partner Center — Azure; Azure Consumed Revenue (ACR) — Azure,https://learn.microsoft.com/en-us/partner-center/announcements/2026-may,2026-07-06
Marketplace Listing Association — AWS,aws; cosell; offers,A Partner Central feature (GA July 1; 2026) that lets AWS Partners link one or more AWS Marketplace solution listings directly to a co-sell opportunity in ACE. Once associated; the linked listing appears alongside the opportunity in the Partner Central pipeline view; giving AWS field sellers full context on which products are being co-sold without requiring a separate lookup. Listing association is required for certain co-sell motions where the Marketplace transaction is the intended deal vehicle — connecting the co-sell engagement record to the transactable product the customer will ultimately purchase.,Related: APN Customer Engagements (ACE) — AWS; AWS Partner Central Agents — AWS; Listing; AWS Marketplace — AWS,https://aws.amazon.com/about-aws/whats-new/2026/07/aws-marketplace-co-selling-support/,2026-07-06
PostHog Integration — Suger,suger; integrations,A Suger integration with PostHog; connected via a personal API key; giving Suger's AI agent 66 actions across events; insights; cohorts; feature flags; and experiments. It is the first product-analytics integration in Suger; distinct from existing data-warehouse connectors like BigQuery and Databricks; which move data rather than surface product usage signals.,Related: Google BigQuery Integration; Databricks Integration — Suger,https://doc.suger.io/integrations/posthog/,2026-07-20
Mailchimp Integration — Suger,suger; integrations,A Suger integration with Mailchimp; connected via OAuth on a per-user basis; giving Suger's AI agent 34 actions across audiences; contacts; campaigns; segments; templates; e-commerce data; and automations and reports. It is the first email-marketing automation integration in Suger; distinct from existing comms integrations like Slack; Teams; or Gmail; which handle messaging rather than campaign and audience management.,Related: HubSpot Integration; Salesforce Integration,https://doc.suger.io/integrations/mailchimp/,2026-08-31
QuickBooks Integration — Suger,suger; integrations,Suger's connection to QuickBooks accounting software; enabling ISVs to sync invoices; payments; and revenue data from Suger into their QuickBooks instance for financial reporting.,Related: NetSuite Integration,https://doc.suger.io/integrations/quickbooks/,2026-07-20
Partner Lead Prospecting — AWS,aws; cosell,An AI-powered feature in AWS Partner Central that generates personalized sales plays; call scripts; and email templates tailored to a target customer's industry and the partner's own portfolio. Available to all ACE-eligible partners via the Leads page or the AWS Partner Central MCP server; announced July 9; 2026.,Related: APN Customer Engagements (ACE) — AWS; AWS Partner Central Agents — AWS,https://aws.amazon.com/about-aws/whats-new/2026/07/aws-partner-central-prospecting/,2026-07-20
Collaboration Score — Suger,suger; cosell,A Suger feature (shipped June 2026) that ranks cloud partner contacts by engagement quality rather than raw activity volume; surfacing which AWS; Azure; or GCP partner-side contacts are most likely to drive a successful co-sell outcome. The score appears in the Salesforce widget; account mapping views; and cloud rep profiles; helping ISVs prioritize outreach toward the relationships most likely to convert into active co-sell engagement.,Related: Account Mapping — Suger; Co-sell; APN Customer Engagements (ACE) — AWS,https://www.suger.io/resources/blog/product-updates-june-2026,2026-07-27
Co-Sell Metrics Dashboard — Suger,suger; cosell,A three-tab reporting dashboard in Suger (shipped April 2026) that tracks co-sell performance across cloud providers — win rates by provider; closed-won revenue; and pipeline health. It includes AI-assisted failure and duplicate detection that flags broken co-sell referral syncs and auto-suggests fixes; plus a sync workflow log for auditing CRM-to-cloud-partner data flows. Designed to give partner managers a single reporting surface instead of stitching together per-cloud exports.,Related: Account Mapping — Suger; Co-sell,https://www.suger.io/resources/blog/product-updates-april-2026,2026-07-27
PRM Journeys — Suger,suger,A Suger PRM feature that sequences partners through a structured lifecycle — onboarding; certification; content refreshers; and tier progression from Gold to Platinum — with automated tracking of training completion; certification status; and engagement. Partners get self-service visibility into their own progress; while partner managers get a single view of where every partner sits in the journey without manually chasing status updates. Journeys sit on top of the existing Partner Portal and LMS; turning static tier structures into an actively managed progression path.,Related: Partner Relationship Management (PRM) — Suger; Learning Management System (LMS) — Suger; Partner Portal — Suger,https://www.suger.io/resources/blog/prm-journeys-keep-partners-engaged,2026-07-27
Cloud Commerce Producer API — GCP,gcp; offers,Google Cloud's API (announced July 2026) that lets ISVs (producers) programmatically create; manage; and publish private offers on GCP Marketplace — extending Google's existing Procurement API; which only handles entitlement-lifecycle events; to cover offer creation itself. Before this API; private offers could only be created through the Producer Portal UI; so this brings GCP's private-offer workflow in line with the programmatic offer-management APIs already available on AWS and Azure.,AWS equivalent: AWS Marketplace Catalog API — AWS | Azure equivalent: SaaS Fulfillment API — Azure | Related: Procurement API — GCP,https://cloud.google.com/marketplace/docs/partners/release-notes,2026-07-27
AWS Marketplace Single Pane of Glass (SPG) Dashboard — AWS,aws,A unified reporting dashboard for AWS Marketplace ISVs and channel partners that consolidates listing performance; customer agreements; and search performance metrics into a single view. Replaces the need to cross-reference multiple separate seller reports for a consolidated picture of marketplace performance.,Related: AWS Marketplace Management Portal (AMMP) — AWS,https://aws.amazon.com/blogs/awsmarketplace/deploy-aws-marketplace-spg-dashboard-unified-insights/,2026-07-27
Co-Sell MCP Server — Suger,suger; cosell; integrations,A Model Context Protocol (MCP) server; narrower in scope than the general-purpose Suger MCP Server; that lets reps run co-sell operations in natural language directly from Claude Desktop; Cursor; or VS Code — drafting referrals; checking opportunity status; and syncing updates to Salesforce without switching tools. Shipped June 2026 as a co-sell-focused companion to Suger's broader MCP offering.,Related: Suger MCP Server; Co-sell; Account Mapping — Suger,https://www.suger.io/resources/blog/product-updates-june-2026,2026-07-27
Partner Center Agent — Azure,azure; operations,Microsoft's AI assistant embedded in Partner Center; launched in 2025 with support for eight locales and focused on Commercial and Marketplace partner workflows — guiding ISVs through program enrollment; offer publishing; and co-sell steps via natural language. Broader integration opened up in July 2026; extending the assistant's reach across more partner workflows. Partner Center Agent parallels AWS Partner Central Agents and Google Cloud Partner Agent as Microsoft's own AI-native layer within its partner operations platform.,AWS equivalent: AWS Partner Central Agents — AWS | GCP equivalent: Google Cloud Partner Agent — GCP | Related: Partner Center — Azure,https://learn.microsoft.com/en-us/partner-center/enroll/partner-center-agent,2026-08-03
Request Private Offer — Azure,azure; offers,A self-service option ISVs can enable on a Microsoft Marketplace listing that lets buyers request a private offer with custom pricing and terms directly from the listing page; instead of starting a separate sales conversation. Requests route through existing lead-management channels — Marketplace referrals; APIs; or connected CRMs — into the ISV's normal pipeline. Available for SaaS offers; Azure application offers; Azure container offers; and Azure Virtual Machines offers; disabled by default and toggled per listing.,Related: Multiparty Private Offer (MPO) — Azure; Private Plan — Azure,https://learn.microsoft.com/en-us/partner-center/marketplace-offers/determine-your-listing-type#listing-options-by-offer-type,2026-08-03
AI Insights — AWS,aws,AI-generated explanations that appear directly in the pricing section of an AWS Marketplace listing; translating a product's pricing model into plain language before a buyer purchases. AI Insights clarifies what a pricing unit corresponds to and projects how a buyer's bill changes as usage scales; citing the underlying pricing data as its source. Rolled out across all AWS Marketplace commercial regions in August 2026 to reduce pre-purchase pricing confusion on usage-based and tiered listings.,Related: Listing; SaaS Subscription Pricing — AWS; Buyer,https://aws.amazon.com/about-aws/whats-new/2026/08/aws-marketplace-ai-insights,2026-08-09
SCA Goal Tracking — Suger,suger; cosell,A Suger Console feature that tracks a partner's progress against the joint business goals and co-sell targets defined in an AWS Strategic Collaboration Agreement (SCA); surfacing milestone attainment alongside other co-sell metrics. Shipped in Suger's June 2026 product update alongside Co-Sell MCP Server and Collaboration Score. It gives Partner Managers a single view of SCA commitment progress without manually cross-referencing AWS Partner Central.,Related: Strategic Collaboration Agreement (SCA) — AWS; Co-Sell Metrics Dashboard — Suger; Collaboration Score — Suger,https://www.suger.io/resources/blog/product-updates-june-2026/,2026-08-09
AI Agents & Tools — AWS,aws; offers,A dedicated AWS Marketplace listing category for AI agents (autonomous systems that reason; plan; and act on a buyer's behalf) and AI tools (guardrails; knowledge bases; integration protocols; and business-logic components that support them). Listings support two deployment options — API-based access to a vendor-hosted agent; or container deployment into the buyer's own AWS environment — and many integrate with Amazon Bedrock AgentCore and the Model Context Protocol (MCP) for use in agentic workflows. Buyers discover listings via semantic search or category browsing; distinct from the standard SaaS/AMI/container catalog structure.,GCP equivalent: AI Agent Listing — GCP | Azure equivalent: AI Apps and Agents — Azure | Suger equivalent: Insulin | Related: Agent Mode — AWS; AWS AI Competency — Agentic AI Categories — AWS,https://docs.aws.amazon.com/marketplace/latest/buyerguide/buyer-ai-agents-products.html,2026-08-17
Buy with AWS — AWS,aws; offers,A procurement widget that AWS Marketplace sellers embed on their own website; letting buyers request a purchase and complete checkout through AWS Marketplace without leaving the seller's page. A buyer selects Buy with AWS and submits a short form (AWS Account ID; company name; contact details); the seller's team then creates a private offer that the buyer accepts back on AWS Marketplace to finish the transaction. It moves marketplace discovery onto partner-owned marketing pages while keeping billing; entitlements; and disbursement inside AWS Marketplace.,Related: AWS Marketplace Storefront — AWS; Private Offer — AWS; Express Private Offer — AWS,https://docs.aws.amazon.com/marketplace/latest/storefrontguide/storefronts-buy-with-aws.html,2026-08-17
Software Path — AWS,aws; cosell,One of five AWS Partner Paths — alongside Hardware; Services; Training; and Distribution — for organizations that develop software running on or integrating with AWS. Enrolling in the Software Path is the entry point into the AWS Partner Network for most ISVs; unlocking Partner Central; technical enablement content; AWS Marketplace listing; and the Foundational Technical Review; it's a prerequisite for ISV Accelerate; AWS Competencies; and every AWS funding program. AWS renamed the prior 'ISV Partner Path' to the Software Path in 2026; and partners progress through Registered; Validated; and Differentiated stages tracked in the Partner Scorecard.,Related: AWS Partner Network (APN) — AWS; Foundational Technical Review (FTR) — AWS; ISV Accelerate — AWS; Partner Central 3.0 (PC3.0) — AWS,https://aws.amazon.com/partners/paths/,2026-08-17
Managed Buyer Notifications — AWS,aws; operations,AWS Marketplace's buyer-facing notification system; built on AWS User Notifications; that lets buyers subscribe to four categories — Products and Solutions; Agreements and Subscriptions; Private Offers; and Pricing Changes — and route each to a channel of their choice; including email; the AWS Console Mobile Application; Slack; or Microsoft Teams. It replaces the prior model where every buyer notification went only to the AWS account root email with no category control. All categories are enabled by default and delivered to the root email until reconfigured; category-based subscriptions become mandatory behavior in January 2027.,Related: Private Offer — AWS; Amazon EventBridge Marketplace Integration — AWS,https://aws.amazon.com/about-aws/whats-new/2026/08/aws-marketplace-managed-buyer-notifications/,2026-08-17
Broadcasts — Suger,suger; integrations,Broadcasts is a Suger PRM feature that lets a partner manager compose a single message and send it simultaneously to every connected partner Slack channel; rather than posting to each channel individually. It complements Slack Integration's automated per-channel event notifications by giving teams a manual; one-to-many channel for announcements; program updates; or time-sensitive partner asks. Shipped in Suger's July 27; 2026 release.,Related: Slack Integration; Partner Portal — Suger,https://www.suger.io/resources/changelog/#release-2026-07-27,2026-08-17
Insulin Inbox App — Suger,suger,Insulin Inbox App is a rebuilt email interface within Suger Insulin that gives agents and users full email support alongside Insulin's existing Chat and Channel surfaces. It lets teams read; send; and act on email directly inside the Insulin workspace; extending Insulin's communication surfaces beyond Slack- and Teams-style channel messaging into email-based workflows. Shipped in Insulin's July 27; 2026 release.,Related: Insulin Chat — Suger; Insulin Channel — Suger,https://www.insulin.dev/changelog/#release-2026-07-27,2026-08-17
Managed Partner Notifications — AWS,aws; operations,AWS Marketplace's partner-facing notification system; built on AWS User Notifications; that lets sellers subscribe to four categories — product listings (open tasks; recurring AMI/container scan findings); offers and agreements (private offers; reseller activity); payments and disbursements (payment requests; billing adjustments); and account management (verification/approval actions) — and route each to a channel of their choice. Delivery options include email to the account's root address or additional addresses; the AWS Console Mobile Application; or Amazon Q Developer in chat apps such as Slack and Microsoft Teams. It mirrors Managed Buyer Notifications — AWS on the seller side of the marketplace; configured through the same AWS User Notifications console.,Related: Managed Buyer Notifications — AWS; Amazon EventBridge Marketplace Integration — AWS; Slack Integration,https://aws.amazon.com/about-aws/whats-new/2026/08/aws-marketplace/,2026-08-24
Mandatory Purchase Orders — AWS,aws; procurement,An AWS Marketplace governance control that lets an organization's administrators require a purchase order (PO) number before a purchase can complete; and display custom guidance text to specific buyer audiences during checkout. It's enforced at the AWS Organization level; giving procurement teams a way to apply internal purchasing policy across every account in the org rather than relying on buyers to self-report a PO number after the fact. Distinct from the `UpdatePurchaseOrders` operation in the AWS Marketplace Agreements API; which only edits the PO field on an agreement that already exists — this control governs whether a purchase can be made at all.,Related: AWS Marketplace Agreements API — AWS; Private Marketplace — AWS,https://aws.amazon.com/blogs/awsmarketplace/enabling-mandatory-purchase-orders-and-custom-guidance-in-aws-marketplace/,2026-08-24
FedRAMP,general; aws; azure; gcp,A US government security authorization (Federal Risk and Authorization Management Program) that determines whether a federal agency is permitted to run a given piece of software; independent of whether that software is also listed on a cloud marketplace. A FedRAMP authorization and a marketplace listing are separate gates — an ISV can hold one without the other — but government buyers typically need both before they can purchase and deploy: FedRAMP to legally run the software; and a transactable marketplace listing (or GovCloud/sovereign-region equivalent) to procure it through their existing cloud spend.,Related: AWS European Sovereign Cloud Marketplace; AWS Specialization — AWS,https://www.suger.io/resources/blog/fedramp-and-your-marketplace-listing/,2026-08-24
Dragon Copilot Physician Apps and Agents — Azure,azure; operations,A Microsoft Copilot product surface for US healthcare that lets ISVs build physician-facing apps and agents on top of Dragon Copilot; Microsoft's clinical documentation and workflow assistant. Listings in this category are transactable through the Microsoft Marketplace like other Azure offers; but scoped narrowly to clinical use cases (e.g. ambient documentation; order entry assistance) rather than general-purpose SaaS or IaaS. Announced as part of Microsoft Partner Center's August 2026 update.,Related: Professional Services Offer — Azure; Microsoft Marketplace — Azure,https://learn.microsoft.com/en-us/partner-center/announcements/2026-august,2026-08-24
Well-Architected Framework Review (WAFR) — AWS,aws; cosell,A structured evaluation of a workload's architecture against the AWS Well-Architected Framework's six pillars — operational excellence; security; reliability; performance efficiency; cost optimization; and sustainability — conducted via the free self-service AWS Well-Architected Tool; an AWS Solutions Architect; or a certified AWS Well-Architected Partner. The review flags high-risk issues and produces a remediation plan rather than a pass/fail score. For AWS ISV partners; a WAFR that is AWS-led (not self-service or partner-led) and completed within the past 12 months; with no outstanding high-risk items; can be submitted in place of the standard Foundational Technical Review (FTR) process.,Related: Foundational Technical Review (FTR) — AWS; AWS Specialization — AWS,https://docs.aws.amazon.com/wellarchitected/latest/framework/welcome.html,2026-08-24
Growth Margins — Azure,azure; funding,A Microsoft partner incentive mechanism launching October 2026 as part of the FY27 AI Cloud Partner Program restructuring; replacing flat run-rate rebates on Modern Work and Dynamics 365 with earnings tied to specific growth motions — new-to-offer sales; customer expansion; and adoption of strategic Microsoft solutions. Eligible Cloud Solution Provider (CSP) distributors and direct-bill partners earn an additional partner price on top of standard transaction economics when a Growth Margin applies; with rates varying by growth scenario. Growth Margins roll out alongside Frontier Accelerate for Marketplace; which unifies ISV Success; Marketplace Rewards; Azure IP Co-sell; and Certified Software Designation into one program.,Related: Cloud Solution Provider (CSP) — Azure; Marketplace Rewards — Azure; ISV Success Program — Azure; Frontier Accelerate for Marketplace — Azure,https://partner.microsoft.com/asset/collection/growth-margins-partner-resources#/,2026-08-31
Eligibility Dashboard — Azure,azure; operations,A Partner Center feature; rolling out to direct-bill partners through mid-September 2026; that consolidates a Cloud Solution Provider (CSP) partner's direct-bill authorization status into one view. It validates partner-global-account-level requirements (trailing-twelve-month revenue of at least $1M; an active support plan; Solutions Partner Designation) alongside tenant-level requirements (the Security Requirement; MAICPP enrollment); showing what's complete; what still needs action; and key deadlines. It ties to the updated CSP direct-bill authorization requirements that have applied to direct-bill partners; distributors; and indirect resellers since October 1; 2025.,Related: Cloud Solution Provider (CSP) — Azure; Microsoft AI Cloud Partner Program (MPN) — Azure,https://learn.microsoft.com/en-us/partner-center/enroll/direct-bill-eligibility-requirements,2026-08-31
Private Offer — Alibaba,alibaba; offers,A customized; unpaid order an Alibaba Cloud Marketplace seller creates and pushes directly to one specific buyer; referenced only by the buyer's root-account UID — RAM sub-accounts aren't accepted. Sellers configure custom pricing; duration; and quantity against a product with Contact Sales enabled; and may attach a signed contract (PDF or DOCX; up to 10MB). The order auto-cancels if unpaid within 7 days; and payment itself constitutes buyer acceptance.,AWS equivalent: Private Offer — AWS | Azure equivalent: Private Offer — Azure | GCP equivalent: Private Offer — GCP | Oracle equivalent: Private Offer — Oracle | Related: Alibaba Cloud Marketplace — Alibaba,https://help.aliyun.com/en/marketplace/alibaba-cloud-marketplace-private-offer,2026-08-31
Oracle Universal Credits — Oracle,oracle; billing,Oracle's annual prepaid cloud spending commitment — a customer commits to a level of annual Oracle Cloud Infrastructure (OCI) spend; then draws those credits down based on actual usage across any eligible OCI service or region. As of mid-2026; eligible Oracle Cloud Marketplace purchases — including third-party AI models such as OpenAI's; sold via a dedicated Marketplace listing — can be charged against Universal Credits; giving Oracle buyers a committed-spend drawdown path comparable to AWS EDP; Azure MACC; GCP CUD; and Snowflake MCD.,AWS equivalent: Enterprise Discount Program (EDP) — AWS | Azure equivalent: Azure Consumption Commitment (MACC) — Azure | GCP equivalent: Committed Use Discount (CUD) — GCP | Snowflake equivalent: Marketplace Capacity Drawdown (MCD) — Snowflake | Related: Cloud Committed Spend (CCS); Oracle Cloud Marketplace — Oracle,https://blogs.oracle.com/oraclemarketplace/put-your-oracle-cloud-commitment-to-work-with-openai-models,2026-08-31
Cortex Agents and MCP Servers — Snowflake,snowflake; integrations,A Snowflake Native App Framework capability; generally available August 7; 2026; that lets providers embed a Cortex Agent — a conversational interface over the app's shared data and functions — and a Snowflake-managed or Snowpark Container Services-hosted MCP server directly into a monetizable Snowflake Marketplace listing. The MCP server exposes app objects such as Cortex Search services; semantic views; procedures; and UDFs as MCP tools; and apps can call another app's agent or MCP server via inter-app communication; with each provider controlling what it exposes.,Related: Snowflake Marketplace — Snowflake; Suger MCP Server; AWS Marketplace MCP Server — AWS,https://docs.snowflake.com/en/release-notes/2026/other/2026-08-07-native-apps-agents-mcp-ga,2026-08-31
Managed Entitlements — AWS,aws; operations,An AWS License Manager mechanism that lets an AWS Organizations payer or management account distribute usage rights for an AWS Marketplace subscription — AMI; container; ML; or foundation-model product — to other member accounts instead of each account subscribing and paying separately. The purchasing account subscribes; enables subscription sharing; then creates grants that member accounts accept and activate. For Amazon Bedrock foundation models specifically; setup must occur in the US East (N. Virginia) Region.,Related: Entitlement; GetEntitlements API — AWS,https://aws.amazon.com/marketplace/features/managed-entitlements/,2026-08-31
Insulin AWS Support — Suger,suger,A built-in Insulin app that surfaces an organization's AWS Support cases inside Suger without switching consoles — listing cases with status and last update; opening new cases (subject; service; severity; description; attachments; CC list); and carrying the reply thread bidirectionally with AWS Support Center. Case resolution and closing still happen only in AWS Support Center itself. Requires a verified AWS Support integration and an AWS account on Business; Enterprise On-Ramp; or Enterprise Support — Basic and Developer support plans aren't eligible.,Related: Insulin; Insulin Agent — Suger; Insulin Channel — Suger,https://doc.suger.io/insulin/aws-support/,2026-08-31
Insulin Integration — Suger,suger,A connected external system — CRM; data warehouse; ticketing tool; or knowledge source — that an Insulin agent can be granted scoped access to; functioning as the platform's security boundary for agent actions. Access isn't automatic: an agent's runtime reach depends on its ownership level (org-level agents use only org-level integrations; user-level agents use integrations the user has selected) and an optional allowlist; with knowledge-base integrations further scoped to Read or Read/Edit.,Related: Insulin Agent — Suger; Insulin; Integration,https://doc.suger.io/insulin/agents/,2026-08-31
Ashby Integration — Suger,suger; integrations,An organization-level Suger integration with Ashby; an applicant tracking and recruiting platform; authenticated via an API key over HTTP Basic auth (validated against Ashby before saving). Gives Suger's AI agent 23 actions across five areas — candidates; applications; jobs and postings; interviews; and notes/org data — letting teams read and update the recruiting pipeline directly from Suger workflows or chat. Module-level permissions in Ashby (Candidates; Jobs; Interviews; etc.) scope what the connection can access; editing an existing key isn't supported; only delete-and-recreate.,Related: Integration; Lever Integration — Suger,https://doc.suger.io/integrations/ashby/,2026-08-31
Intercom Integration — Suger,suger; integrations,An organization-wide Suger integration with Intercom; a customer messaging and support platform; authenticated via OAuth 2.0 — one Intercom administrator authorizes Suger once; and Suger stores and auto-refreshes the token for the whole organization; user-level connections aren't offered since Intercom permissions are already workspace-wide. Gives Suger's AI agent 42 actions across six areas — conversations; contacts; companies; help center; tags; and notes/admin — letting teams manage support conversations and contacts from Suger workflows or chat. Currently limited to US-region Intercom workspaces; EU and Australian workspaces require contacting support first.,Related: Integration; CRM Integration,https://doc.suger.io/integrations/intercom/,2026-08-31
Ironclad Integration — Suger,suger; integrations,An organization-level Suger integration with Ironclad; a contract lifecycle management platform; authenticated via an OAuth 2.0 client-credentials grant registered inside the customer's own Ironclad environment — Suger exchanges client credentials for access tokens under a fixed acting user; and Ironclad's per-account client registration model means only org-level connections are possible. Gives Suger's AI agent 46 actions across nine areas — workflows; approvals; signatures; documents; comments/history; workflow schemas; records; entities; and webhooks — letting teams drive contract creation; approvals; and signature status from Suger. Ironclad's own documentation recommends using a dedicated integration user rather than a real employee's account; since the acting user is fixed at connection time and applies organization-wide.,Related: Integration; DocuSign Integration — Suger,https://doc.suger.io/integrations/ironclad/,2026-08-31
Lever Integration — Suger,suger; integrations,An organization-level Suger integration with Lever; a talent acquisition and applicant tracking platform; authenticated via an API key over HTTP Basic auth — user-level OAuth isn't available because Lever gates that model behind its own partner program. Gives Suger's AI agent 61 actions spanning opportunities; candidate details; job postings; requisitions; interviews; feedback forms; notes; user accounts; webhooks; reference data; and EEO compliance data; letting teams read and modify the hiring pipeline from Suger workflows or chat. The EEO-data action returns personally identifiable information and should be treated as regulated data with appropriate access controls.,Related: Integration; Ashby Integration — Suger,https://doc.suger.io/integrations/lever/,2026-08-31
ServiceNow Integration — Suger,suger; integrations,An organization-level Suger integration with ServiceNow; an IT service management platform; authenticated via an OAuth 2.0 client-credentials grant against an OAuth client registered in the customer's own ServiceNow instance — tokens last roughly 30 minutes with no refresh mechanism; and per-instance client registration means user-level connections aren't practical. Gives Suger's AI agent 40 actions covering incidents; problems; change management; approvals; service catalog items; knowledge articles; users and groups; arbitrary table reads; and attachments; letting teams read and act on ITSM records from Suger workflows or chat. User and group creation or deletion requires the ServiceNow `admin` role on the connection's Application User; not just the base `itil` role.,Related: Integration,https://doc.suger.io/integrations/servicenow/,2026-08-31
Workday Integration — Suger,suger; integrations,An organization-level Suger integration with Workday's enterprise HR and finance platform; authenticated via an OAuth 2.0 client-credentials flow against an API client registered in the customer's own Workday tenant — user-level connections aren't available since the client lives inside the customer's tenant; not Suger's. Gives Suger's AI agent 15 actions across five areas — workers; organizations; job requisitions; time off; and custom queries — with every action read-only except submitting a time-off request. Includes an `execute-wql-query` escape hatch for running Workday Query Language directly when the typed tools don't cover a need; requires the customer's Workday host and tenant identifier; which Suger can't discover automatically.,Related: Integration,https://doc.suger.io/integrations/workday/,2026-08-31
Baseten Integration,suger; integrations,Suger's bring-your-own-key (BYOK) connection to Baseten; an AI model hosting platform for custom-deployed models. Users generate a Baseten API key and add it in Suger's console — validated against Baseten before storage — at either the organization level (shared; admin-managed) or the user level (personal). Once connected; Baseten-hosted models appear in Suger's model picker for Insulin agents; chat; and inference; with usage billed directly by Baseten rather than through Suger. Baseten doesn't provide embedding models; so knowledge-base embeddings still require a different provider.,Related: OpenAI Integration; Fireworks AI Integration; Together AI Integration,https://doc.suger.io/integrations/baseten/,2026-08-31
DeepInfra Integration,suger; integrations,Suger's bring-your-own-key (BYOK) connection to DeepInfra; an AI model provider. Users generate a DeepInfra API key and add it in Suger's console — validated against DeepInfra before storage — at either the organization level (shared; admin-managed) or the user level (personal). Connected DeepInfra models; including its BGE-M3 and Qwen3 Embedding 0.6B embedding models; become selectable across Suger's Insulin agents; chat; inference; and knowledge-base embeddings; with usage billed directly by DeepInfra rather than through Suger.,Related: OpenAI Integration; OpenRouter Integration; Together AI Integration,https://doc.suger.io/integrations/deepinfra-byok/,2026-08-31
Fireworks AI Integration,suger; integrations,Suger's bring-your-own-key (BYOK) connection to Fireworks AI; an AI model provider. Users generate a Fireworks API key and add it in Suger's console — validated against Fireworks before storage — at either the organization level (shared; admin-managed) or the user level (personal). Connected Fireworks models; including embedding options like Nomic Embed v1.5; become selectable across Suger's Insulin agents; chat; inference; and knowledge-base embeddings; with usage billed directly by Fireworks rather than through Suger.,Related: OpenAI Integration; Baseten Integration; Together AI Integration,https://doc.suger.io/integrations/fireworks/,2026-08-31
OpenRouter Integration,suger; integrations,Suger's bring-your-own-key (BYOK) connection to OpenRouter; an AI model provider that routes requests to multiple underlying language models through one API. Users generate an OpenRouter API key and add it in Suger's console — validated against OpenRouter before storage — at either the organization level (shared; admin-managed) or the user level (personal). Connected OpenRouter models; including its BGE-M3 embedding model; become selectable across Suger's Insulin agents; chat; inference; and knowledge-base embeddings; with usage billed directly by OpenRouter rather than through Suger.,Related: OpenAI Integration; DeepInfra Integration; Together AI Integration,https://doc.suger.io/integrations/openrouter/,2026-08-31
Together AI Integration,suger; integrations,Suger's bring-your-own-key (BYOK) connection to Together AI; an AI model provider. Users generate a Together API key and add it in Suger's console — validated against Together before storage — at either the organization level (shared; admin-managed) or the user level (personal). Connected Together models; including its multilingual-e5-large-instruct embedding model; become selectable across Suger's Insulin agents; chat; inference; and knowledge-base embeddings; with usage billed directly by Together rather than through Suger.,Related: OpenAI Integration; Baseten Integration; OpenRouter Integration,https://doc.suger.io/integrations/together/,2026-08-31
Console Publishing — Oracle,oracle; operations,Oracle's OCI Console-native workflow for Marketplace publishers to create and manage listings; artifacts; terms; and private offers. It replaced the standalone Partner Portal; which Oracle has deprecated and no longer makes accessible — publishers authenticate with their existing OCI tenancy credentials instead of a separate login; and manage the full listing lifecycle (creation; artifacts; terms; private offers) from within the OCI Console itself.,AWS equivalent: AWS Marketplace Management Portal (AMMP) — AWS | Related: Oracle Cloud Marketplace — Oracle; Private Offer — Oracle,https://docs.oracle.com/en-us/iaas/Content/Marketplace/console-publishing.htm,2026-08-31
Alibaba Cloud Partner Network (ACPN) Console — Alibaba,alibaba; operations,Alibaba's seller-facing management console for Cloud Marketplace vendors; accessed by logging into the ACPN (Alibaba Cloud Partner Network) console and navigating to its Marketplace section. Sellers configure store branding (name; logo; promotional images); manage product listings; and use Delivery Center to track after-sales service delivery quality; which factors into a seller's product strength score.,AWS equivalent: AWS Marketplace Management Portal (AMMP) — AWS | Related: Alibaba Cloud Marketplace — Alibaba,https://www.alibabacloud.com/help/en/marketplace/store-management,2026-08-31
