id,platform,date,title,summary,type,sourceUrl,impact
"aws-2026-09-03-run-apache-spark-up-to-10x-faster-with-datapelago-","AWS","2026-09-03","Run Apache Spark up to 10x faster with DataPelago on Amazon EKS","A major bottleneck for controlling Apache Spark costs or scaling analytics and AI workloads is Spark's hard dependency on traditional CPU-only infrastructure.","blog","https://aws.amazon.com/blogs/apn/run-apache-spark-up-to-10x-faster-with-datapelago-on-amazon-eks/","low"
"azure-2026-09-03-join-partnering-for-success-together","Azure","2026-09-03","Join Partnering for Success Together","Register for the monthly partner skilling session on September 9 to stay up to date on the latest partner updates and turn them into customer impact.","release","https://learn.microsoft.com/en-us/partner-center/announcements/2026-september#join-partnering-for-success-together","high"
"aws-2026-09-02-private-offer-auto-renewals-scale-predictable-reve","AWS","2026-09-02","Private offer auto-renewals: Scale predictable revenue with AWS Marketplace","In this post; we cover how auto-renewals for AWS Marketplace private offers work; the pricing options; and how to get started. The post is written for sellers; with buyers in mind.","blog","https://aws.amazon.com/blogs/awsmarketplace/private-offer-auto-renewals-scale-predictable-revenue-with-aws-marketplace/","low"
"azure-2026-09-02-new-csp-sandbox-offer-construct-preview","Azure","2026-09-02","New CSP sandbox offer construct preview","Prepare for the shift to consumption-based offers: Validate the flex spend plan in the sandbox environment starting September 1; 2026.","pricing","https://learn.microsoft.com/en-us/partner-center/announcements/2026-september#new-csp-sandbox-offer-construct-preview","high"
"suger-2026-09-02-announcement-suger-selected-to-support-isv-onboard","Suger","2026-09-02","Announcement Suger Selected to Support ISV Onboarding on AWS Through AWS 3PI PDM Pilot Suger has been selected as a laun","Announcement Suger Selected to Support ISV Onboarding on AWS Through AWS 3PI PDM Pilot Suger has been selected as a launch 3rd Party Integrator (3PI) for a new AWS pilot program that scales early-stage partner onboarding and co-sell enablement across the AWS Partner Network.","blog","https://www.suger.io/resources/blog/suger-selected-aws-3pi-pdm-pilot/","high"
"aws-2026-09-01-say-hello-to-158-new-aws-competency-and-msp-partne","AWS","2026-09-01","Say Hello to 158 New AWS Competency and MSP Partners Added in August","We are excited to highlight 158 AWS Partners that received new or renewed specializations in August for our global AWS Competency; AWS Managed Service Provider (MSP); AWS Service Delivery; and AWS Service Ready programs.","blog","https://aws.amazon.com/blogs/apn/say-hello-to-158-new-aws-competency-service-delivery-service-ready-and-msp-partners-added-in-august/","medium"
"aws-2026-09-01-aws-marketplace-reduces-listing-fee-for-profession","AWS","2026-09-01","AWS Marketplace reduces listing fee for professional services in multi-product solutions","AWS Marketplace now offers a 0% listing fee for professional services purchased as part of a qualifying multi-product solution. This builds on the recent reduction of professional services listing fee to 0.5%.","pricing","https://aws.amazon.com/about-aws/whats-new/2026/09/aws-marketplace-fee-professional-services/","low"
"aws-2026-09-01-aws-marketplace-now-supports-auto-renewals-for-pri","AWS","2026-09-01","AWS Marketplace now supports auto-renewals for private offers","AWS Marketplace now supports auto-renewals for private offers. This capability helps sellers and buyers maintain active software and service subscriptions without re-negotiation or re-purchasing at the end of the term.","feature","https://aws.amazon.com/about-aws/whats-new/2026/09/aws-marketplace-auto-renewals-for-private-offers","medium"
"azure-2026-09-01-purchase-order-mapping-in-microsoft-marketplace","Azure","2026-09-01","Purchase order mapping in Microsoft Marketplace","By connecting Microsoft Marketplace purchases to purchase orders; customers can better manage spend while partners unlock more customer opportunities.","pricing","https://learn.microsoft.com/en-us/partner-center/announcements/2026-september#purchase-order-mapping-in-microsoft-marketplace","low"
"aws-2026-08-31-partner-revenue-measurement-expands-service-covera","AWS","2026-08-31","Partner Revenue Measurement expands service coverage for User Agent string capability","Partner Revenue Measurement User Agent string now supports additional AWS services. Partner Revenue Measurement allows Partners to better understand their AWS revenue impact and product consumption patterns.","pricing","https://aws.amazon.com/about-aws/whats-new/2026/08/partner-revenue-measurement-user-agent-expansion/","medium"
"aws-2026-08-31-solution-matching-engine-your-gateway-to-aws-selle","AWS","2026-08-31","Solution Matching Engine: Your Gateway to AWS Sellers","When customers come to AWS with a business challenge; sellers need to identify the right partner and solution—fast. Here are three actions you can take today in AWS Partner Central and AWS Marketplace to make your listings easier to find; understand; and recommend.","blog","https://aws.amazon.com/blogs/apn/solution-matching-engine-your-gateway-to-aws-sellers/","low"
"azure-2026-08-31-fy27-august-skilling-updates","Azure","2026-08-31","FY27 August skilling updates","Two Microsoft certifications retired on August 31 and have new; AI-focused replacements. Review the updated specialization skilling requirements.","policy","https://learn.microsoft.com/en-us/partner-center/announcements/2026-august#fy27-august-skilling-updates","high"
"azure-2026-08-31-showcase-your-frontier-ai-expertise","Azure","2026-08-31","Showcase your Frontier AI expertise","Earn the Frontier Transformation Engineer badge and show that your team is ready to deliver Microsoft Frontier AI solutions.","release","https://learn.microsoft.com/en-us/partner-center/announcements/2026-august#showcase-your-frontier-ai-expertise","low"
"aws-2026-08-27-how-oceanbase-unifies-transactions-analytics-and-a","AWS","2026-08-27","How OceanBase unifies transactions analytics and AI on AWS","Modern data architectures often rely on separate databases for transactions; analytics; and AI; leading to extract; transform; and load (ETL) latency; data inconsistency; and rising costs.","blog","https://aws.amazon.com/blogs/apn/how-oceanbase-unifies-transactions-analytics-and-ai-on-aws/","low"
"azure-2026-08-27-introducing-the-eligibility-dashboard","Azure","2026-08-27","Introducing the Eligibility Dashboard","Eligibility Dashboard: your single location to track Cloud Solution Provider (CSP) direct bill authorization requirements.","pricing","https://learn.microsoft.com/en-us/partner-center/announcements/2026-august#introducing-the-eligibility-dashboard","high"
"suger-2026-08-27-aws-aws-re-invent-2026-a-marketplace-prep-checklis","Suger","2026-08-27","AWS AWS re:Invent 2026: A Marketplace Prep Checklist re:Invent rewards the sellers who did the work beforehand. The mark","AWS AWS re:Invent 2026: A Marketplace Prep Checklist re:Invent rewards the sellers who did the work beforehand. The marketplace; co-sell and offer prep worth finishing before you land in Las Vegas. Aug 27; 2026","blog","https://www.suger.io/resources/blog/aws-reinvent-2026-marketplace-prep/","low"
"suger-2026-08-27-cloud-gtm-getting-your-listing-ready-for-event-tra","Suger","2026-08-27","Cloud GTM Getting Your Listing Ready for Event Traffic A conference sends the highest-intent traffic you get all year to","Cloud GTM Getting Your Listing Ready for Event Traffic A conference sends the highest-intent traffic you get all year to a page you have not read since launch. The audit worth doing before it arrives. Aug 27; 2026","blog","https://www.suger.io/resources/blog/listing-ready-for-event-traffic/","high"
"suger-2026-08-27-cloud-gtm-instrumenting-your-marketplace-motion-fo","Suger","2026-08-27","Cloud GTM Instrumenting Your Marketplace Motion for 2027 Every marketplace target eventually meets the question nobody p","Cloud GTM Instrumenting Your Marketplace Motion for 2027 Every marketplace target eventually meets the question nobody prepared for: where does that number come from? Instrument the answer before January. Aug 27; 2026","blog","https://www.suger.io/resources/blog/instrumenting-your-marketplace-motion-for-2027/","low"
"suger-2026-08-27-cloud-gtm-planning-your-2027-cloud-gtm-strategy-a-","Suger","2026-08-27","Cloud GTM Planning Your 2027 Cloud GTM Strategy: A Framework Most cloud GTM plans are last year's plan with bigger numbe","Cloud GTM Planning Your 2027 Cloud GTM Strategy: A Framework Most cloud GTM plans are last year's plan with bigger numbers on it. A framework for writing one that survives contact with January. Aug 27; 2026","blog","https://www.suger.io/resources/blog/planning-your-2027-cloud-gtm-strategy/","low"
"suger-2026-08-27-aws-aws-managed-entitlements-for-foundation-models","Suger","2026-08-27","AWS AWS Managed Entitlements for Foundation Models A foundation model bought once by the payer account is useless to the","AWS AWS Managed Entitlements for Foundation Models A foundation model bought once by the payer account is useless to the twelve teams that need it. Managed entitlements are how the purchase reaches them. Aug 27; 2026","blog","https://www.suger.io/resources/blog/managed-entitlements-for-foundation-models/","low"
"suger-2026-08-27-aws-turning-re-invent-conversations-into-ace-refer","Suger","2026-08-27","AWS Turning re:Invent Conversations Into ACE Referrals Badge scans are not pipeline. The discipline that turns a hallway","AWS Turning re:Invent Conversations Into ACE Referrals Badge scans are not pipeline. The discipline that turns a hallway conversation at an AWS event into a co-sell referral an AWS seller will actually work. Aug 27; 2026","blog","https://www.suger.io/resources/blog/reinvent-conversations-to-ace-referrals/","low"
"suger-2026-08-27-insulin-a-90-day-enterprise-ai-adoption-plan-that-","Suger","2026-08-27","Insulin: A 90-Day Enterprise AI Adoption Plan That Works","Ninety days is enough to get real work running on AI; and not enough to boil the ocean. A three-phase plan with a gate at the end of each one.","blog","https://www.insulin.dev/blog/90-day-enterprise-ai-adoption-plan/","low"
"suger-2026-08-27-insulin-the-ai-agent-sandbox-test-before-productio","Suger","2026-08-27","Insulin: The AI Agent Sandbox: Test Before Production","Knowing what to test is half the problem. The other half is where — because an agent's first real write should not land in the system your business runs on.","blog","https://www.insulin.dev/blog/ai-agent-sandbox-before-production/","low"
"suger-2026-08-27-insulin-ai-email-and-crm-automation-with-approval","Suger","2026-08-27","Insulin: AI Email and CRM Automation; With Approval","The reply and the CRM update are the same piece of work; done twice. How to automate both as one flow that still waits for a person before anything leaves.","blog","https://www.insulin.dev/blog/ai-email-crm-automation-with-approval/","medium"
"suger-2026-08-27-insulin-ai-model-governance-choosing-by-workflow-r","Suger","2026-08-27","Insulin: AI Model Governance: Choosing by Workflow Risk","Picking one model for the whole company means overpaying for triage and under-thinking the work that matters. Choose per workflow; by what failure costs.","blog","https://www.insulin.dev/blog/ai-model-governance-by-workflow-risk/","low"
"suger-2026-08-27-insulin-ai-training-for-employees-who-work-with-ag","Suger","2026-08-27","Insulin: AI Training for Employees Who Work With Agents","Prompt tips are the least useful thing you can teach. What people actually need is the judgement to delegate work; check it; and know when to stop.","blog","https://www.insulin.dev/blog/ai-training-for-employees/","low"
"suger-2026-08-27-insulin-handling-aws-support-cases-with-an-ai-agen","Suger","2026-08-27","Insulin: Handling AWS Support Cases With an AI Agent","Half of a support case is assembling evidence you already have. That part an agent can do — the filing and the replying still wait for a person.","blog","https://www.insulin.dev/blog/aws-support-cases-ai-agent/","low"
"suger-2026-08-27-insulin-the-enterprise-ai-operating-model-central-","Suger","2026-08-27","Insulin: The Enterprise AI Operating Model: Central or Not","Centralize AI and it becomes a queue. Federate it and you get forty versions of the same agent. The operating model that avoids both.","blog","https://www.insulin.dev/blog/enterprise-ai-operating-model/","low"
"suger-2026-08-27-insulin-how-an-enterprise-ai-workspace-fits-togeth","Suger","2026-08-27","Insulin: How an Enterprise AI Workspace Fits Together","Most companies now own a dozen disconnected AI tools. An enterprise AI workspace is the alternative: one place where chat; knowledge; agents and jobs share a spine.","blog","https://www.insulin.dev/blog/enterprise-ai-workspace/","low"
"aws-2026-08-26-sailpoint-agent-identity-security-for-ai-agents-on","AWS","2026-08-26","SailPoint Agent Identity Security for AI agents on Amazon Bedrock AgentCore","As enterprises deploy AI agents at scale; traditional identity governance designed for human users can't keep pace. With 80% of organizations reporting unintended agent actions; the need for purpose-built agent identity security has never been greater.","blog","https://aws.amazon.com/blogs/apn/sailpoint-agent-identity-security-for-ai-agents-on-amazon-bedrock-agentcore/","low"
"azure-2026-08-26-microsoft-partner-compliance-readiness-training-no","Azure","2026-08-26","Microsoft Partner Compliance Readiness training now available in the Partner Skilling hub","Microsoft is pleased to announce that the Microsoft Partner Compliance Readiness training gallery is now available through the Partner Skilling hub.","policy","https://learn.microsoft.com/en-us/partner-center/announcements/2026-august#microsoft-partner-compliance-readiness-training-now-available-in-the-partner-skilling-hub","high"
"azure-2026-08-25-growth-margins-and-api-readiness-updates","Azure","2026-08-25","Growth margins and API readiness updates","Prepare for new growth margin opportunities and upcoming API changes with readiness resources and technical guidance.","pricing","https://learn.microsoft.com/en-us/partner-center/announcements/2026-august#growth-margins-and-api-readiness-updates","medium"
"azure-2026-08-24-drive-more-marketing-roi-in-fy27","Azure","2026-08-24","Drive more marketing ROI in FY27","New Omdia research shows how high-growth partners are winning today’s buyers. Is your marketing strategy ready?","blog","https://learn.microsoft.com/en-us/partner-center/announcements/2026-august#drive-more-marketing-roi-in-fy27","low"
"azure-2026-08-24-guide-every-copilot-in-30-trial-with-a-personalize","Azure","2026-08-24","Guide every Copilot-in-30 trial with a personalized 30-day success plan","Guide every Copilot-in-30 trial with a personalized 30-day success plan.","pricing","https://learn.microsoft.com/en-us/partner-center/announcements/2026-august#guide-every-copilot-in-30-trial-with-a-personalized-30-day-success-plan","high"
"suger-2026-08-24-marketplaces-alibaba-marketplace-private-offers-vs","Suger","2026-08-24","Marketplaces Alibaba Marketplace: Private Offers vs Promotions On Alibaba Cloud Marketplace; a private offer and a Promo","Marketplaces Alibaba Marketplace: Private Offers vs Promotions On Alibaba Cloud Marketplace; a private offer and a Promotion Center discount solve different deals. How to tell which one a given deal actually needs. Aug 24; 2026","blog","https://www.suger.io/resources/blog/alibaba-marketplace-private-offers-vs-promotions/","low"
"suger-2026-08-24-aws-aws-marketplace-storefront-vs-buy-with-aws-aws","Suger","2026-08-24","AWS AWS Marketplace Storefront vs Buy with AWS AWS now gives sellers four ways to surface Marketplace commerce: Buy with","AWS AWS Marketplace Storefront vs Buy with AWS AWS now gives sellers four ways to surface Marketplace commerce: Buy with AWS; a branded Storefront; the Discovery API; and the Agreements API. Which fits your buyer. Aug 24; 2026","blog","https://www.suger.io/resources/blog/aws-marketplace-storefront-vs-buy-with-aws/","low"
"suger-2026-08-24-cloud-gtm-closing-cloud-marketplace-deals-before-y","Suger","2026-08-24","Cloud GTM Closing Cloud Marketplace Deals Before Year-End Year-end is a marketplace seller's best window: committed-spen","Cloud GTM Closing Cloud Marketplace Deals Before Year-End Year-end is a marketplace seller's best window: committed-spend clocks and budget flush align. How to use them; and the fastest compliant path to close. Aug 24; 2026","blog","https://www.suger.io/resources/blog/closing-marketplace-deals-before-year-end/","low"
"suger-2026-08-24-security-how-to-cut-security-questionnaire-cycle-t","Suger","2026-08-24","Security How to Cut Security Questionnaire Cycle Time Security review adds weeks to marketplace deals; and it's the same","Security How to Cut Security Questionnaire Cycle Time Security review adds weeks to marketplace deals; and it's the same questions every time. How a reusable evidence pack lets you answer once instead of per deal. Aug 24; 2026","blog","https://www.suger.io/resources/blog/cutting-security-questionnaire-cycles/","low"
"suger-2026-08-24-azure-microsoft-marketplace-custom-contract-length","Suger","2026-08-24","Azure Microsoft Marketplace Custom Contract Lengths Microsoft now supports private-offer terms from 1 to 120 months. How","Azure Microsoft Marketplace Custom Contract Lengths Microsoft now supports private-offer terms from 1 to 120 months. How nonstandard durations like 18 months work — how they bill; and how they renew. Aug 24; 2026","blog","https://www.suger.io/resources/blog/microsoft-marketplace-custom-contract-lengths/","medium"
"suger-2026-08-24-azure-microsoft-marketplace-request-private-offer-","Suger","2026-08-24","Azure Microsoft Marketplace Request Private Offer Microsoft's Request Private Offer turns an Azure Marketplace listing i","Azure Microsoft Marketplace Request Private Offer Microsoft's Request Private Offer turns an Azure Marketplace listing into an inbound demand channel. How to enable it; route the lead; and qualify the deal. Aug 24; 2026","blog","https://www.suger.io/resources/blog/microsoft-marketplace-request-private-offer/","low"
"suger-2026-08-24-aws-migrating-to-the-new-aws-partner-central-ace-a","Suger","2026-08-24","AWS Migrating to the New AWS Partner Central (ACE) AWS moved Partner Central into the AWS Console and is retiring the S3","AWS Migrating to the New AWS Partner Central (ACE) AWS moved Partner Central into the AWS Console and is retiring the S3 co-sell integration. What migrating actually changes for your ACE data and CRM. Aug 24; 2026","blog","https://www.suger.io/resources/blog/migrating-to-aws-partner-central/","low"
"suger-2026-08-24-security-security-questions-buyers-ask-about-your-","Suger","2026-08-24","Security Security Questions Buyers Ask About Your Ops When a buyer's IT team reviews the tools you run their transaction","Security Security Questions Buyers Ask About Your Ops When a buyer's IT team reviews the tools you run their transaction data through; the questions are predictable. The checklist to be ready for; grouped by theme. Aug 24; 2026","blog","https://www.suger.io/resources/blog/security-questions-buyers-ask/","low"
"suger-2026-08-24-billing-metering-your-year-end-marketplace-reporti","Suger","2026-08-24","Billing & Metering Your Year-End Marketplace Reporting Checklist Year-end close is where a year of marketplace shortcuts","Billing & Metering Your Year-End Marketplace Reporting Checklist Year-end close is where a year of marketplace shortcuts comes due. The reconciliations a finance team should run before closing the books; in order. Aug 24; 2026","blog","https://www.suger.io/resources/blog/year-end-marketplace-reporting-checklist/","low"
"suger-2026-08-24-cloud-gtm-setting-cloud-marketplace-targets-you-ca","Suger","2026-08-24","Cloud GTM Setting Cloud Marketplace Targets You Can Defend Asked for a marketplace number for next year? A benchmark won","Cloud GTM Setting Cloud Marketplace Targets You Can Defend Asked for a marketplace number for next year? A benchmark won't survive the first review. How to build a target from inputs you can actually show your work on. Aug 24; 2026","blog","https://www.suger.io/resources/blog/setting-cloud-marketplace-targets/","low"
"suger-2026-08-24-insulin-ai-agent-lifecycle-ownership-to-retirement","Suger","2026-08-24","Insulin: AI Agent Lifecycle: Ownership to Retirement","Your first agent is easy. Your fortieth is a governance problem. How to manage an agent from request to retirement before the portfolio manages you.","blog","https://www.insulin.dev/blog/ai-agent-lifecycle-management/","low"
"suger-2026-08-24-insulin-ai-agent-tools-vs-skills-vs-integrations","Suger","2026-08-24","Insulin: AI Agent Tools vs Skills vs Integrations","Tool; skill; integration — three words the AI agent industry uses interchangeably and shouldn't. What each one actually is in Insulin; and which your problem needs.","blog","https://www.insulin.dev/blog/ai-agent-tools-vs-skills-vs-integrations/","low"
"suger-2026-08-24-insulin-ai-agents-for-procurement-intake-to-approv","Suger","2026-08-24","Insulin: AI Agents for Procurement: Intake to Approval","Procurement is document-heavy; cross-functional; and accountable — a strong fit for agents; with a hard line agents must not cross. Where they help; and where they can't.","blog","https://www.insulin.dev/blog/ai-agents-for-procurement/","low"
"suger-2026-08-24-insulin-building-an-ai-center-of-excellence-that-s","Suger","2026-08-24","Insulin: Building an AI Center of Excellence That Sticks","Most AI Centers of Excellence become a committee that ships slide decks. How to build one that business teams actually use — light on governance; heavy on reuse.","blog","https://www.insulin.dev/blog/ai-center-of-excellence/","low"
"suger-2026-08-24-insulin-how-to-build-an-ai-executive-briefing-agen","Suger","2026-08-24","Insulin: How to Build an AI Executive-Briefing Agent","A daily brief a leader can trust has to be current; concise; and sourced. How to build one as a scheduled AI job that cites every claim it makes.","blog","https://www.insulin.dev/blog/ai-executive-briefing-agent/","low"
"suger-2026-08-24-insulin-byok-vs-managed-models-for-enterprise-ai","Suger","2026-08-24","Insulin: BYOK vs Managed Models for Enterprise AI","Use the platform's models; or bring your own provider keys? The trade is cost; control; and data path. How to decide; and what changes either way.","blog","https://www.insulin.dev/blog/byok-vs-managed-models-for-enterprise-ai/","low"
"suger-2026-08-24-insulin-how-to-design-human-handoffs-for-ai-agents","Suger","2026-08-24","Insulin: How to Design Human Handoffs for AI Agents","Safe autonomy isn't an agent that never stops — it's one that stops well. How to design the moment an AI agent hands work back to a person.","blog","https://www.insulin.dev/blog/designing-human-handoffs-for-ai-agents/","low"
"suger-2026-08-24-insulin-how-humans-and-ai-agents-share-a-workspace","Suger","2026-08-24","Insulin: How Humans and AI Agents Share a Workspace","The interesting question isn't whether AI agents replace people — it's how people and agents work in the same space. What good collaboration looks like day to day.","blog","https://www.insulin.dev/blog/humans-and-ai-agents-in-one-workspace/","low"
"suger-2026-08-24-insulin-keeping-an-ai-knowledge-base-fresh-over-ti","Suger","2026-08-24","Insulin: Keeping an AI Knowledge Base Fresh Over Time","A knowledge base is only as trustworthy as its most out-of-date document. The owners; refresh habits; and pruning that keep grounded answers actually current.","blog","https://www.insulin.dev/blog/keeping-an-ai-knowledge-base-fresh/","low"
"suger-2026-08-24-insulin-single-agent-vs-multi-agent-when-to-split","Suger","2026-08-24","Insulin: Single Agent vs Multi-Agent: When to Split","Multi-agent systems are fashionable; and often one well-scoped agent is simpler and better. A complexity test for when a workflow actually needs more than one.","blog","https://www.insulin.dev/blog/single-agent-vs-multi-agent-systems/","low"
"suger-2026-08-24-suger-as-of-aug-24-2026","Suger","2026-08-24","Suger: As of Aug 24; 2026","Completed multi-channel revenue with bank reconciliation and ASC 606 revenue recognition. Connect a bank account through Plaid or Stripe Financial Connections; match transactions to revenue with AI-assisted suggestions and a human review queue; and generate recognition schedules…","release","https://www.suger.io/resources/changelog/#release-2026-08-24","medium"
"suger-2026-08-24-insulin-as-of-aug-24-2026","Suger","2026-08-24","Insulin: As of Aug 24; 2026","Goals now run as jobs — a goal and the jobs an agent creates render as one card in the chat transcript; with a drawer showing the round-by-round timeline. A running goal can be steered from there; including redirecting its objective; or cancelled outright.","release","https://www.insulin.dev/changelog/#release-2026-08-24","medium"
"suger-2026-08-21-insulin-how-to-build-an-ai-account-research-agent","Suger","2026-08-21","Insulin: How to Build an AI Account-Research Agent","Reps spend hours researching an account before a call and still miss the one thing that mattered. How to build an agent that does the research and shows its sources.","blog","https://www.insulin.dev/blog/ai-account-research-agent/","low"
"suger-2026-08-21-insulin-ai-agent-audit-logs-what-enterprises-recor","Suger","2026-08-21","Insulin: AI Agent Audit Logs: What Enterprises Record","When an AI agent does something wrong; the first question is 'what exactly happened' — and most teams cannot answer it. What an agent audit log has to capture; and why.","blog","https://www.insulin.dev/blog/ai-agent-audit-logs/","low"
"aws-2026-08-20-aws-partner-central-agents-mcp-server-now-supports","AWS","2026-08-20","AWS Partner Central agents MCP Server now supports OAuth with AWS Sign-In","AWS partners can now access AWS Partner Central agents from tools they already use; such as Amazon Quick and Kiro; using OAuth through AWS Sign-In.","release","https://aws.amazon.com/about-aws/whats-new/2026/8/aws-partner-central-mcp/","medium"
"aws-2026-08-20-aws-marketplace-now-supports-category-based-notifi","AWS","2026-08-20","AWS Marketplace now supports category-based notifications and multi-channel delivery for partners","AWS partners can now configure category-based notifications and multi-channel delivery for AWS Marketplace notifications through AWS User Notifications.","release","https://aws.amazon.com/about-aws/whats-new/2026/08/aws-marketplace/","medium"
"azure-2026-08-20-dragon-copilot-physician-apps-and-agents","Azure","2026-08-20","Dragon Copilot Physician apps and agents","Dragon Copilot Physician apps and agents in Microsoft Marketplace empower partners to embed custom capabilities directly within Dragon Copilot.","pricing","https://learn.microsoft.com/en-us/partner-center/announcements/2026-august#dragon-copilot-physician-apps-and-agents","medium"
"suger-2026-08-20-marketplaces-alibaba-cloud-marketplace-for-apac-se","Suger","2026-08-20","Marketplaces Alibaba Cloud Marketplace for APAC Sellers Alibaba Cloud Marketplace is the way software reaches buyers acr","Marketplaces Alibaba Cloud Marketplace for APAC Sellers Alibaba Cloud Marketplace is the way software reaches buyers across APAC and China — but the vendor gate; the paid-product agreement; and the settlement clock work nothing like AWS or Azure.","blog","https://www.suger.io/resources/blog/alibaba-cloud-marketplace-for-apac-sellers/","low"
"suger-2026-08-20-aws-aws-vendor-insights-what-sellers-should-know-a","Suger","2026-08-20","AWS AWS Vendor Insights: What Sellers Should Know AWS Marketplace Vendor Insights lets buyers monitor your security post","AWS AWS Vendor Insights: What Sellers Should Know AWS Marketplace Vendor Insights lets buyers monitor your security posture in near real time. Here is what it shows; what a seller sets up; and how it shortens a buyer's security review. Aug 20; 2026","blog","https://www.suger.io/resources/blog/aws-vendor-insights-what-sellers-should-know/","low"
"suger-2026-08-20-co-sell-co-selling-with-google-cloud-how-it-works-","Suger","2026-08-20","Co-Sell Co-Selling with Google Cloud: How It Works Google Cloud co-sell isn't a form you submit to a portal. It's a memb","Co-Sell Co-Selling with Google Cloud: How It Works Google Cloud co-sell isn't a form you submit to a portal. It's a membership; a Marketplace transaction path; and a field-sales motion that only works when all three line up. Here's the mechanic. Aug 20; 2026","blog","https://www.suger.io/resources/blog/co-selling-with-google-cloud/","low"
"suger-2026-08-20-security-fedramp-and-your-cloud-marketplace-listin","Suger","2026-08-20","Security FedRAMP and Your Cloud Marketplace Listing FedRAMP decides whether a US agency may run your software; your mark","Security FedRAMP and Your Cloud Marketplace Listing FedRAMP decides whether a US agency may run your software; your marketplace listing decides how they buy it. Here is how the authorization and the listing actually connect. Aug 20; 2026","blog","https://www.suger.io/resources/blog/fedramp-and-your-marketplace-listing/","low"
"suger-2026-08-20-gcp-google-cloud-commitments-and-marketplace-drawd","Suger","2026-08-20","GCP Google Cloud Commitments and Marketplace Drawdown A buyer's Google Cloud spend commitment can count against what the","GCP Google Cloud Commitments and Marketplace Drawdown A buyer's Google Cloud spend commitment can count against what they buy from you on the Marketplace. For a seller; that turns your invoice into money the buyer already promised to spend — which is why it de-risks the deal.","blog","https://www.suger.io/resources/blog/gcp-commitments-and-marketplace-drawdown/","low"
"suger-2026-08-20-gcp-google-cloud-partner-network-tiers-explained-g","Suger","2026-08-20","GCP Google Cloud Partner Network Tiers Explained Google Cloud replaced Partner Advantage with the Google Cloud Partner N","GCP Google Cloud Partner Network Tiers Explained Google Cloud replaced Partner Advantage with the Google Cloud Partner Network: three tiers — Select; Premier; and Diamond — and a competency framework in place of specializations. Here is how the structure works for an ISV.","blog","https://www.suger.io/resources/blog/google-cloud-partner-network-tiers/","low"
"suger-2026-08-20-aws-selling-data-products-on-cloud-marketplaces-se","Suger","2026-08-20","AWS Selling Data Products on Cloud Marketplaces Selling a data product on a marketplace is not a SaaS listing pointed at","AWS Selling Data Products on Cloud Marketplaces Selling a data product on a marketplace is not a SaaS listing pointed at data buyers. Delivery; entitlement and pricing all work differently — here is how; on AWS Data Exchange and Snowflake. Aug 20; 2026","blog","https://www.suger.io/resources/blog/selling-data-products-on-a-marketplace/","low"
"suger-2026-08-20-billing-metering-migrate-marketplace-metering-with","Suger","2026-08-20","Billing & Metering Migrate Marketplace Metering Without Downtime Moving billing platforms is where usage-based sellers g","Billing & Metering Migrate Marketplace Metering Without Downtime Moving billing platforms is where usage-based sellers get scared; because metering is the one thing that feeds a real buyer invoice. Here is the cutover plan that drops no records and double-bills no one.","blog","https://www.suger.io/resources/blog/migrating-without-breaking-metering/","low"
"suger-2026-08-20-cloud-gtm-selling-internationally-on-cloud-marketp","Suger","2026-08-20","Cloud GTM Selling Internationally on Cloud Marketplaces Selling across borders through a cloud marketplace changes five ","Cloud GTM Selling Internationally on Cloud Marketplaces Selling across borders through a cloud marketplace changes five things at once — currency; tax; the entity that pays you; where a listing is buyable; and how a contract localizes.","blog","https://www.suger.io/resources/blog/selling-internationally-on-cloud-marketplaces/","low"
"suger-2026-08-20-cloud-gtm-selling-to-government-through-marketplac","Suger","2026-08-20","Cloud GTM Selling to Government Through Marketplaces Selling to a public-sector buyer on a cloud marketplace is your com","Cloud GTM Selling to Government Through Marketplaces Selling to a public-sector buyer on a cloud marketplace is your commercial motion plus three things you have to get right: the right cloud; the right procurement vehicle; and the right contract paper.","blog","https://www.suger.io/resources/blog/selling-to-government-through-marketplaces/","low"
"aws-2026-08-19-aws-marketplace-launches-support-for-amazon-lights","AWS","2026-08-19","AWS Marketplace launches support for Amazon Lightsail","Today; AWS Marketplace announces support for launching select Amazon Machine Images (AMIs) on Amazon Lightsail. Customers who want simple; predictable pricing and a streamlined instance-creation experience can now easily deploy eligible AWS Marketplace AMIs on Amazon Lightsail i…","pricing","https://aws.amazon.com/about-aws/whats-new/2026/08/aws-marketplace-launch-ami-amazon-lightsail","high"
"suger-2026-08-19-aws-aws-competencies-worth-the-work-an-aws-compete","Suger","2026-08-19","AWS AWS Competencies: Worth the Work? An AWS Competency is a real credential with a real cost. Here is a decision framew","AWS AWS Competencies: Worth the Work? An AWS Competency is a real credential with a real cost. Here is a decision framework for weighing the effort of an application against the differentiation AWS says it unlocks — before you commit the headcount. Aug 19; 2026","blog","https://www.suger.io/resources/blog/aws-competencies-worth-the-work/","low"
"suger-2026-08-19-billing-metering-aws-marketplace-net-payment-terms","Suger","2026-08-19","Billing & Metering AWS Marketplace Net Payment Terms for Private Offers AWS now lets sellers set Net 30; 45; 60; or 90 p","Billing & Metering AWS Marketplace Net Payment Terms for Private Offers AWS now lets sellers set Net 30; 45; 60; or 90 payment terms on a private offer. Here's what each term does; what the buyer sees; and how the CPPO ceiling works. Aug 19; 2026","blog","https://www.suger.io/resources/blog/aws-marketplace-net-payment-terms-for-private-offers/","low"
"suger-2026-08-19-cloud-gtm-how-fast-can-a-marketplace-deal-actually","Suger","2026-08-19","Cloud GTM How Fast Can a Marketplace Deal Actually Close? Your AE says the marketplace path is too slow for a Q4 deal. H","Cloud GTM How Fast Can a Marketplace Deal Actually Close? Your AE says the marketplace path is too slow for a Q4 deal. Here is the real cloud marketplace deal timeline; step by step; and which step is actually the bottleneck. Aug 19; 2026","blog","https://www.suger.io/resources/blog/how-fast-can-a-marketplace-deal-actually-close/","low"
"suger-2026-08-19-aws-listing-ai-models-on-cloud-marketplaces-ai-mod","Suger","2026-08-19","AWS Listing AI Models on Cloud Marketplaces AI models; agents and data products each list through a different marketplac","AWS Listing AI Models on Cloud Marketplaces AI models; agents and data products each list through a different marketplace path. Here are the current mechanics on AWS and Google Cloud; and which one your product fits. Aug 19; 2026","blog","https://www.suger.io/resources/blog/listing-ai-models-on-cloud-marketplaces/","low"
"suger-2026-08-19-azure-per-market-pricing-on-azure-marketplace-expl","Suger","2026-08-19","Azure Per-Market Pricing on Azure Marketplace; Explained You don't set an arbitrary price per country on Azure Marketpla","Azure Per-Market Pricing on Azure Marketplace; Explained You don't set an arbitrary price per country on Azure Marketplace. You set one USD price; or upload local ones; and Microsoft's fixed currency-per-market map does the rest. Here is the mechanic. Aug 19; 2026","blog","https://www.suger.io/resources/blog/per-market-pricing-on-azure-marketplace/","low"
"suger-2026-08-19-cloud-gtm-public-sector-vs-commercial-marketplace-","Suger","2026-08-19","Cloud GTM Public Sector vs Commercial Marketplace Deals A commercial marketplace deal and a public sector one start the ","Cloud GTM Public Sector vs Commercial Marketplace Deals A commercial marketplace deal and a public sector one start the same and diverge fast. Here is the government buying path; mapped for the team you are selling to. Aug 19; 2026","blog","https://www.suger.io/resources/blog/public-sector-vs-commercial-marketplace-deals/","low"
"suger-2026-08-19-cloud-gtm-the-cloud-marketplace-operations-runbook","Suger","2026-08-19","Cloud GTM The Cloud Marketplace Operations Runbook The recurring work of running a marketplace business; sorted by how o","Cloud GTM The Cloud Marketplace Operations Runbook The recurring work of running a marketplace business; sorted by how often it comes due — daily; weekly; monthly; quarterly — with a link to the deep dive for each. Aug 19; 2026","blog","https://www.suger.io/resources/blog/the-cloud-marketplace-operations-runbook/","low"
"suger-2026-08-19-billing-metering-the-monthly-marketplace-close-che","Suger","2026-08-19","Billing & Metering The Monthly Marketplace Close Checklist The monthly marketplace close is the same five moves every cy","Billing & Metering The Monthly Marketplace Close Checklist The monthly marketplace close is the same five moves every cycle. Here they are in dependency order; so each step has the data the next one needs. Aug 19; 2026","blog","https://www.suger.io/resources/blog/the-monthly-marketplace-close-checklist/","low"
"suger-2026-08-19-cloud-gtm-what-moves-when-you-switch-marketplace-p","Suger","2026-08-19","Cloud GTM What Moves When You Switch Marketplace Platforms Switching marketplace platforms feels like moving your revenu","Cloud GTM What Moves When You Switch Marketplace Platforms Switching marketplace platforms feels like moving your revenue. It is not. Here is what actually moves; and what stays put with the cloud provider. Aug 19; 2026","blog","https://www.suger.io/resources/blog/what-moves-when-you-switch-platforms/","low"
"suger-2026-08-19-cloud-gtm-what-to-alert-on-in-marketplace-operatio","Suger","2026-08-19","Cloud GTM What to Alert On in Marketplace Operations Not every marketplace event deserves a page at 2am. Here is which o","Cloud GTM What to Alert On in Marketplace Operations Not every marketplace event deserves a page at 2am. Here is which ones do; how urgent each is; and where each should route — email; Slack; or Teams. Aug 19; 2026","blog","https://www.suger.io/resources/blog/what-to-alert-on-in-marketplace-operations/","low"
"aws-2026-08-18-enabling-mandatory-purchase-orders-and-custom-guid","AWS","2026-08-18","Enabling mandatory purchase orders and custom guidance in AWS Marketplace","In this post; you will learn how to configure these two governance features. You will also learn how these features can be configured differently for selective audiences to enforce varying procurement policies across your AWS Organization.","blog","https://aws.amazon.com/blogs/awsmarketplace/enabling-mandatory-purchase-orders-and-custom-guidance-in-aws-marketplace/","high"
"aws-2026-08-18-saas-subscription-pricing-models-in-aws-marketplac","AWS","2026-08-18","SaaS subscription pricing models in AWS Marketplace","This post is Part 2 of a four-part series on SaaS pricing models in AWS Marketplace. In Part 1; we covered three common configurations for the SaaS contract pricing model.","blog","https://aws.amazon.com/blogs/awsmarketplace/saas-subscription-pricing-models-in-aws-marketplace/","low"
"suger-2026-08-18-billing-metering-the-aws-marketplace-professional-","Suger","2026-08-18","Billing & Metering The AWS Marketplace Professional Services Listing Fee Cut AWS cut the professional services listing f","Billing & Metering The AWS Marketplace Professional Services Listing Fee Cut AWS cut the professional services listing fee from 2.5% to 0.5% in June 2026. Here's the exact before/after and the new margin math on a services attach. Aug 18; 2026","blog","https://www.suger.io/resources/blog/aws-marketplace-professional-services-fee-cut/","low"
"suger-2026-08-18-azure-azure-marketplace-changes-2026-what-s-new-fo","Suger","2026-08-18","Azure Azure Marketplace Changes 2026: What's New for ISVs Microsoft's FY27 Azure Marketplace changes for ISVs: PRACR ret","Azure Azure Marketplace Changes 2026: What's New for ISVs Microsoft's FY27 Azure Marketplace changes for ISVs: PRACR retires as a broad co-sell mechanism; co-sell goes Marketplace-first; and what to watch at Ignite. Aug 18; 2026","blog","https://www.suger.io/resources/blog/azure-marketplace-fy27-changes-for-isvs/","low"
"suger-2026-08-18-azure-azure-marketplace-renewals-and-offer-transit","Suger","2026-08-18","Azure Azure Marketplace Renewals and Offer Transitions How an Azure Marketplace renewal works: where the subscription la","Azure Azure Marketplace Renewals and Offer Transitions How an Azure Marketplace renewal works: where the subscription lands when a private offer expires; and the decisions a deal desk makes before it does. Aug 18; 2026","blog","https://www.suger.io/resources/blog/azure-renewals-and-offer-transitions/","low"
"suger-2026-08-18-cloud-gtm-cloud-marketplace-platform-migration-a-c","Suger","2026-08-18","Cloud GTM Cloud Marketplace Platform Migration: A Checklist Switching cloud marketplace platforms without breaking live ","Cloud GTM Cloud Marketplace Platform Migration: A Checklist Switching cloud marketplace platforms without breaking live revenue: what to check before; during and after a migration; and the risks to retire first. Aug 18; 2026","blog","https://www.suger.io/resources/blog/cloud-marketplace-platform-migration/","low"
"suger-2026-08-18-billing-metering-the-marketplace-credit-request-at","Suger","2026-08-18","Billing & Metering The Marketplace Credit Request; at Scale A marketplace credit request needs different evidence on eve","Billing & Metering The Marketplace Credit Request; at Scale A marketplace credit request needs different evidence on every cloud. Here is what AWS; Microsoft; and Google Cloud each require to issue one. Aug 18; 2026","blog","https://www.suger.io/resources/blog/credits-at-scale-bulk-adjustments/","low"
"suger-2026-08-18-prm-measuring-partner-influence-without-bad-data-p","Suger","2026-08-18","PRM Measuring Partner Influence Without Bad Data Partner influenced revenue tracking fails on bad data before it fails o","PRM Measuring Partner Influence Without Bad Data Partner influenced revenue tracking fails on bad data before it fails on the model. Here are the common attribution models; how each breaks; and the instrumentation that keeps the number clean. Aug 18; 2026","blog","https://www.suger.io/resources/blog/measuring-partner-influence-without-bad-data/","low"
"suger-2026-08-18-co-sell-microsoft-ip-co-sell-how-it-actually-works","Suger","2026-08-18","Co-Sell Microsoft IP Co-Sell: How It Actually Works How Microsoft IP co-sell qualification and incentive flow work for I","Co-Sell Microsoft IP Co-Sell: How It Actually Works How Microsoft IP co-sell qualification and incentive flow work for ISVs; and what changes in FY27 as Marketplace becomes the primary co-sell path. Aug 18; 2026","blog","https://www.suger.io/resources/blog/microsoft-ip-co-sell-how-it-works/","low"
"suger-2026-08-18-billing-metering-usage-based-renewal-risk-the-lead","Suger","2026-08-18","Billing & Metering Usage-Based Renewal Risk: The Leading Signals The leading indicators of renewal risk in usage-based m","Billing & Metering Usage-Based Renewal Risk: The Leading Signals The leading indicators of renewal risk in usage-based marketplace deals — declining usage; single-team concentration; commit burndown pace; ticket signals; champion departure — and where each is visible.","blog","https://www.suger.io/resources/blog/renewal-risk-signals-usage-based-deals/","low"
"suger-2026-08-18-marketplaces-snowflake-marketplace-for-data-and-ai","Suger","2026-08-18","Marketplaces Snowflake Marketplace for Data and AI Products How Snowflake Marketplace lists and transacts data products; ","Marketplaces Snowflake Marketplace for Data and AI Products How Snowflake Marketplace lists and transacts data products; native apps and AI; how it differs from the hyperscaler marketplaces; and where it fits a multi-marketplace GTM. Aug 18; 2026","blog","https://www.suger.io/resources/blog/snowflake-marketplace-for-data-and-ai-products/","low"
"suger-2026-08-18-marketplaces-where-a-signed-aws-marketplace-agreem","Suger","2026-08-18","Marketplaces Where a Signed AWS Marketplace Agreement Lives Legal asked for the executed marketplace agreement. Here is ","Marketplaces Where a Signed AWS Marketplace Agreement Lives Legal asked for the executed marketplace agreement. Here is which document exists at each deal stage; where each one lives on AWS Marketplace; and how to download the signed agreement. Aug 18; 2026","blog","https://www.suger.io/resources/blog/where-the-signed-marketplace-agreement-lives/","low"
"aws-2026-08-17-building-intelligent-data-foundations-the-grubhub-","AWS","2026-08-17","Building intelligent data foundations: The Grubhub and Vody partnership on AWS","Grubhub and Vody are proving that the winners of AI-powered commerce won't be defined by a single breakthrough feature; they'll be the retailers who invest early in unified; AI-ready data foundations built on AWS.","blog","https://aws.amazon.com/blogs/apn/building-intelligent-data-foundations-the-grubhub-and-vody-partnership-on-aws/","low"
"suger-2026-08-17-suger-as-of-aug-17-2026","Suger","2026-08-17","Suger: As of Aug 17; 2026","Launched a usage-based billing platform that meters raw usage events; rates them; and reports the result to the marketplace; with new billing consoles and a guided migration from the previous setup.","release","https://www.suger.io/resources/changelog/#release-2026-08-17","high"
"suger-2026-08-17-insulin-as-of-aug-17-2026","Suger","2026-08-17","Insulin: As of Aug 17; 2026","Custom apps now run in a sandboxed runtime with their own database and connected integrations; so an app can store its own data and call third-party services directly.","release","https://www.insulin.dev/changelog/#release-2026-08-17","medium"
"suger-2026-08-16-co-sell-your-aws-sca-is-signed-now-operationalize-","Suger","2026-08-16","Co-Sell Your AWS SCA Is Signed. Now Operationalize It The signing is the easy part. An SCA is a multi-year plan with num","Co-Sell Your AWS SCA Is Signed. Now Operationalize It The signing is the easy part. An SCA is a multi-year plan with numbers in it; and the numbers only mean something if somebody can see them before the quarterly review. Aug 16; 2026","blog","https://www.suger.io/resources/blog/aws-sca-operating-plan/","low"
"suger-2026-08-16-aws-what-buy-with-aws-does-to-your-website-funnel-","Suger","2026-08-16","AWS What Buy with AWS Does to Your Website Funnel Adding a purchase button to your own site does not shorten the funnel.","AWS What Buy with AWS Does to Your Website Funnel Adding a purchase button to your own site does not shorten the funnel. It moves the qualification work upstream; onto a page that was never designed to do it. Aug 16; 2026","blog","https://www.suger.io/resources/blog/buy-with-aws-funnel/","low"
"suger-2026-08-16-aws-co-terming-and-expanding-marketplace-agreement","Suger","2026-08-16","AWS Co-Terming and Expanding Marketplace Agreements A mid-term expansion is either an amendment that replaces the agreem","AWS Co-Terming and Expanding Marketplace Agreements A mid-term expansion is either an amendment that replaces the agreement or a second agreement beside it. Those are different contracts; different invoices; and increasingly a real choice. Aug 16; 2026","blog","https://www.suger.io/resources/blog/co-terming-and-expanding-marketplace-agreements/","low"
"suger-2026-08-16-cloud-gtm-creating-private-offers-without-the-cons","Suger","2026-08-16","Cloud GTM Creating Private Offers Without the Console Generating an offer from CRM data is a small amount of code and a ","Cloud GTM Creating Private Offers Without the Console Generating an offer from CRM data is a small amount of code and a large amount of failure handling. The asynchronous parts are what decide whether the integration holds. Aug 16; 2026","blog","https://www.suger.io/resources/blog/creating-private-offers-without-the-console/","low"
"suger-2026-08-16-cloud-gtm-how-enterprise-buyers-buy-through-a-mark","Suger","2026-08-16","Cloud GTM How Enterprise Buyers Buy Through a Marketplace The seller sends an offer and waits. On the other side sits a ","Cloud GTM How Enterprise Buyers Buy Through a Marketplace The seller sends an offer and waits. On the other side sits a billing account; a role assignment and a procurement queue — and any one of them can hold the deal for a week. Aug 16; 2026","blog","https://www.suger.io/resources/blog/how-enterprise-buyers-buy-through-a-marketplace/","low"
"suger-2026-08-16-cloud-gtm-mcp-for-cloud-gtm-connecting-agents-to-d","Suger","2026-08-16","Cloud GTM MCP for Cloud GTM: Connecting Agents to Data An assistant that can read your marketplace data is useful. One t","Cloud GTM MCP for Cloud GTM: Connecting Agents to Data An assistant that can read your marketplace data is useful. One that can change it needs a permission model; and MCP is where that model has to be enforced. Aug 16; 2026","blog","https://www.suger.io/resources/blog/mcp-for-cloud-gtm/","low"
"suger-2026-08-16-cloud-gtm-one-gtm-motion-across-aws-azure-and-goog","Suger","2026-08-16","Cloud GTM One GTM Motion Across AWS; Azure and Google Cloud Most teams run each marketplace as its own programme and won","Cloud GTM One GTM Motion Across AWS; Azure and Google Cloud Most teams run each marketplace as its own programme and wonder why the third one costs as much as the first. The fix is knowing precisely which parts are the same. Aug 16; 2026","blog","https://www.suger.io/resources/blog/one-gtm-motion-across-aws-azure-google-cloud/","low"
"suger-2026-08-16-aws-packaging-software-and-services-in-one-offer-a","Suger","2026-08-16","AWS Packaging Software and Services in One Offer AWS offer sets let a buyer accept licence and implementation together i","AWS Packaging Software and Services in One Offer AWS offer sets let a buyer accept licence and implementation together in one action. The constraints on getting there are strict; and most of them cannot be fixed after release. Aug 16; 2026","blog","https://www.suger.io/resources/blog/packaging-software-and-services-in-one-offer/","low"
"suger-2026-08-16-security-how-security-reviews-shape-marketplace-de","Suger","2026-08-16","Security How Security Reviews Shape Marketplace Deals Being on a cloud marketplace means the provider vetted your artifa","Security How Security Reviews Shape Marketplace Deals Being on a cloud marketplace means the provider vetted your artifact. It does not mean the buyer's security team will skip theirs; and confusing the two costs weeks. Aug 16; 2026","blog","https://www.suger.io/resources/blog/security-reviews-in-marketplace-deals/","low"
"suger-2026-08-16-marketplaces-selling-on-snowflake-oracle-and-aliba","Suger","2026-08-16","Marketplaces Selling on Snowflake; Oracle and Alibaba Cloud The marketplaces past AWS; Microsoft and Google Cloud are no","Marketplaces Selling on Snowflake; Oracle and Alibaba Cloud The marketplaces past AWS; Microsoft and Google Cloud are not smaller copies of them. Each gates sellers differently; and one of them caps how much of a customer's commitment you can take. Aug 16; 2026","blog","https://www.suger.io/resources/blog/selling-on-snowflake-oracle-and-alibaba-cloud/","low"
"suger-2026-08-16-billing-metering-when-usage-records-fail-batching-","Suger","2026-08-16","Billing & Metering When Usage Records Fail: Batching and Retries A rejected usage record is unbilled revenue with a dead","Billing & Metering When Usage Records Fail: Batching and Retries A rejected usage record is unbilled revenue with a deadline on it. The response codes tell you which failures to retry and which to fix — and they are not the same failures. Aug 16; 2026","blog","https://www.suger.io/resources/blog/when-usage-records-fail/","low"
"azure-2026-08-14-grow-your-security-practice-at-it-nation","Azure","2026-08-14","Grow your security practice at IT Nation","Help SMB customers become AI-ready while sharpening your security practice—meet Microsoft at IT Nation Connect ANZ 2026.","pricing","https://learn.microsoft.com/en-us/partner-center/announcements/2026-august#grow-your-security-practice-at-it-nation","medium"
"azure-2026-08-14-prepare-customers-for-a-simpler-unified-microsoft-","Azure","2026-08-14","Prepare customers for a simpler; unified Microsoft Copilot app experience","Prepare customers for a simpler; unified Microsoft Copilot app experience.","policy","https://learn.microsoft.com/en-us/partner-center/announcements/2026-august#prepare-customers-for-a-simpler-unified-microsoft-copilot-app-experience","medium"
"suger-2026-08-14-cloud-gtm-how-authentication-works-for-marketplace","Suger","2026-08-14","Cloud GTM How Authentication Works for Marketplace APIs Marketplace API access is machine-to-machine; long-lived and org","Cloud GTM How Authentication Works for Marketplace APIs Marketplace API access is machine-to-machine; long-lived and organisation-scoped. That combination breaks most of the credential habits teams bring to it. Aug 14; 2026","blog","https://www.suger.io/resources/blog/authentication-for-marketplace-apis/","low"
"suger-2026-08-14-billing-metering-designing-metering-dimensions-you","Suger","2026-08-14","Billing & Metering Designing Metering Dimensions You Won't Regret Metering dimensions are the hardest thing to change af","Billing & Metering Designing Metering Dimensions You Won't Regret Metering dimensions are the hardest thing to change after launch and the easiest to rush before it. Five questions to answer before you publish. Aug 14; 2026","blog","https://www.suger.io/resources/blog/designing-metering-dimensions/","high"
"suger-2026-08-14-cloud-gtm-exporting-marketplace-data-to-your-wareh","Suger","2026-08-14","Cloud GTM Exporting Marketplace Data to Your Warehouse Marketplace data arrives daily; in CSV; with two different timest","Cloud GTM Exporting Marketplace Data to Your Warehouse Marketplace data arrives daily; in CSV; with two different timestamps on every row. Here is how to land it in a warehouse without corrupting your history. Aug 14; 2026","blog","https://www.suger.io/resources/blog/exporting-marketplace-data-to-your-warehouse/","low"
"suger-2026-08-14-cloud-gtm-marketplace-events-and-webhooks-a-practi","Suger","2026-08-14","Cloud GTM Marketplace Events and Webhooks: A Practical Guide Every marketplace subscription change arrives as an event; ","Cloud GTM Marketplace Events and Webhooks: A Practical Guide Every marketplace subscription change arrives as an event; and two carry a deadline. Here is the full set; and what each one obliges you to do. Aug 14; 2026","blog","https://www.suger.io/resources/blog/marketplace-events-and-webhooks/","low"
"suger-2026-08-14-cloud-gtm-marketplace-data-in-salesforce-what-to-s","Suger","2026-08-14","Cloud GTM Marketplace Data in Salesforce: What to Sync Syncing everything from a marketplace into Salesforce creates a s","Cloud GTM Marketplace Data in Salesforce: What to Sync Syncing everything from a marketplace into Salesforce creates a second source of truth that disagrees with the first. Here is the boundary that holds. Aug 14; 2026","blog","https://www.suger.io/resources/blog/marketplace-data-in-salesforce/","low"
"suger-2026-08-14-cloud-gtm-marketplace-setup-steps-teams-skip-and-r","Suger","2026-08-14","Cloud GTM Marketplace Setup Steps Teams Skip and Regret The setup steps that cause trouble later are the ones with no vi","Cloud GTM Marketplace Setup Steps Teams Skip and Regret The setup steps that cause trouble later are the ones with no visible consequence now. Seven commonly skipped; and what each one ends up costing. Aug 14; 2026","blog","https://www.suger.io/resources/blog/marketplace-setup-steps-teams-skip/","low"
"suger-2026-08-14-cloud-gtm-running-cloud-marketplace-operations-api","Suger","2026-08-14","Cloud GTM Running Cloud Marketplace Operations API-First Console-driven marketplace operations stop scaling sooner than ","Cloud GTM Running Cloud Marketplace Operations API-First Console-driven marketplace operations stop scaling sooner than teams expect. What moves to an API first; and what should stay a human decision. Aug 14; 2026","blog","https://www.suger.io/resources/blog/running-marketplace-operations-api-first/","low"
"suger-2026-08-14-billing-metering-tax-and-withholding-on-marketplac","Suger","2026-08-14","Billing & Metering Tax and Withholding on Marketplace Revenue Who remits tax on a marketplace sale depends on the countr","Billing & Metering Tax and Withholding on Marketplace Revenue Who remits tax on a marketplace sale depends on the country; and the marketplace decides. The structure finance needs before the first payout. Aug 14; 2026","blog","https://www.suger.io/resources/blog/tax-and-withholding-on-marketplace-revenue/","low"
"suger-2026-08-14-cloud-gtm-the-first-marketplace-hire-what-to-look-","Suger","2026-08-14","Cloud GTM The First Marketplace Hire: What to Look For The first marketplace hire is not a salesperson and not an engine","Cloud GTM The First Marketplace Hire: What to Look For The first marketplace hire is not a salesperson and not an engineer. Here is the shape of the role; the four skills that matter; and how to test for them. Aug 14; 2026","blog","https://www.suger.io/resources/blog/the-first-marketplace-hire/","low"
"suger-2026-08-14-cloud-gtm-what-should-happen-when-a-marketplace-tr","Suger","2026-08-14","Cloud GTM What Should Happen When a Marketplace Trial Ends A cloud marketplace free trial ends on a date the platform al","Cloud GTM What Should Happen When a Marketplace Trial Ends A cloud marketplace free trial ends on a date the platform already knows. Here is what has to happen in the days around it; and who owns each step. Aug 14; 2026","blog","https://www.suger.io/resources/blog/what-happens-when-a-marketplace-trial-ends/","low"
"aws-2026-08-13-securing-the-ai-development-lifecycle-with-aikido-","AWS","2026-08-13","Securing the AI development lifecycle with Aikido and Kiro","Aikido Security and Kiro help development teams secure the AI development lifecycle without slowing release velocity.","blog","https://aws.amazon.com/blogs/apn/securing-the-ai-development-lifecycle-with-aikido-and-kiro/","low"
"azure-2026-08-13-monthly-microsoft-ai-cloud-partner-program-update","Azure","2026-08-13","Monthly Microsoft AI Cloud Partner Program update","This month’s updates continue to enhance partner differentiation and readiness across high-demand solution areas. Key changes include specialization updates that integrate AI capabilities; revised skilling and performance requirements; and streamlined qualification frameworks to…","policy","https://learn.microsoft.com/en-us/partner-center/announcements/2026-august#monthly-microsoft-ai-cloud-partner-program-update","medium"
"azure-2026-08-13-windows-server-2016-extended-security-updates-csp-","Azure","2026-08-13","Windows Server 2016 Extended Security Updates: CSP price list republish","The Windows Server 2016 Extended Security Updates (ESU) Year 1–3 offers are now available . Due to a publishing delay; these offers were not included in the August 2026 CSP price list at its regular monthly publication.","pricing","https://learn.microsoft.com/en-us/partner-center/announcements/2026-august#windows-server-2016-extended-security-updates-csp-price-list-republish","high"
"azure-2026-08-12-csp-software-pricing-update-effective-october-1-20","Azure","2026-08-12","CSP software pricing update effective October 1; 2026","A 5% cost of capital uplift applies to annual-term CSP software subscriptions billed monthly.","pricing","https://learn.microsoft.com/en-us/partner-center/announcements/2026-august#csp-software-pricing-update-effective-october-1-2026","high"
"suger-2026-08-12-cloud-gtm-ai-agents-on-aws-marketplace-a-seller-s-","Suger","2026-08-12","Cloud GTM AI Agents on AWS Marketplace: A Seller's Guide AWS now has a category for AI agents and agentic tools; with tw","Cloud GTM AI Agents on AWS Marketplace: A Seller's Guide AWS now has a category for AI agents and agentic tools; with two deployment options and a quality bar attached. The mechanics are familiar; the pricing question is not. Aug 12; 2026","blog","https://www.suger.io/resources/blog/ai-agents-on-aws-marketplace/","low"
"suger-2026-08-12-cloud-gtm-the-aws-standard-contract-or-your-own-pa","Suger","2026-08-12","Cloud GTM The AWS Standard Contract; or Your Own Paper? The SCMP is free; pre-vetted; and reversible — three things your","Cloud GTM The AWS Standard Contract; or Your Own Paper? The SCMP is free; pre-vetted; and reversible — three things your own EULA is not. Here is what it actually contains; what opting in commits you to; and when to decline. Aug 12; 2026","blog","https://www.suger.io/resources/blog/aws-standard-contract-or-your-own-paper/","low"
"suger-2026-08-12-cloud-gtm-changing-your-marketplace-price-after-la","Suger","2026-08-12","Cloud GTM Changing Your Marketplace Price After Launch You can change the number. You mostly cannot change the model. He","Cloud GTM Changing Your Marketplace Price After Launch You can change the number. You mostly cannot change the model. Here is exactly what each cloud lets you edit once a listing is public — and how long it takes to bite. Aug 12; 2026","blog","https://www.suger.io/resources/blog/change-marketplace-price-after-launch/","high"
"suger-2026-08-12-cloud-gtm-connecting-your-crm-to-cloud-marketplace","Suger","2026-08-12","Cloud GTM Connecting Your CRM to Cloud Marketplace Data Marketplace records sit in three consoles your CRM cannot see. H","Cloud GTM Connecting Your CRM to Cloud Marketplace Data Marketplace records sit in three consoles your CRM cannot see. Here are the four sync patterns teams actually use; what each one costs; and which records belong where. Aug 12; 2026","blog","https://www.suger.io/resources/blog/connect-crm-to-cloud-marketplace-data/","low"
"suger-2026-08-12-cloud-gtm-marketplace-access-who-should-have-which","Suger","2026-08-12","Cloud GTM Marketplace Access: Who Should Have Which Role Marketplace tooling touches pricing; contracts and bank details","Cloud GTM Marketplace Access: Who Should Have Which Role Marketplace tooling touches pricing; contracts and bank details in one console. Most teams grant everyone admin and find out at the audit. Here is a least-privilege default. Aug 12; 2026","blog","https://www.suger.io/resources/blog/marketplace-access-roles/","low"
"suger-2026-08-12-cloud-gtm-entitlement-management-on-cloud-marketpl","Suger","2026-08-12","Cloud GTM Entitlement Management on Cloud Marketplaces A purchase event is not an entitlement; and an entitlement is not","Cloud GTM Entitlement Management on Cloud Marketplaces A purchase event is not an entitlement; and an entitlement is not access. The three-hop path between them is where marketplace products quietly break. Aug 12; 2026","blog","https://www.suger.io/resources/blog/marketplace-entitlement-management/","low"
"suger-2026-08-12-cloud-gtm-eulas-and-custom-terms-in-marketplace-de","Suger","2026-08-12","Cloud GTM EULAs and Custom Terms in Marketplace Deals Every marketplace offers you a standard contract and lets you refu","Cloud GTM EULAs and Custom Terms in Marketplace Deals Every marketplace offers you a standard contract and lets you refuse it. That choice sets your close time for years; and on one cloud it is irreversible. Aug 12; 2026","blog","https://www.suger.io/resources/blog/marketplace-eulas-and-custom-terms/","low"
"suger-2026-08-12-cloud-gtm-what-it-takes-to-get-listed-a-readiness-","Suger","2026-08-12","Cloud GTM What It Takes to Get Listed: A Readiness Checklist Marketplace review rejections are boring: a logo at the wro","Cloud GTM What It Takes to Get Listed: A Readiness Checklist Marketplace review rejections are boring: a logo at the wrong ratio; a EULA behind a login; a default password. Here is the checklist that gets you through first time. Aug 12; 2026","blog","https://www.suger.io/resources/blog/marketplace-listing-readiness-checklist/","low"
"suger-2026-08-12-billing-metering-seller-of-record-why-it-changes-y","Suger","2026-08-12","Billing & Metering Seller of Record: Why It Changes Your Books On a marketplace; somebody else invoices your customer an","Billing & Metering Seller of Record: Why It Changes Your Books On a marketplace; somebody else invoices your customer and collects the cash. That one fact reshapes your AR; your tax exposure and the conversation with your auditor. Aug 12; 2026","blog","https://www.suger.io/resources/blog/marketplace-seller-of-record/","low"
"suger-2026-08-12-cloud-gtm-how-to-run-a-paid-poc-through-a-marketpl","Suger","2026-08-12","Cloud GTM How to Run a Paid POC Through a Marketplace A paid pilot on the buyer's cloud bill draws down committed spend ","Cloud GTM How to Run a Paid POC Through a Marketplace A paid pilot on the buyer's cloud bill draws down committed spend and skips a procurement cycle. The mechanics are simple; the conversion path is where deals die. Aug 12; 2026","blog","https://www.suger.io/resources/blog/paid-poc-through-a-marketplace/","low"
"aws-2026-08-10-aws-marketplace-now-supports-category-based-notifi","AWS","2026-08-10","AWS Marketplace now supports category-based notification subscriptions and multi-channel delivery for buyers","AWS Marketplace buyers can now configure category-based notifications and multi-channel delivery through AWS User Notifications.","release","https://aws.amazon.com/about-aws/whats-new/2026/08/aws-marketplace-managed-buyer-notifications/","medium"
"azure-2026-08-10-enter-the-csp-copilot-partner-council-contest","Azure","2026-08-10","Enter the CSP Copilot Partner Council Contest","Share your top Microsoft 365 Copilot customer success story for a chance to join the SMB Copilot Partner Council and attend an exclusive NYC event.","program","https://learn.microsoft.com/en-us/partner-center/announcements/2026-august#enter-the-csp-copilot-partner-council-contest","low"
"azure-2026-08-10-manage-agents-across-multiple-tenants","Azure","2026-08-10","Manage agents across multiple tenants","Manage agents across customer and subsidiary tenants from a new; single experience in the Microsoft 365 admin center.","blog","https://learn.microsoft.com/en-us/partner-center/announcements/2026-august#manage-agents-across-multiple-tenants","high"
"suger-2026-08-10-aws-four-metrics-to-watch-after-you-add-buy-with-a","Suger","2026-08-10","AWS Four Metrics to Watch After You Add Buy with AWS Buy with AWS puts a marketplace purchase button on your own website","AWS Four Metrics to Watch After You Add Buy with AWS Buy with AWS puts a marketplace purchase button on your own website — which makes your site part of the funnel AWS reports on. Here is what AWS measures; and the four ratios worth watching. Aug 10; 2026","blog","https://www.suger.io/resources/blog/buy-with-aws-metrics/","low"
"suger-2026-08-10-prm-channel-partner-relationship-management-explai","Suger","2026-08-10","PRM Channel Partner Relationship Management; Explained Most channel programs are a tier chart nobody can qualify against","PRM Channel Partner Relationship Management; Explained Most channel programs are a tier chart nobody can qualify against and a commission rate nobody can compute. Here is what channel PRM has to hold; and how to design tiers that survive an audit. Aug 10; 2026","blog","https://www.suger.io/resources/blog/channel-partner-relationship-management/","low"
"suger-2026-08-10-prm-attribution-rules-that-stop-channel-conflict-c","Suger","2026-08-10","PRM Attribution Rules That Stop Channel Conflict Channel conflict is not a relationship problem. It is an unwritten rule","PRM Attribution Rules That Stop Channel Conflict Channel conflict is not a relationship problem. It is an unwritten rule discovered at the worst possible moment — when two parties have already claimed the same deal. Aug 10; 2026","blog","https://www.suger.io/resources/blog/deal-registration-conflict-rules/","low"
"suger-2026-08-10-azure-connect-dynamics-365-to-your-marketplace-pip","Suger","2026-08-10","Azure Connect Dynamics 365 to Your Marketplace Pipeline Marketplace tooling is built for Salesforce and HubSpot. If your","Azure Connect Dynamics 365 to Your Marketplace Pipeline Marketplace tooling is built for Salesforce and HubSpot. If your CRM is Dynamics 365 — which it often is at a Microsoft-first ISV — here is what connecting it actually involves. Aug 10; 2026","blog","https://www.suger.io/resources/blog/dynamics-365-marketplace-integration/","low"
"suger-2026-08-10-cloud-gtm-your-first-90-days-selling-on-a-cloud-ma","Suger","2026-08-10","Cloud GTM Your First 90 Days Selling on a Cloud Marketplace Inheriting an unlaunched marketplace listing is a scheduling","Cloud GTM Your First 90 Days Selling on a Cloud Marketplace Inheriting an unlaunched marketplace listing is a scheduling problem disguised as a technical one. Here is the 90-day calendar; with a named owner for every milestone. Aug 10; 2026","blog","https://www.suger.io/resources/blog/first-90-days-cloud-marketplace/","high"
"suger-2026-08-10-co-sell-how-co-sell-works-on-aws-azure-and-google-","Suger","2026-08-10","Co-Sell How Co-Sell Works on AWS; Azure; and Google Cloud Every co-sell article tells you to build relationships. None t","Co-Sell How Co-Sell Works on AWS; Azure; and Google Cloud Every co-sell article tells you to build relationships. None tell you what actually happens to the record after you submit it. This is the mechanics — the statuses; the gates; and the fields that get you rejected.","blog","https://www.suger.io/resources/blog/how-co-sell-works/","low"
"suger-2026-08-10-cloud-gtm-how-long-does-a-marketplace-integration-","Suger","2026-08-10","Cloud GTM How Long Does a Marketplace Integration Take? The connector takes about twenty minutes. The review queue takes","Cloud GTM How Long Does a Marketplace Integration Take? The connector takes about twenty minutes. The review queue takes weeks. Here is the honest breakdown of a marketplace integration; step by step; and which steps block which. Aug 10; 2026","blog","https://www.suger.io/resources/blog/how-long-marketplace-integration-takes/","low"
"suger-2026-08-10-aws-when-a-buyer-pays-but-provisioning-never-happe","Suger","2026-08-10","AWS When a Buyer Pays but Provisioning Never Happens The worst marketplace support ticket: a customer who has been charg","AWS When a Buyer Pays but Provisioning Never Happens The worst marketplace support ticket: a customer who has been charged and has no access. There are six places that handshake breaks; and five of them are silent. Aug 10; 2026","blog","https://www.suger.io/resources/blog/marketplace-provisioning-failures/","low"
"suger-2026-08-10-billing-metering-why-your-marketplaces-report-diff","Suger","2026-08-10","Billing & Metering Why Your Marketplaces Report Different Numbers Three consoles; three revenue figures; none of them wr","Billing & Metering Why Your Marketplaces Report Different Numbers Three consoles; three revenue figures; none of them wrong. The differences are structural — different clocks; different payout triggers; different definitions of the same dollar. Aug 10; 2026","blog","https://www.suger.io/resources/blog/marketplace-revenue-reconciliation/","low"
"suger-2026-08-10-cloud-gtm-offer-vs-entitlement-what-s-the-differen","Suger","2026-08-10","Cloud GTM Offer vs Entitlement: What's the Difference? Two words a marketplace hire meets in week one; and the confusion","Cloud GTM Offer vs Entitlement: What's the Difference? Two words a marketplace hire meets in week one; and the confusion between them explains a surprising share of incidents. An offer is a proposal; an entitlement is the access a purchase grants. Aug 10; 2026","blog","https://www.suger.io/resources/blog/offer-vs-entitlement/","low"
"suger-2026-08-10-suger-as-of-aug-10-2026","Suger","2026-08-10","Suger: As of Aug 10; 2026","You can now register a co-sell on a partner's behalf — for partners who send deals by email — with the deal gated on that partner's own emailed confirmation before it can be marked won.","release","https://www.suger.io/resources/changelog/#release-2026-08-10","high"
"suger-2026-08-10-insulin-as-of-aug-10-2026","Suger","2026-08-10","Insulin: As of Aug 10; 2026","Knowledge base syncing now reports accurate indexed and total counts as it runs; and you can bulk-import an entire website into a knowledge base. Knowledge bases Long-running agent goals now stream their output live; and can be steered or cancelled while they run.","release","https://www.insulin.dev/changelog/#release-2026-08-10","medium"
"suger-2026-08-09-aws-the-aws-isv-partner-path-is-now-the-software-p","Suger","2026-08-09","AWS The AWS ISV Partner Path Is Now the Software Path AWS renamed the ISV Path to the Software Path; and the rename is t","AWS The AWS ISV Partner Path Is Now the Software Path AWS renamed the ISV Path to the Software Path; and the rename is the least interesting part. What matters is which stage you are at; and what each one actually unlocks. Aug 9; 2026","blog","https://www.suger.io/resources/blog/aws-isv-partner-path/","low"
"suger-2026-08-09-aws-aws-marketplace-contract-pricing-vs-usage-pric","Suger","2026-08-09","AWS AWS Marketplace Contract Pricing vs Usage Pricing The difference is not commercial; it's architectural. A contract p","AWS AWS Marketplace Contract Pricing vs Usage Pricing The difference is not commercial; it's architectural. A contract product verifies entitlements and never meters. A subscription product meters every hour or you don't get paid. Aug 9; 2026","blog","https://www.suger.io/resources/blog/aws-marketplace-contract-vs-usage-pricing/","low"
"suger-2026-08-09-aws-aws-marketplace-renewals-an-operating-playbook","Suger","2026-08-09","AWS AWS Marketplace Renewals: An Operating Playbook A marketplace renewal is not a renewal conversation with a purchase ","AWS AWS Marketplace Renewals: An Operating Playbook A marketplace renewal is not a renewal conversation with a purchase order at the end. It is a dated event with an automatic default; and the default fires whether or not anyone is watching. Aug 9; 2026","blog","https://www.suger.io/resources/blog/aws-marketplace-renewals/","low"
"suger-2026-08-09-aws-what-aws-marketplace-seller-insights-actually-","Suger","2026-08-09","AWS What AWS Marketplace Seller Insights Actually Show AWS gives sellers nine dashboards on the Insights tab; and most t","AWS What AWS Marketplace Seller Insights Actually Show AWS gives sellers nine dashboards on the Insights tab; and most teams use one of them. Here is what each actually reports — and the specific blind spot each one carries. Aug 9; 2026","blog","https://www.suger.io/resources/blog/aws-marketplace-seller-insights/","low"
"suger-2026-08-09-cloud-gtm-cloud-marketplace-metrics-worth-a-dashbo","Suger","2026-08-09","Cloud GTM Cloud Marketplace Metrics Worth a Dashboard Most marketplace dashboards report what already happened. The metr","Cloud GTM Cloud Marketplace Metrics Worth a Dashboard Most marketplace dashboards report what already happened. The metrics worth building are the ones that change a decision — and each one needs a named source dataset. Aug 9; 2026","blog","https://www.suger.io/resources/blog/cloud-marketplace-metrics/","low"
"suger-2026-08-09-aws-how-to-cancel-an-aws-marketplace-subscription-","Suger","2026-08-09","AWS How to Cancel an AWS Marketplace Subscription The cancellation path depends entirely on what the buyer bought. A sub","AWS How to Cancel an AWS Marketplace Subscription The cancellation path depends entirely on what the buyer bought. A subscription ends from a console page; a contract goes through AWS Support inside a 48-hour window most people miss. Aug 9; 2026","blog","https://www.suger.io/resources/blog/cancel-aws-marketplace-subscription/","low"
"suger-2026-08-09-cloud-gtm-marketplace-vs-direct-sales-when-each-wi","Suger","2026-08-09","Cloud GTM Marketplace vs Direct Sales: When Each Wins Most writing on this question is produced by companies paid when y","Cloud GTM Marketplace vs Direct Sales: When Each Wins Most writing on this question is produced by companies paid when you choose the marketplace. Here is the honest version; including the deals where direct is plainly the better channel. Aug 9; 2026","blog","https://www.suger.io/resources/blog/marketplace-vs-direct-sales/","low"
"suger-2026-08-09-cloud-gtm-cloud-marketplace-pricing-models-how-to-","Suger","2026-08-09","Cloud GTM Cloud Marketplace Pricing Models: How to Choose AWS; Microsoft; and Google Cloud each support a different set ","Cloud GTM Cloud Marketplace Pricing Models: How to Choose AWS; Microsoft; and Google Cloud each support a different set of pricing models — and all three make the choice permanent. Here is the cross-cloud comparison nobody publishes. Aug 9; 2026","blog","https://www.suger.io/resources/blog/cloud-marketplace-pricing-models/","low"
"suger-2026-08-09-prm-partner-sourced-vs-partner-influenced-revenue-","Suger","2026-08-09","PRM Partner-Sourced vs Partner-Influenced Revenue Every partnerships leader has been asked to prove partner revenue is r","PRM Partner-Sourced vs Partner-Influenced Revenue Every partnerships leader has been asked to prove partner revenue is real. The answer depends on a distinction most teams have never written down — and cannot defend when a CFO pushes. Aug 9; 2026","blog","https://www.suger.io/resources/blog/partner-sourced-vs-partner-influenced/","low"
"suger-2026-08-09-cloud-gtm-who-should-own-cloud-marketplace-revenue","Suger","2026-08-09","Cloud GTM Who Should Own Cloud Marketplace Revenue at an ISV? Marketplace revenue usually lands wherever the first deal ","Cloud GTM Who Should Own Cloud Marketplace Revenue at an ISV? Marketplace revenue usually lands wherever the first deal happened to land. Four ownership models exist; each optimises for something different; and the wrong one is expensive. Aug 9; 2026","blog","https://www.suger.io/resources/blog/who-owns-cloud-marketplace-revenue/","low"
"aws-2026-08-07-enhance-dns-protection-with-palo-alto-networks-on-","AWS","2026-08-07","Enhance DNS protection with Palo Alto Networks on Amazon Route 53 DNS Firewall","Amazon Route 53 Resolver DNS Firewall now integrates Palo Alto Networks Advanced DNS Security; bringing more than 30 advanced DNS threat detections including fast flux; DNS hijacking; domain generation algorithms; and newly registered domains—directly into your DNS Firewall rule…","blog","https://aws.amazon.com/blogs/apn/enhance-dns-protection-with-palo-alto-networks-on-amazon-route-53-dns-firewall/","low"
"azure-2026-08-07-invoice-generation-delayed-for-some-partners","Azure","2026-08-07","Invoice generation delayed for some partners","Invoice generation is currently delayed for a small percentage of partners. Microsoft is actively working to resolve the issue.","pricing","https://learn.microsoft.com/en-us/partner-center/announcements/2026-august#invoice-generation-delayed-for-some-partners","high"
"aws-2026-08-06-aws-waf-now-supports-a-salt-security-managed-rule-","AWS","2026-08-06","AWS WAF now supports a Salt Security managed rule group for API and MCP threat detection","AWS WAF now supports the Salt Security managed rule group; available through AWS Marketplace: Salt Managed Rules for AWS WAF - AI Agent API Security .","release","https://aws.amazon.com/about-aws/whats-new/2026/08/aws-waf-salt-security-managed-rules/","medium"
"aws-2026-08-06-aws-marketplace-now-lets-sellers-configure-net-pay","AWS","2026-08-06","AWS Marketplace now lets sellers configure net payment terms on private offers","AWS Marketplace now supports configurable net payment terms on private offers; with options including Net 30; Net 45; Net 60; or Net 90. Prior to this launch; net payment terms were uniform across all AWS Marketplace purchases; based on the buyer's payment terms with AWS.","feature","https://aws.amazon.com/about-aws/whats-new/2026/08/aws-marketplace-net-payment-terms-for-private-offers","high"
"aws-2026-08-06-how-ascending-s-jarvis-registry-bridges-agents-and","AWS","2026-08-06","How ASCENDING’s Jarvis Registry bridges agents and developer tools","You've deployed your agents on Amazon Bedrock AgentCore but making them reachable from Claude Desktop; VS Code; Cursor; or GitHub Copilot means building an ""experience layer"" that handles identity; authorization; discovery; and developer UX.","blog","https://aws.amazon.com/blogs/apn/how-ascendings-jarvis-registry-bridges-agents-and-developer-tools/","low"
"azure-2026-08-06-security-and-compliance-offers-for-partners","Azure","2026-08-06","Security and compliance offers for partners","Use these key Microsoft security and compliance offers to re-engage customers; accelerate deals; and expand security and compliance opportunities.","pricing","https://learn.microsoft.com/en-us/partner-center/announcements/2026-august#security-and-compliance-offers-for-partners","high"
"suger-2026-08-06-aws-refunds-and-cancellations-on-aws-marketplace-a","Suger","2026-08-06","AWS Refunds and Cancellations on AWS Marketplace AWS Marketplace refunds and cancellations are now self-service for sell","AWS Refunds and Cancellations on AWS Marketplace AWS Marketplace refunds and cancellations are now self-service for sellers. Here's the full path from request to disbursement adjustment — and what can't be undone. Aug 6; 2026","blog","https://www.suger.io/resources/blog/aws-marketplace-refunds-and-cancellations/","low"
"suger-2026-08-06-aws-aws-partner-funding-poc-mdf-isv-workload-pif-f","Suger","2026-08-06","AWS AWS Partner Funding: POC; MDF; ISV Workload; PIF Four AWS partner funding programs; four different jobs. Here's whic","AWS AWS Partner Funding: POC; MDF; ISV Workload; PIF Four AWS partner funding programs; four different jobs. Here's which one fits which deal stage — and why the funding request usually fails on the opportunity; not the form. Aug 6; 2026","blog","https://www.suger.io/resources/blog/aws-partner-funding-programs/","low"
"suger-2026-08-06-azure-azure-marketplace-private-offers-vs-private-","Suger","2026-08-06","Azure Azure Marketplace Private Offers vs Private Plans Microsoft has three things a deal desk could reasonably call a p","Azure Azure Marketplace Private Offers vs Private Plans Microsoft has three things a deal desk could reasonably call a private offer. Here's what each construct actually does; and which one fits the deal in front of you. Aug 6; 2026","blog","https://www.suger.io/resources/blog/azure-private-offers-vs-private-plans/","low"
"suger-2026-08-06-cloud-gtm-cppo-vs-mpo-reselling-on-the-cloud-marke","Suger","2026-08-06","Cloud GTM CPPO vs MPO: Reselling on the Cloud Marketplaces AWS calls it CPPO; Microsoft calls it a multiparty private of","Cloud GTM CPPO vs MPO: Reselling on the Cloud Marketplaces AWS calls it CPPO; Microsoft calls it a multiparty private offer; Google calls it a reseller plan — and CSP isn't any of them. The cross-cloud resell map; side by side. Aug 6; 2026","blog","https://www.suger.io/resources/blog/cppo-vs-mpo-multiparty-private-offers/","low"
"suger-2026-08-06-cloud-gtm-cloud-gtm-glossary-40-marketplace-terms-","Suger","2026-08-06","Cloud GTM Cloud GTM Glossary: 40 Marketplace Terms Defined Forty terms every Cloud GTM job depends on; grouped by the st","Cloud GTM Cloud GTM Glossary: 40 Marketplace Terms Defined Forty terms every Cloud GTM job depends on; grouped by the stage of the deal where you'll first hit them — from listing type to drawdown to disbursement. Aug 6; 2026","blog","https://www.suger.io/resources/blog/cloud-gtm-glossary/","low"
"suger-2026-08-06-cloud-gtm-free-trials-on-cloud-marketplaces-an-isv","Suger","2026-08-06","Cloud GTM Free Trials on Cloud Marketplaces: An ISV Guide A marketplace free trial isn't your website trial with a diffe","Cloud GTM Free Trials on Cloud Marketplaces: An ISV Guide A marketplace free trial isn't your website trial with a different button. The entitlement; the expiry; and the conversion all run on the cloud's rails — here's how to design one. Aug 6; 2026","blog","https://www.suger.io/resources/blog/free-trials-on-cloud-marketplaces/","low"
"suger-2026-08-06-gcp-google-cloud-private-offers-setup-and-pitfalls","Suger","2026-08-06","GCP Google Cloud Private Offers: Setup and Pitfalls Most failed Google Cloud private offers fail on the buyer's billing ","GCP Google Cloud Private Offers: Setup and Pitfalls Most failed Google Cloud private offers fail on the buyer's billing account; not your pricing. Here's the prerequisite checklist and the errors that block acceptance. Aug 6; 2026","blog","https://www.suger.io/resources/blog/google-cloud-private-offers-setup-and-pitfalls/","low"
"suger-2026-08-06-marketplaces-oracle-cloud-marketplace-a-guide-for-","Suger","2026-08-06","Marketplaces Oracle Cloud Marketplace: A Guide for ISV Sellers Oracle Cloud Marketplace reaches enterprises with committ","Marketplaces Oracle Cloud Marketplace: A Guide for ISV Sellers Oracle Cloud Marketplace reaches enterprises with committed Universal Credits. Here's what listing takes; how private offers qualify; and what carries over from AWS. Aug 6; 2026","blog","https://www.suger.io/resources/blog/oracle-cloud-marketplace-guide-for-isv-sellers/","low"
"suger-2026-08-06-gcp-bringing-resellers-into-google-cloud-marketpla","Suger","2026-08-06","GCP Bringing Resellers Into Google Cloud Marketplace Google doesn't do CPPO. It does reseller private offer plans — temp","GCP Bringing Resellers Into Google Cloud Marketplace Google doesn't do CPPO. It does reseller private offer plans — templates you publish; a reseller accepts; and then sells from. Here's what transfers from AWS and what doesn't. Aug 6; 2026","blog","https://www.suger.io/resources/blog/resellers-on-google-cloud-marketplace/","low"
"suger-2026-08-06-aws-what-a-marketplace-dollar-actually-costs-you-a","Suger","2026-08-06","AWS What a Marketplace Dollar Actually Costs You AWS Marketplace fees are not one number. They move with product type; o","AWS What a Marketplace Dollar Actually Costs You AWS Marketplace fees are not one number. They move with product type; offer type; contract value; the channel; and the buyer's country — with worked arithmetic for each. Aug 6; 2026","blog","https://www.suger.io/resources/blog/what-a-marketplace-dollar-costs-you/","low"
"aws-2026-08-05-aws-marketplace-adds-ai-insights-so-buyers-can-und","AWS","2026-08-05","AWS Marketplace adds AI Insights so buyers can understand pricing before they buy","You can now understand how a product's pricing works before you buy it. Available in the pricing section of the listing in AWS Marketplace; AI Insights explains each product's pricing in plain language: what a pricing unit maps to; how your bill changes as usage scales; how mult…","pricing","https://aws.amazon.com/about-aws/whats-new/2026/08/aws-marketplace-ai-insights/","low"
"azure-2026-08-05-updated-solutions-partner-badge-names","Azure","2026-08-05","Updated Solutions Partner badge names","Customer-facing Solutions Partner badges now align to the three commercial solution areas. Your requirements; benefits; and paths stay the same.","policy","https://learn.microsoft.com/en-us/partner-center/announcements/2026-august#updated-solutions-partner-badge-names","high"
"suger-2026-08-05-aws-aws-ace-a-practical-co-sell-guide-for-isvs-aws","Suger","2026-08-05","AWS AWS ACE: A Practical Co-Sell Guide for ISVs AWS ACE is how ISVs co-sell with AWS. Here's how APN Customer Engagement","AWS AWS ACE: A Practical Co-Sell Guide for ISVs AWS ACE is how ISVs co-sell with AWS. Here's how APN Customer Engagements work; and how to run them without living in Partner Central. Aug 5; 2026","blog","https://www.suger.io/resources/blog/aws-ace-guide-for-isv-sellers/","low"
"suger-2026-08-05-aws-aws-edp-what-marketplace-sellers-need-to-know-","Suger","2026-08-05","AWS AWS EDP: What Marketplace Sellers Need to Know AWS EDP is a committed-spend agreement between AWS and a customer — a","AWS AWS EDP: What Marketplace Sellers Need to Know AWS EDP is a committed-spend agreement between AWS and a customer — and marketplace purchases can draw it down. Here's why sellers should care. Aug 5; 2026","blog","https://www.suger.io/resources/blog/aws-edp-what-sellers-need-to-know/","low"
"suger-2026-08-05-aws-aws-marketplace-express-private-offers-explain","Suger","2026-08-05","AWS AWS Marketplace Express Private Offers; Explained Express private offers let AWS Marketplace buyers self-serve an AI","AWS AWS Marketplace Express Private Offers; Explained Express private offers let AWS Marketplace buyers self-serve an AI-generated offer from your pre-set rate cards. Here's what changed and how to set it up. Aug 5; 2026","blog","https://www.suger.io/resources/blog/aws-marketplace-express-private-offers/","low"
"suger-2026-08-05-aws-aws-marketplace-for-sellers-the-complete-guide","Suger","2026-08-05","AWS AWS Marketplace for Sellers: The Complete Guide Everything an ISV needs to sell on AWS Marketplace: listing types; f","AWS AWS Marketplace for Sellers: The Complete Guide Everything an ISV needs to sell on AWS Marketplace: listing types; fees; private offers; resell (CPPO); co-sell with ACE; and payouts. Aug 5; 2026","blog","https://www.suger.io/resources/blog/aws-marketplace-for-sellers-complete-guide/","low"
"suger-2026-08-05-gcp-google-cloud-marketplace-the-isv-seller-guide-","Suger","2026-08-05","GCP Google Cloud Marketplace: The ISV Seller Guide How ISVs list and sell on Google Cloud Marketplace: the Producer Port","GCP Google Cloud Marketplace: The ISV Seller Guide How ISVs list and sell on Google Cloud Marketplace: the Producer Portal; listing types; private offers; resellers; and committed spend. Aug 5; 2026","blog","https://www.suger.io/resources/blog/google-cloud-marketplace-isv-seller-guide/","low"
"suger-2026-08-05-cloud-gtm-how-to-choose-the-right-cloud-marketplac","Suger","2026-08-05","Cloud GTM How to Choose the Right Cloud Marketplace Platform A buyer's guide to evaluating cloud marketplace platforms: ","Cloud GTM How to Choose the Right Cloud Marketplace Platform A buyer's guide to evaluating cloud marketplace platforms: the criteria that separate real automation from a prettier console. Aug 5; 2026","blog","https://www.suger.io/resources/blog/how-to-choose-a-cloud-marketplace-platform/","low"
"suger-2026-08-05-azure-how-to-sell-on-azure-marketplace-an-isv-guid","Suger","2026-08-05","Azure How to Sell on Azure Marketplace: An ISV Guide A practical guide to selling on Azure Marketplace as an ISV: eligib","Azure How to Sell on Azure Marketplace: An ISV Guide A practical guide to selling on Azure Marketplace as an ISV: eligibility; listing types; Partner Center; private offers; MACC; and Microsoft co-sell. Aug 5; 2026","blog","https://www.suger.io/resources/blog/how-to-sell-on-azure-marketplace-isv-guide/","low"
"suger-2026-08-05-aws-what-buyers-see-when-you-send-a-private-offer-","Suger","2026-08-05","AWS What Buyers See When You Send a Private Offer Sellers obsess over creating the offer. Here's the other side: exactly","AWS What Buyers See When You Send a Private Offer Sellers obsess over creating the offer. Here's the other side: exactly what a buyer sees and does when an AWS Marketplace private offer lands. Aug 5; 2026","blog","https://www.suger.io/resources/blog/what-buyers-see-when-you-send-a-private-offer/","low"
"suger-2026-08-05-aws-selling-professional-services-on-aws-marketpla","Suger","2026-08-05","AWS Selling Professional Services on AWS Marketplace AWS Marketplace isn't just software. Here's how professional servic","AWS Selling Professional Services on AWS Marketplace AWS Marketplace isn't just software. Here's how professional services listings work; how they differ from SaaS; and when to use them. Aug 5; 2026","blog","https://www.suger.io/resources/blog/selling-professional-services-on-aws-marketplace/","low"
"suger-2026-08-05-azure-what-is-a-macc-azure-committed-spend-explain","Suger","2026-08-05","Azure What Is a MACC? Azure Committed Spend; Explained A MACC is Microsoft's version of committed cloud spend — and Azur","Azure What Is a MACC? Azure Committed Spend; Explained A MACC is Microsoft's version of committed cloud spend — and Azure Marketplace purchases draw it down. Here's why that matters to ISVs. Aug 5; 2026","blog","https://www.suger.io/resources/blog/what-is-a-macc-azure-committed-spend-explained/","low"
"aws-2026-08-04-accelerating-software-development-with-openai-chat","AWS","2026-08-04","Accelerating software development with OpenAI ChatGPT Codex on Amazon Bedrock","As enterprises race to ship features faster and reduce technical debt; AI-assisted development has moved from experimental to essential with Gartner predicting 75% of enterprise engineers will use AI code assistants by 2028.","blog","https://aws.amazon.com/blogs/apn/accelerating-software-development-with-openai-chatgpt-codex-on-amazon-bedrock/","low"
"azure-2026-08-04-windows-365-service-plan-name-update-from-windows-","Azure","2026-08-04","Windows 365: Service plan name update from Windows 365 Frontline to Windows 365 Flex","Starting September 3; 2026; Windows 365 Frontline service plans are renamed to Windows 365 Flex. This is a branding update only. There are no changes to functionality; licensing; user entitlements; provisioning; or billing.","pricing","https://learn.microsoft.com/en-us/partner-center/announcements/2026-august#windows-365-service-plan-name-update-from-windows-365-frontline-to-windows-365-flex","high"
"aws-2026-08-03-say-hello-to-149-new-aws-competency-and-msp-partne","AWS","2026-08-03","Say Hello to 149 New AWS Competency and MSP Partners Added in July","We are excited to highlight 149 AWS Partners that received new or renewed specializations in July for our global AWS Competency and AWS Managed Service Provider (MSP) programs.","blog","https://aws.amazon.com/blogs/apn/say-hello-to-149-new-aws-competency-and-msp-partners-added-in-july/","medium"
"azure-2026-08-03-microsoft-365-promotion-updates","Azure","2026-08-03","Microsoft 365 promotion updates","Advance Microsoft 365 growth opportunities with extended E3 offers; eligible E7 promotions; and growth margin planning.","program","https://learn.microsoft.com/en-us/partner-center/announcements/2026-august#microsoft-365-promotion-updates","medium"
"azure-2026-08-03-copilot-in-30-now-generally-available","Azure","2026-08-03","Copilot in 30 now generally available","Copilot in 30; a partner-led Microsoft 365 Copilot Business trial offering; is now available through Cloud Solution Provider (CSP) partners.","pricing","https://learn.microsoft.com/en-us/partner-center/announcements/2026-august#copilot-in-30-now-generally-available","high"
"azure-2026-08-03-updated-benefits-redemption-process","Azure","2026-08-03","Updated benefits redemption process","The updated process for redeeming the benefits provided in your benefits offering is now live.","pricing","https://learn.microsoft.com/en-us/partner-center/announcements/2026-august#updated-benefits-redemption-process","medium"
"suger-2026-08-03-cloud-gtm-deal-registration-software-a-guide-for-i","Suger","2026-08-03","Cloud GTM Deal Registration Software: A Guide for ISVs How deal registration software works for channel partners: the li","Cloud GTM Deal Registration Software: A Guide for ISVs How deal registration software works for channel partners: the lifecycle from submission to transaction; and the four points where registrations get lost. Aug 3; 2026","blog","https://www.suger.io/resources/blog/deal-registration-software-for-isvs/","low"
"suger-2026-08-03-cloud-gtm-partner-relationship-management-software","Suger","2026-08-03","Cloud GTM Partner Relationship Management Software for ISVs What PRM software does; when ISVs actually need it; and why ","Cloud GTM Partner Relationship Management Software for ISVs What PRM software does; when ISVs actually need it; and why marketplace sellers need PRM that resolves deals against AWS; Azure and GCP. Aug 3; 2026","blog","https://www.suger.io/resources/blog/partner-relationship-management-software-for-isvs/","low"
"suger-2026-08-03-suger-as-of-aug-3-2026","Suger","2026-08-03","Suger: As of Aug 3; 2026","Aligned AWS co-sell contacts with Partner Central across the create form and the detail pages in Salesforce; HubSpot; and the console. Co-sell docs Split partner commission tiles by direction; so payable and receivable are visible separately.","release","https://www.suger.io/resources/changelog/#release-2026-08-03","medium"
"suger-2026-08-03-insulin-as-of-aug-3-2026","Suger","2026-08-03","Insulin: As of Aug 3; 2026","Put agent-initiated Slack messages behind an approval gate; so nothing is sent on your behalf without a human confirming it. Agents Surfaced how jobs; channels; and apps relate to each other; so it is clear what a scheduled run will touch.","release","https://www.insulin.dev/changelog/#release-2026-08-03","medium"
"azure-2026-08-01-changes-to-specializations-and-solutions-partner-d","Azure","2026-08-01","Changes to Specializations and Solutions Partner Designations","(New addition — no retirement)","pricing","https://learn.microsoft.com/en-us/partner-center/announcements/2026-august#changes-to-specializations-and-solutions-partner-designations","high"
"azure-2026-08-01-coming-soon","Azure","2026-08-01","Coming soon","Updates to Sales; Service; Finance; and Supply Chain Specializations In August; four AI Business Solutions specializations will be updated. The Sales; Service; Finance; & Supply Chain specializations will all receive the following changes: The eligible deployments will now be def","policy","https://learn.microsoft.com/en-us/partner-center/announcements/2026-august#coming-soon","high"
"azure-2026-07-31-expanded-smb-track-eligibility","Azure","2026-07-31","Expanded SMB track eligibility","More SMB-focused partners can pursue Cloud & AI Platforms Solutions Partner designations.","pricing","https://learn.microsoft.com/en-us/partner-center/announcements/2026-july#expanded-smb-track-eligibility","medium"
"gcp-2026-07-30-change-we-ve-added-the-city-field-to-customer-insi","GCP","2026-07-30","Change We've added the `city` field to Customer Insights reports and Detailed Disbursements reports. For more informatio","Change We've added the `city` field to Customer Insights reports and Detailed Disbursements reports. For more information; see Customer Insights report fields and Detailed Disbursements report fields.","blog","https://cloud.google.com/marketplace/docs/partners/release-notes","medium"
"azure-2026-07-30-azure-reservation-exchange-policy-update","Azure","2026-07-30","Azure reservation exchange policy update","Azure reservation exchanges for savings plan eligible services end February 1; 2027. Guide customers to the right mix of savings plans and reservations.","pricing","https://learn.microsoft.com/en-us/partner-center/announcements/2026-july#azure-reservation-exchange-policy-update","medium"
"azure-2026-07-30-specialization-skilling-updates","Azure","2026-07-30","Specialization skilling updates","Microsoft is retiring specialization certifications and introducing new AI-focused replacements. Review what's changing and the updated skilling needs.","policy","https://learn.microsoft.com/en-us/partner-center/announcements/2026-july#specialization-skilling-updates","high"
"azure-2026-07-29-august-price-list-won-t-include-a-september-previe","Azure","2026-07-29","August price list won't include a September preview for NCE license-based services","We're informing all Cloud Solution Provider (CSP) partners of an important update regarding the new commerce (NCE) license-based services preview (future) price list scheduled for publication on August 1; 2026.","pricing","https://learn.microsoft.com/en-us/partner-center/announcements/2026-july#august-price-list-wont-include-a-september-preview-for-nce-license-based-services","medium"
"azure-2026-07-29-important-updates-to-partner-benefits","Azure","2026-07-29","Important updates to partner benefits","Introducing Frontier Accelerate for Marketplace; a new unified offering to build and publish; grow; and differentiate your solutions.","program","https://learn.microsoft.com/en-us/partner-center/announcements/2026-july#important-updates-to-partner-benefits","medium"
"suger-2026-07-29-aws-aws-now-decides-whether-you-get-a-rep-here-s-h","Suger","2026-07-29","AWS AWS Now Decides Whether You Get a Rep. Here's How That Decision Gets Made. AWS Partner Central agents now score ever","AWS AWS Now Decides Whether You Get a Rep. Here's How That Decision Gets Made. AWS Partner Central agents now score every co-sell opportunity and route it to a motion.","blog","https://www.suger.io/resources/blog/aws-decides-whether-you-get-a-rep/","low"
"aws-2026-07-28-how-to-fit-aws-partner-central-agents-into-your-en","AWS","2026-07-28","How to fit AWS Partner Central agents into your environment with your own AI agent","This post shows how to integrate the AWS Partner Central Agent MCP Server into your existing environment. You'll build a lightweight orchestrator that connects your current tools to Partner Central using agent-to-agent communication via Model Context Protocol (MCP).","blog","https://aws.amazon.com/blogs/awsmarketplace/how-to-fit-aws-partner-central-agents-into-your-environment-with-your-own-ai-agent/","low"
"aws-2026-07-28-orca-just-in-time-access-aws-iam-identity-center-s","AWS","2026-07-28","Orca just-in-time access & AWS IAM Identity Center solve permission sprawl","Learn how Orca Security's Just-in-Time (JIT) integration with AWS IAM Identity Center helps organizations address permission sprawl by replacing persistent access with time-bound; approval-based permissions that automatically revoke when the time window expires.","blog","https://aws.amazon.com/blogs/apn/orca-just-in-time-access-aws-iam-identity-center-solve-permission-sprawl/","low"
"azure-2026-07-28-coming-soon-updated-partner-center-verification-ex","Azure","2026-07-28","Coming soon: Updated Partner Center verification experience for the Microsoft AI Cloud Partner Program and Cloud Solutio","Updated Partner Center verification experience starting July 28; 2026 for the Microsoft AI Cloud Partner Program and Cloud Solution Provider.","pricing","https://learn.microsoft.com/en-us/partner-center/announcements/2026-july#coming-soon-updated-partner-center-verification-experience-for-the-microsoft-ai-cloud-partner-program-and-cloud-solution-providers","high"
"azure-2026-07-27-microsoft-365-copilot-nonprofit-offer-partner-marg","Azure","2026-07-27","Microsoft 365 Copilot nonprofit offer: partner margin update","Microsoft 365 Copilot nonprofit offer: partner margin update.","pricing","https://learn.microsoft.com/en-us/partner-center/announcements/2026-july#microsoft-365-copilot-nonprofit-offer-partner-margin-update","high"
"suger-2026-07-27-suger-as-of-jul-27-2026","Suger","2026-07-27","Suger: As of Jul 27; 2026","Moved Google Cloud Marketplace catalog and private-offer sync onto the Commerce Producer SDK. Added Broadcasts; which compose one message and send it to every partner Slack channel. PRM docs Hardened authentication between internal services.","release","https://www.suger.io/resources/changelog/#release-2026-07-27","medium"
"suger-2026-07-27-insulin-as-of-jul-27-2026","Suger","2026-07-27","Insulin: As of Jul 27; 2026","Released the Inbox app; with a rebuilt interface and full email support. Inbox App Unified the job detail page and added a runs table; so every past execution of a job is visible in one place. Jobs Fixed disabled cron schedules that could still fire.","release","https://www.insulin.dev/changelog/#release-2026-07-27","medium"
"gcp-2026-07-24-feature-you-can-now-use-the-cloud-commerce-produce","GCP","2026-07-24","Feature You can now use the Cloud Commerce Producer API to programmatically create; manage; and publish private offers. ","Feature You can now use the Cloud Commerce Producer API to programmatically create; manage; and publish private offers.","pricing","https://cloud.google.com/marketplace/docs/partners/release-notes","low"
"azure-2026-07-24-windows-365-gpu-frontline-select-256-gb-sku-availa","Azure","2026-07-24","Windows 365 GPU Frontline Select 256 GB SKU available on Aug 1","The temporary CSP limitation on the ""Windows 365 GPU Frontline Select 256-GB"" SKU lifts on August 1; 2026. Plan your customer conversations now.","blog","https://learn.microsoft.com/en-us/partner-center/announcements/2026-july#windows-365-gpu-frontline-select-256-gb-sku-available-on-aug-1","medium"
"azure-2026-07-24-convert-more-trials-into-revenue-on-microsoft-mark","Azure","2026-07-24","Convert more trials into revenue on Microsoft Marketplace","Now available for Microsoft Marketplace trials: Expanded coverage; flexible durations; and deeper insights.","pricing","https://learn.microsoft.com/en-us/partner-center/announcements/2026-july#convert-more-trials-into-revenue-on-microsoft-marketplace","high"
"azure-2026-07-23-mdti-reaches-end-of-life-august-1-2026","Azure","2026-07-23","MDTI reaches end of life August 1; 2026","Microsoft Defender Threat Intelligence (MDTI) reaches end of life on August 1; 2026 – here's what that means for you.","pricing","https://learn.microsoft.com/en-us/partner-center/announcements/2026-july#mdti-reaches-end-of-life-august-1-2026","high"
"azure-2026-07-23-wsa-validation-updates","Azure","2026-07-23","WSA validation updates","WSA validation updates make setup problems easier to identify and keep contract processing moving.","release","https://learn.microsoft.com/en-us/partner-center/announcements/2026-july#wsa-validation-updates","medium"
"azure-2026-07-21-fy27-cloud-ai-gtm-launch","Azure","2026-07-21","FY27 Cloud & AI GTM launch","Start FY27 with customer-ready Cloud & AI conversations","blog","https://learn.microsoft.com/en-us/partner-center/announcements/2026-july#fy27-cloud--ai-gtm-launch","high"
"azure-2026-07-20-partner-center-agent-available-for-integration","Azure","2026-07-20","Partner Center agent available for integration","Date : July 20; 2026 Workspace : General Impacted audience : All partners enrolled in commercial programs like MAICPP; CSP; Surface; Azure Marketplace Partner Center launched AI assistant in 2025 with support for eight locales; predominantly catering to all Commercial and Marketp","program","https://learn.microsoft.com/en-us/partner-center/announcements/2026-july#partner-center-agent-available-for-integration","high"
"azure-2026-07-20-request-private-offer-now-available","Azure","2026-07-20","""Request private offer"" now available","Help customers start pricing and terms discussions faster by letting them request a private offer directly from the listing page.","pricing","https://learn.microsoft.com/en-us/partner-center/announcements/2026-july#request-private-offer-now-available","high"
"suger-2026-07-20-suger-as-of-jul-20-2026","Suger","2026-07-20","Suger: As of Jul 20; 2026","Added AWS opportunity quality-score prediction and AI-generated business problems to the co-sell referral form. How co-sell works Made the partner portal Overview page customizable with templates and CMS content.","release","https://www.suger.io/resources/changelog/#release-2026-07-20","medium"
"suger-2026-07-20-insulin-as-of-jul-20-2026","Suger","2026-07-20","Insulin: As of Jul 20; 2026","Added integration-introspection tools; so an agent can list the integrations available to it; inspect one; and check its connection before acting. Agents Added a download button to every renderer in the Preview app. Fixed connecting integrations that do not use OAuth.","release","https://www.insulin.dev/changelog/#release-2026-07-20","medium"
"azure-2026-07-16-multiparty-private-offers-expand-to-more-markets","Azure","2026-07-16","Multiparty private offers expand to more markets","Microsoft Marketplace expands multiparty private offers to Australia; Japan; and South Africa; in addition to current markets.","blog","https://learn.microsoft.com/en-us/partner-center/announcements/2026-july#multiparty-private-offers-expand-to-more-markets","low"
"azure-2026-07-15-monthly-microsoft-ai-cloud-partner-program-update","Azure","2026-07-15","Monthly Microsoft AI Cloud Partner Program update","What’s new for Solutions Partner designations; specializations; and other Microsoft AI Cloud Partner Program offerings and benefits.","pricing","https://learn.microsoft.com/en-us/partner-center/announcements/2026-july#monthly-microsoft-ai-cloud-partner-program-update","high"
"azure-2026-07-15-meet-the-mcaps-start-for-partners-speakers","Azure","2026-07-15","Meet the MCAPS Start for Partners speakers","Don't miss a moment of MCAPS Start for Partners—bookmark the Partner Activation Zone.","blog","https://learn.microsoft.com/en-us/partner-center/announcements/2026-july#meet-the-mcaps-start-for-partners-speakers","high"
"azure-2026-07-15-2026-france-and-french-territories-tax-id-update","Azure","2026-07-15","2026 France and French territories Tax ID update","Effective September 1; 2026; France requires all tax-registered businesses to issue and receive structured electronic invoices (e-Invoicing) for domestic B2B transactions through certified platforms.","pricing","https://learn.microsoft.com/en-us/partner-center/announcements/2026-july#2026-france-and-french-territories-tax-id-update","high"
"suger-2026-07-15-prm-from-onboarding-to-platinum-tier-partners-how-","Suger","2026-07-15","PRM From Onboarding to Platinum Tier Partners: How PRM Journeys Keep Partners Engaged How do you keep partners engaged i","PRM From Onboarding to Platinum Tier Partners: How PRM Journeys Keep Partners Engaged How do you keep partners engaged in your PRM? PRM Journeys guide partners from onboarding to certification to Platinum tier with a clear path forward. Jul 15; 2026","blog","https://www.suger.io/resources/blog/prm-journeys-keep-partners-engaged/","low"
"aws-2026-07-14-want-more-deals-from-aws-sellers-enable-express-pr","AWS","2026-07-14","Want more deals from AWS sellers? Enable Express Private Offers","AWS Marketplace express private offers co-sell integration helps Amazon Web Services (AWS) internal builders identify and engage AWS Marketplace sellers who can streamline support to customer opportunities and are more likely to be selected from the available options.","blog","https://aws.amazon.com/blogs/awsmarketplace/want-more-deals-from-aws-sellers-enable-express-private-offers/","low"
"azure-2026-07-14-update-to-benefits-renewal-window-coming","Azure","2026-07-14","Update to benefits renewal window coming","Renewal window for benefits to begin 30 days earlier.","program","https://learn.microsoft.com/en-us/partner-center/announcements/2026-july#update-to-benefits-renewal-window-coming","high"
"azure-2026-07-14-introducing-copilot-in-30","Azure","2026-07-14","Introducing Copilot in 30","Explore Copilot in 30; a scalable framework to acquire new Microsoft 365 Copilot customers in just 30 days.","pricing","https://learn.microsoft.com/en-us/partner-center/announcements/2026-july#introducing-copilot-in-30","high"
"suger-2026-07-13-suger-as-of-jul-13-2026","Suger","2026-07-13","Suger: As of Jul 13; 2026","Added multi-partner attribution to co-sell; with commission terms owned by the reseller. Added hourly auto-sync for Oracle Cloud Marketplace and revenue sync from the OCI publisher disbursement report.","release","https://www.suger.io/resources/changelog/#release-2026-07-13","medium"
"suger-2026-07-13-insulin-as-of-jul-13-2026","Suger","2026-07-13","Insulin: As of Jul 13; 2026","Added organization-level knowledge base connectors for GitHub and Google Drive; with sync status visible per connector and per document. Knowledge bases Extended the Email app with a Salesforce trigger and Outlook as a source. Inbox App","release","https://www.insulin.dev/changelog/#release-2026-07-13","medium"
"aws-2026-07-10-announcing-2026-aws-partner-award-nominations","AWS","2026-07-10","Announcing 2026 AWS Partner Award Nominations","The 2026 AWS Partner Awards honor partners who have demonstrated outstanding results and innovation with the use of AWS products and solutions. AWS Partners can self-nominate themselves to be considered across a select number of AWS Partner Award categories.","blog","https://aws.amazon.com/blogs/apn/announcing-2026-aws-partner-award-nominations/","low"
"azure-2026-07-10-azure-ip-co-sell-updates","Azure","2026-07-10","Azure IP co-sell updates","In FY27; Microsoft is making strategic changes to Azure IP co-sell to drive greater partner impact.","pricing","https://learn.microsoft.com/en-us/partner-center/announcements/2026-july#azure-ip-co-sell-updates","medium"
"azure-2026-07-09-microsoft-365-copilot-specialization-updates","Azure","2026-07-09","Microsoft 365 Copilot specialization updates","Starting July 2026; Microsoft will update the Microsoft Copilot specialization. Here's what to do now.","policy","https://learn.microsoft.com/en-us/partner-center/announcements/2026-july#microsoft-365-copilot-specialization-updates","high"
"azure-2026-07-08-azure-promotions-for-cloud-solution-providers-csps","Azure","2026-07-08","Azure promotions for cloud solution providers (CSPs) available in sandbox environments","Start preparing for Azure consumptive promotions and per-user promotional targeting.","feature","https://learn.microsoft.com/en-us/partner-center/announcements/2026-july#azure-promotions-for-cloud-solution-providers-csps-available-in-sandbox-environments","high"
"azure-2026-07-08-cloud-accelerate-factory-expands","Azure","2026-07-08","Cloud Accelerate Factory expands","More partners can now use Cloud Accelerate Factory to deliver faster; more competitive customer engagements.","pricing","https://learn.microsoft.com/en-us/partner-center/announcements/2026-july#cloud-accelerate-factory-expands","medium"
"azure-2026-07-08-annual-local-currency-pricing-updates-for-commerci","Azure","2026-07-08","Annual local currency pricing updates for Commercial Cloud","Starting in FY27; Microsoft is moving to annual local currency pricing updates for Commercial Cloud services every January.","pricing","https://learn.microsoft.com/en-us/partner-center/announcements/2026-july#annual-local-currency-pricing-updates-for-commercial-cloud","high"
"azure-2026-07-07-new-access-to-move-customers-from-ea-to-csp","Azure","2026-07-07","New access to move customers from EA to CSP","Expanded access to the EA-to-CSP for Azure tool helps partners transition customers to drive recurring revenue.","pricing","https://learn.microsoft.com/en-us/partner-center/announcements/2026-july#new-access-to-move-customers-from-ea-to-csp","medium"
"azure-2026-07-07-growth-margins-cloud-solution-providers-csps-avail","Azure","2026-07-07","Growth margins cloud solution providers (CSPs) available","Sandbox access now available for CSP growth margins","blog","https://learn.microsoft.com/en-us/partner-center/announcements/2026-july#growth-margins-cloud-solution-providers-csps-available","high"
"aws-2026-07-06-say-hello-to-184-new-aws-competency-service-delive","AWS","2026-07-06","Say Hello to 184 New AWS Competency; Service Delivery; and MSP Partners Added in June","We are excited to highlight 184 AWS Partners that received new or renewed specializations in June for our global AWS Competency; AWS Managed Service Provider (MSP); and AWS Service Delivery programs.","blog","https://aws.amazon.com/blogs/apn/say-hello-to-184-new-aws-competency-service-delivery-and-msp-partners-added-in-june/","medium"
"azure-2026-07-06-custom-contract-lengths-now-available","Azure","2026-07-06","Custom contract lengths now available","Secure deals for up to 10 years with custom contract lengths; now generally available in Microsoft Marketplace.","pricing","https://learn.microsoft.com/en-us/partner-center/announcements/2026-july#custom-contract-lengths-now-available","high"
"azure-2026-07-06-dlp-in-defender-for-cloud-apps-deprecation","Azure","2026-07-06","DLP in Defender for Cloud Apps deprecation","DLP in Defender for Cloud Apps will be deprecated on January 6; 2027. Microsoft Purview will become the unified home for data security and compliance.","policy","https://learn.microsoft.com/en-us/partner-center/announcements/2026-july#dlp-in-defender-for-cloud-apps-deprecation","low"
"suger-2026-07-06-suger-as-of-jul-6-2026","Suger","2026-07-06","Suger: As of Jul 6; 2026","Added bulk upload of deal registrations from a CSV or from opportunities; with per-row results. Deal registration Brought dimension-tag discounts for AWS; Azure; and Google Cloud into Salesforce; matching the console. Added Oracle Cloud private offer creation from Salesforce.","release","https://www.suger.io/resources/changelog/#release-2026-07-06","medium"
"suger-2026-07-06-insulin-as-of-jul-6-2026","Suger","2026-07-06","Insulin: As of Jul 6; 2026","Fixed currency amounts being reformatted as mathematical notation in chat. Chat","release","https://www.insulin.dev/changelog/#release-2026-07-06","low"
"aws-2026-07-02-how-interwiz-reduced-ai-costs-by-90-with-amazon-be","AWS","2026-07-02","How InterWiz reduced AI costs by 90% with Amazon Bedrock","When AI infrastructure costs consumed 40% of per-interview revenue; InterWiz knew their single-provider architecture couldn't support profitable growth.","blog","https://aws.amazon.com/blogs/apn/how-interwiz-reduced-ai-costs-by-90-with-amazon-bedrock/","low"
"aws-2026-07-02-reimagining-legacy-applications-with-pega-and-aws-","AWS","2026-07-02","Reimagining legacy applications with Pega and AWS through AI-driven approach","The AI-Driven App Modernization Platform from Pega and AWS enables enterprises to incrementally transform legacy applications from mainframes to monolithic applications into intelligent; cloud-native workflows using AI-powered discovery; low-code design; and the strangler fig pa…","blog","https://aws.amazon.com/blogs/apn/reimagining-legacy-applications-with-pega-and-aws-through-ai-driven-approach/","low"
"aws-2026-07-02-designing-enterprise-ai-agents-with-devrev-guardra","AWS","2026-07-02","Designing enterprise AI agents with DevRev guardrails powered by Amazon Nova","DevRev built real-time AI guardrails into its enterprise agent system; powered by Amazon Nova 2 Lite through Amazon Bedrock.","blog","https://aws.amazon.com/blogs/apn/designing-enterprise-ai-agents-with-devrev-guardrails-powered-by-amazon-nova/","low"
"azure-2026-07-02-fy27-growth-margins-for-select-ai-workloads","Azure","2026-07-02","FY27 Growth Margins for Select AI Workloads","Earn more margin in FY27 for driving qualifying growth—new-to-offer; seat expansion; and adoption—across select strategic AI workloads. Date : July 2; 2026 Workspace : General Impacted audience : Cloud Solution Provider (CSP) partners; including distributors; indirect resellers; ","release","https://learn.microsoft.com/en-us/partner-center/announcements/2026-july#fy27-growth-margins-for-select-ai-workloads","low"
"aws-2026-07-01-publishing-your-saas-products-in-aws-marketplace-i","AWS","2026-07-01","Publishing your SaaS products in AWS Marketplace in the AWS European Sovereign Cloud","This post is the third in a three-part series on listing software products in the AWS European Sovereign Cloud: Part 1: Registering as a seller — covers account setup and seller registration. Part 2: Publishing Amazon Machine Image (AMI) products.","blog","https://aws.amazon.com/blogs/awsmarketplace/publishing-saas-products-aws-marketplace-european-sovereign-cloud/","low"
"aws-2026-07-01-aws-and-elastio-deliver-comprehensive-ransomware-r","AWS","2026-07-01","AWS and Elastio deliver comprehensive ransomware resilience","AWS and Elastio deliver a modern approach to ransomware resilience by combining immutable; air-gapped data vaults with continuous integrity validation; so organizations can confidently recover from cyberattacks with clean; verified data.","blog","https://aws.amazon.com/blogs/apn/aws-and-elastio-deliver-comprehensive-ransomware-resilience/","low"
"azure-2026-07-01-new-licensing-prerequisite-for-agent-365","Azure","2026-07-01","New Licensing Prerequisite for Agent 365","New licensing prerequisite for Agent 365: Microsoft 365 E5 required for new purchases starting June 1; 2026. Date : July 1; 2026 Workspace : General Impacted audience : Partners supporting Agent 365 customer engagements Details Effective June 1; Microsoft is introducing an expand","policy","https://learn.microsoft.com/en-us/partner-center/announcements/2026-july#new-licensing-prerequisite-for-agent-365","high"
"azure-2026-07-01-new-windows-365-promotions-csp-promotions-save-up-","Azure","2026-07-01","New Windows 365 Promotions CSP promotions - Save up to 25% for new and existing subscribers","Unlock new growth with Windows 365 CSP promotions. New and existing subscribers can now save up to 25% on Windows 365 editions.","pricing","https://learn.microsoft.com/en-us/partner-center/announcements/2026-july#new-windows-365-promotions-csp-promotions---save-up-to-25-for-new-and-existing-subscribers","high"
"azure-2026-07-01-fy27-promotions-for-microsoft-365-and-copilot","Azure","2026-07-01","FY27 promotions for Microsoft 365 and Copilot","Take advantage of FY27 Cloud Solution Provider (CSP) promotions for Microsoft 365 and Microsoft 365 Copilot to accelerate deals and AI adoption.","pricing","https://learn.microsoft.com/en-us/partner-center/announcements/2026-july#fy27-promotions-for-microsoft-365-and-copilot","medium"
"azure-2026-07-01-partner-code-of-conduct-update","Azure","2026-07-01","Partner Code of Conduct update","Microsoft is updating the Partner Code of Conduct (PCoC) to clarify expectations for partner compliance; effective August 1; 2026.","policy","https://learn.microsoft.com/en-us/partner-center/announcements/2026-july#partner-code-of-conduct-update","high"
"azure-2026-07-01-now-available-microsoft-365-business-with-copilot-","Azure","2026-07-01","Now available: Microsoft 365 Business with Copilot SKUs","Turn durable pricing into a predictable renewal engine for SMB customers.","pricing","https://learn.microsoft.com/en-us/partner-center/announcements/2026-july#now-available-microsoft-365-business-with-copilot-skus","high"
"azure-2026-07-01-explore-mcaps-start-for-partners-sessions","Azure","2026-07-01","Explore MCAPS Start for Partners sessions","Join us on July 22 for the sessions; strategies; and playbooks to execute from day one—across AI; security; cloud; and beyond.","pricing","https://learn.microsoft.com/en-us/partner-center/announcements/2026-july#explore-mcaps-start-for-partners-sessions","medium"
"azure-2026-07-01-update-to-microsoft-365-nonprofit-e3-e5-three-year","Azure","2026-07-01","Update to Microsoft 365 Nonprofit E3/E5 three-Year CSP SKUs","To simplify the CSP catalog and reduce confusion; Microsoft is updating the Microsoft 365 E3 and E5 Nonprofit 3‑year offers.","pricing","https://learn.microsoft.com/en-us/partner-center/announcements/2026-july#update-to-microsoft-365-nonprofit-e3e5-three-year-csp-skus","medium"
"aws-2026-06-30-introducing-forward-deployed-engineering-for-partn","AWS","2026-06-30","Introducing Forward Deployed Engineering for Partners: Winning the Future of Enterprise AI","AWS has launched the Partner-Led Forward Deployed Engineering (FDE) motion; extending its $1 billion investment in agentic AI deployment to strategic consulting partners.","blog","https://aws.amazon.com/blogs/apn/introducing-forward-deployed-engineering-for-partners-winning-the-future-of-enterprise-ai/","high"
"azure-2026-06-30-specialization-skilling-updates","Azure","2026-06-30","Specialization skilling updates","Several Microsoft specialization certifications are retiring and being replaced by new AI-focused criteria.","policy","https://learn.microsoft.com/en-us/partner-center/announcements/2026-june#specialization-skilling-updates","high"
"aws-2026-06-29-how-dxc-technology-upgraded-angular-and-net-applic","AWS","2026-06-29","How DXC Technology upgraded Angular and .NET applications with Amazon Q Developer","Learn how DXC Technology used Amazon Q Developer to help its customer modernize over 80 microservices and multiple micro-frontend applications; upgrading from older Angular and .NET versions while achieving a 60–75% reduction in overall upgrade effort.","blog","https://aws.amazon.com/blogs/apn/how-dxc-technology-upgraded-angular-and-net-applications-with-amazon-q-developer/","low"
"azure-2026-06-29-microsoft-365-copilot-cowork-updated-partner-resou","Azure","2026-06-29","Microsoft 365 Copilot Cowork: Updated Partner Resources and Enablement","Following the general availability of Microsoft 365 Copilot Cowork; partner resources and enablement materials are now available to support customer conversations; planning; and readiness.","pricing","https://learn.microsoft.com/en-us/partner-center/announcements/2026-june#microsoft-365-copilot-cowork-updated-partner-resources-and-enablement","high"
"azure-2026-06-29-action-required-use-the-updated-microsoft-entra-id","Azure","2026-06-29","Action required: Use the updated Microsoft Entra ID P2 Education Student SKU for renewals","Use the new Microsoft Entra ID P2 Education Student stock-keeping unit (SKU) for renewals beginning July 1.","pricing","https://learn.microsoft.com/en-us/partner-center/announcements/2026-june#action-required-use-the-updated-microsoft-entra-id-p2-education-student-sku-for-renewals","high"
"suger-2026-06-29-suger-as-of-jun-29-2026","Suger","2026-06-29","Suger: As of Jun 29; 2026","Added organization-level integrations for GitLab; Notion; Dropbox Business; Asana; and Avalara. Integrations Added invoice-based billing; which reports issued invoices to the marketplace rather than raw usage.","release","https://www.suger.io/resources/changelog/#release-2026-06-29","medium"
"suger-2026-06-29-insulin-as-of-jun-29-2026","Suger","2026-06-29","Insulin: As of Jun 29; 2026","Added organization-level agents and skills to the agent marketplace; so one install can serve a whole team. Marketplace Hardened the desktop window manager — snapping; focus; persistence; minimize; and windows inside windows.","release","https://www.insulin.dev/changelog/#release-2026-06-29","medium"
"azure-2026-06-26-sentinel-50-gb-tier-promo-extended","Azure","2026-06-26","Sentinel 50-GB tier promo extended","We’ve extended the Microsoft Sentinel 50 GB commitment tier promotion; giving partners more time to drive adoption. Announcement date : June 26; 2026 Workspace : General Impacted audience : All partners Details On October 1; 2025; Microsoft launched a new 50-GB commitment tier fo","pricing","https://learn.microsoft.com/en-us/partner-center/announcements/2026-june#sentinel-50-gb-tier-promo-extended","high"
"azure-2026-06-26-july-price-list-won-t-include-an-august-preview-fo","Azure","2026-06-26","July price list won't include an August preview for NCE license-based services","We're informing all Cloud Solution Provider (CSP) partners of an important update regarding the new commerce (NCE) license-based services preview (future) price list scheduled for publication on July 1; 2026.","pricing","https://learn.microsoft.com/en-us/partner-center/announcements/2026-june#july-price-list-wont-include-an-august-preview-for-nce-license-based-services","medium"
"suger-2026-06-26-product-update-product-updates-june-2026-what-ship","Suger","2026-06-26","Product Update Product Updates: June 2026 What shipped in Suger June 2026: the Co-Sell MCP; Collaboration Score; AI fiel","Product Update Product Updates: June 2026 What shipped in Suger June 2026: the Co-Sell MCP; Collaboration Score; AI field-mapping prompts; SCA goal tracking; and AWS Bedrock; Vertex AI & Azure AI Foundry. Jun 26; 2026","blog","https://www.suger.io/resources/blog/product-updates-june-2026/","medium"
"suger-2026-06-26-suger-as-of-jun-26-2026","Suger","2026-06-26","Suger: As of Jun 26; 2026","Launched the Suger Co-Sell MCP so co-sell referrals can be drafted; shared; and synced from inside an AI assistant — including drafting outbound referrals; listing inbound referrals pending acceptance; diagnosing stuck referrals; and syncing status back to Salesforce.","release","https://www.suger.io/resources/changelog/#release-2026-06-26","high"
"azure-2026-06-25-guidance-on-marketplace-rewards-azure-sponsorship-","Azure","2026-06-25","Guidance on Marketplace Rewards Azure sponsorship use cases","Marketplace Rewards partners can use Azure sponsorships to support customer deployments and no-cost trials of Marketplace offers.","pricing","https://learn.microsoft.com/en-us/partner-center/announcements/2026-june#guidance-on-marketplace-rewards-azure-sponsorship-use-cases","high"
"aws-2026-06-24-aws-genaiic-partner-agent-factory-new-ai-agents-no","AWS","2026-06-24","AWS GenAIIC Partner Agent Factory: New AI agents now in AWS Marketplace","In this post; we introduce the latest PAF solutions and explain how you can discover these solutions and co-innovate through the program.","blog","https://aws.amazon.com/blogs/awsmarketplace/aws-genaiic-partner-agent-factory-new-ai-agents-now-in-aws-marketplace/","low"
"azure-2026-06-24-windows-365-gpu-enterprise-select-256-gb-sku-avail","Azure","2026-06-24","Windows 365 GPU Enterprise Select 256 GB SKU available on July 1","The temporary CSP limitation on the ""Windows 365 GPU Enterprise Select 256-GB"" SKU lifts on July 1; 2026. Plan customer conversations now.","blog","https://learn.microsoft.com/en-us/partner-center/announcements/2026-june#windows-365-gpu-enterprise-select-256-gb-sku-available-on-july-1","high"
"suger-2026-06-24-prm-launching-a-new-path-for-partnerships-partners","Suger","2026-06-24","PRM Launching a new path for partnerships Partnerships teams are constantly asked to do more with less. Suger PRM fixes ","PRM Launching a new path for partnerships Partnerships teams are constantly asked to do more with less. Suger PRM fixes the plumbing. Jun 24; 2026","blog","https://www.suger.io/resources/blog/partner-relationship-management/","high"
"aws-2026-06-23-securing-ai-driven-apis-on-aws-with-wallarm","AWS","2026-06-23","Securing AI-driven APIs on AWS with Wallarm","As AI workloads scale on AWS; the API layer becomes the primary security surface where every prompt; model response; and agent action flows through.","blog","https://aws.amazon.com/blogs/apn/securing-ai-driven-apis-on-aws-with-wallarm/","low"
"azure-2026-06-23-new-check-inventory-by-resource-type-api-available","Azure","2026-06-23","New Check Inventory by Resource Type API available—Check Inventory API retiring September 25; 2026","A new Check Inventory by Resource Type API is now available. The existing Check Inventory API will be retired on September 25; 2026.","release","https://learn.microsoft.com/en-us/partner-center/announcements/2026-june#new-check-inventory-by-resource-type-api-availablecheck-inventory-api-retiring-september-25-2026","high"
"suger-2026-06-22-insulin-as-of-jun-22-2026","Suger","2026-06-22","Insulin: As of Jun 22; 2026","Released the first version of the Email app — an AI inbox that reads your Gmail; classifies and routes each message; and drafts replies in your own voice. Inbox App Added a sub-threads sidebar with a Recents list; automatically generated thread titles; and synced unread badges.","release","https://www.insulin.dev/changelog/#release-2026-06-22","medium"
"aws-2026-06-18-automate-security-and-observability-with-elastic-a","AWS","2026-06-18","Automate security and observability with Elastic and Amazon Bedrock","As cloud-native environments expand; security and operations leaders face mounting pressure to reduce response times while managing growing alert volumes and team capacity.","blog","https://aws.amazon.com/blogs/apn/automate-security-and-observability-with-elastic-and-amazon-bedrock/","low"
"aws-2026-06-18-securing-enterprise-ready-ai-agents-with-auth0-for","AWS","2026-06-18","Securing enterprise ready AI agents with Auth0 for AI Agents and Amazon Bedrock AgentCore","As AI agents take actions across systems on behalf of your users; identity and access management must sit at the center of your security strategy.","blog","https://aws.amazon.com/blogs/apn/securing-enterprise-ready-ai-agents-with-auth0-for-ai-agents-and-amazon-bedrock-agentcore/","low"
"aws-2026-06-17-transform-enterprise-visual-content-with-amazon-no","AWS","2026-06-17","Transform enterprise visual content with Amazon Nova and Bria Fibo","Learn how the integration of Amazon Nova multimodal intelligence with Bria Fibo's deterministic visual foundation model solves the enterprise challenges of unpredictable outputs; inconsistent branding; and legal uncertainty in AI image generation.","blog","https://aws.amazon.com/blogs/apn/transform-enterprise-visual-content-with-amazon-nova-and-bria-fibo/","low"
"aws-2026-06-17-build-a-complete-soc-solution-with-amazon-security","AWS","2026-06-17","Build a complete SOC solution with Amazon Security Lake; Splunk; and Recorded Future Autonomous Threat Operations","Learn how to close the detection-to-response gap in your security operations by integrating Amazon Security Lake; Splunk Enterprise Security; and Recorded Future Autonomous Threat Operations into a unified SOC architecture that centralizes dispersed security data; automates even…","blog","https://aws.amazon.com/blogs/apn/build-a-complete-soc-solution-with-amazon-security-lake-splunk-and-recorded-future-autonomous-threat-operations/","low"
"azure-2026-06-17-updated-microsoft-partner-agreement-takes-effect-d","Azure","2026-06-17","Updated Microsoft Partner Agreement takes effect December 1; 2026","Preview the updated Microsoft Partner Agreement (MPA) in Partner Center.","policy","https://learn.microsoft.com/en-us/partner-center/announcements/2026-june#updated-microsoft-partner-agreement-takes-effect-december-1-2026","high"
"aws-2026-06-16-agentic-saas-your-next-growth-market-is-already-he","AWS","2026-06-16","Agentic SaaS: Your next growth market is already here","Agentic AI represents the third major platform shift in enterprise software; transforming how SaaS is built; priced; distributed; and consumed by a hybrid workforce of humans and autonomous agents.","blog","https://aws.amazon.com/blogs/apn/agentic-saas-your-next-growth-market-is-already-here/","low"
"azure-2026-06-16-copilot-cowork-and-microsoft-scout-what-partners-n","Azure","2026-06-16","Copilot Cowork and Microsoft Scout: What partners need to know","Copilot Cowork is now available alongside Microsoft Scout agent experience.","pricing","https://learn.microsoft.com/en-us/partner-center/announcements/2026-june#copilot-cowork-and-microsoft-scout-what-partners-need-to-know","high"
"azure-2026-06-15-view-promotion-details-directly-in-partner-center","Azure","2026-06-15","View promotion details directly in Partner Center","Partners can now view promotion details in the Partner Center UX in addition to downloading the promotions list.","pricing","https://learn.microsoft.com/en-us/partner-center/announcements/2026-june#view-promotion-details-directly-in-partner-center","high"
"azure-2026-06-15-new-end-of-sale-pricelist-for-software-now-availab","Azure","2026-06-15","New: End of Sale Pricelist for Software now available","A new End of Sale Pricelist for Software is being added to Partner Center; effective July 1; 2026.","pricing","https://learn.microsoft.com/en-us/partner-center/announcements/2026-june#new-end-of-sale-pricelist-for-software-now-available","high"
"azure-2026-06-15-reminder-referenceid-format-update-in-reconciliati","Azure","2026-06-15","Reminder: ReferenceId format update in reconciliation files","Reminder: The ReferenceId attribute in Billed and Unbilled Reconciliation files is updated to a structured JSON format effective June 15; 2026.","pricing","https://learn.microsoft.com/en-us/partner-center/announcements/2026-june#reminder-referenceid-format-update-in-reconciliation-files","high"
"azure-2026-06-15-reminder-microsoft-365-pricing-and-packaging-updat","Azure","2026-06-15","Reminder: Microsoft 365 pricing and packaging updates coming in 2026","Reminder: Microsoft 365 pricing and packaging updates coming in 2026. Lock in current pricing by closing renewals before July 1.","pricing","https://learn.microsoft.com/en-us/partner-center/announcements/2026-june#reminder-microsoft-365-pricing-and-packaging-updates-coming-in-2026","high"
"azure-2026-06-15-new-partner-skilling-discussion-board","Azure","2026-06-15","New: Partner Skilling discussion board","Introducing the new Partner Skilling discussion board on Tech Community—your go-to destination for skilling opportunities and expertise.","release","https://learn.microsoft.com/en-us/partner-center/announcements/2026-june#new-partner-skilling-discussion-board","low"
"suger-2026-06-15-suger-as-of-jun-15-2026","Suger","2026-06-15","Suger: As of Jun 15; 2026","Added the first Oracle Cloud Marketplace integration; covering adding and verifying a marketplace. Oracle Marketplace Added embeddable partner sign-up forms; with an allowlist controlling which sites may embed them.","release","https://www.suger.io/resources/changelog/#release-2026-06-15","medium"
"suger-2026-06-15-insulin-as-of-jun-15-2026","Suger","2026-06-15","Insulin: As of Jun 15; 2026","Added knowledge bases; so agents can answer from your own documents. Knowledge bases Added fuzzy search across agent and channel names; descriptions; and message history. Merged the viewer apps into one Preview app; which now renders xlsx and docx alongside the existing formats.","release","https://www.insulin.dev/changelog/#release-2026-06-15","medium"
"aws-2026-06-11-detecting-misconfigurations-and-mitigating-ai-risk","AWS","2026-06-11","Detecting misconfigurations and mitigating AI risks to secure Amazon Bedrock with TrendAI Vision One™","In this post; you’ll learn how TrendAI Vision One™ helps secure Amazon Bedrock deployments by detecting misconfigurations; monitoring for data exposure; and providing actionable remediation guidance.","blog","https://aws.amazon.com/blogs/awsmarketplace/detecting-misconfigurations-and-mitigating-ai-risks-to-secure-amazon-bedrock-with-trendai-vision-one/","low"
"azure-2026-06-11-every-technical-update-delivered-right-to-your-inb","Azure","2026-06-11","Every technical update; delivered right to your inbox","Stay ahead of API changes; compliance requirements; and security updates with clear technical guidance.","pricing","https://learn.microsoft.com/en-us/partner-center/announcements/2026-june#every-technical-update-delivered-right-to-your-inbox","medium"
"azure-2026-06-10-monthly-microsoft-ai-cloud-partner-program-update","Azure","2026-06-10","Monthly Microsoft AI Cloud Partner Program update","What’s new for Solutions Partner designations; specializations; and other Microsoft AI Cloud Partner Program offerings and benefits.","policy","https://learn.microsoft.com/en-us/partner-center/announcements/2026-june#monthly-microsoft-ai-cloud-partner-program-update","high"
"azure-2026-06-09-security-insights-now-available-in-copilot-tab-of-","Azure","2026-06-09","Security insights now available in Copilot tab of ASPX","A new; singular view of your data security signals and Copilot opportunity data.","pricing","https://learn.microsoft.com/en-us/partner-center/announcements/2026-june#security-insights-now-available-in-copilot-tab-of-aspx","high"
"azure-2026-06-09-introducing-pitch-maker-agent-beta","Azure","2026-06-09","Introducing Pitch Maker Agent (beta)","Turn Copilot Chat usage into Microsoft 365 Copilot deals with the Pitch Maker Agent (beta) experience.","blog","https://learn.microsoft.com/en-us/partner-center/announcements/2026-june#introducing-pitch-maker-agent-beta","medium"
"aws-2026-06-08-complete-guide-to-upgrading-your-saas-product-to-a","AWS","2026-06-08","Complete guide to upgrading your SaaS product to AWS Marketplace Concurrent Agreements","This guide walks you through the technical migration steps to implement Concurrent Agreements. It covers the transition from Amazon Simple Notification Service (Amazon SNS) to Amazon EventBridge; API updates; and best practices for managing multiple licenses within your SaaS int…","blog","https://aws.amazon.com/blogs/awsmarketplace/complete-guide-to-upgrading-your-saas-product-to-aws-marketplace-concurrent-agreements/","medium"
"azure-2026-06-08-mfa-enforcement-for-partner-center-apis","Azure","2026-06-08","MFA enforcement for Partner Center APIs","Multifactor authentication (MFA) enforcement for Partner Center APIs: Take action immediately.","pricing","https://learn.microsoft.com/en-us/partner-center/announcements/2026-june#mfa-enforcement-for-partner-center-apis","medium"
"azure-2026-06-08-new-microsoft-365-copilot-promotion-customers-can-","Azure","2026-06-08","New Microsoft 365 Copilot promotion: Customers can save 15% on three-year commitments for 300+ licenses","New Microsoft 365 Copilot promotion: Customers can save 15% on three-year commitments for 300+ licenses.","pricing","https://learn.microsoft.com/en-us/partner-center/announcements/2026-june#new-microsoft-365-copilot-promotion-customers-can-save-15-on-three-year-commitments-for-300-licenses","medium"
"suger-2026-06-08-suger-as-of-jun-8-2026","Suger","2026-06-08","Suger: As of Jun 8; 2026","Added SCORM package upload with an in-house runtime for Partner Training. Partner Training Added certificate expiry and renewal — statuses; retakes; automatic re-enrolment; and notifications.","release","https://www.suger.io/resources/changelog/#release-2026-06-08","medium"
"suger-2026-06-08-insulin-as-of-jun-8-2026","Suger","2026-06-08","Insulin: As of Jun 8; 2026","Agents now fail loudly when a model is unreachable; instead of appearing to stall. Fixed the file viewer in sub-threads and for images; PDFs; and HTML. Fixed the integration card menu in the desktop app.","release","https://www.insulin.dev/changelog/#release-2026-06-08","low"
"azure-2026-06-05-dynamics-365-business-central-dual-use-rights-lice","Azure","2026-06-05","Dynamics 365 Business Central Dual Use Rights license keys update","Download and replace license keys every six months to continue using on-premises Dynamics 365 Business Central online.","release","https://learn.microsoft.com/en-us/partner-center/announcements/2026-june#dynamics-365-business-central-dual-use-rights-license-keys-update","medium"
"azure-2026-06-04-build-in-demand-capabilities-at-microsoft-ai-skill","Azure","2026-06-04","Build in-demand capabilities at Microsoft AI Skills Fest","Free digital skilling event for Microsoft partners; June 8–12.","release","https://learn.microsoft.com/en-us/partner-center/announcements/2026-june#build-in-demand-capabilities-atmicrosoftai-skills-fest","low"
"azure-2026-06-04-new-licensing-prerequisite-for-agent-365","Azure","2026-06-04","New licensing prerequisite for Agent 365","New licensing prerequisite for Agent 365: Microsoft 365 E5 required for new purchases starting June 1; 2026.","policy","https://learn.microsoft.com/en-us/partner-center/announcements/2026-june#new-licensing-prerequisite-for-agent-365","high"
"azure-2026-06-03-work-iq-api-and-consumptive-pricing-update","Azure","2026-06-03","Work IQ API and consumptive pricing update","Work IQ API reaches GA June 16 with consumption-based pricing using Copilot Credits.","pricing","https://learn.microsoft.com/en-us/partner-center/announcements/2026-june#work-iq-api-and-consumptive-pricing-update","high"
"azure-2026-06-02-updated-skilling-for-two-solutions-partner-designa","Azure","2026-06-02","Updated skilling for two Solutions Partner designations","We've updated skilling requirements for Solutions Partner designations for Modern Work and Digital & App Innovation.","policy","https://learn.microsoft.com/en-us/partner-center/announcements/2026-june#updated-skilling-for-two-solutions-partner-designations","high"
"azure-2026-06-02-introducing-azure-linux-now-available-in-public-pr","Azure","2026-06-02","Introducing Azure Linux—now available in public preview","Deliver trusted solutions on a Linux platform built for Azure.","pricing","https://learn.microsoft.com/en-us/partner-center/announcements/2026-june#introducing-azure-linuxnow-available-in-public-preview","high"
"azure-2026-06-01-new-microsoft-365-business-with-copilot-skus-avail","Azure","2026-06-01","New Microsoft 365 Business with Copilot SKUs available July 1","Simplify AI selling and scale SMB growth with Microsoft 365 Business with Copilot.","pricing","https://learn.microsoft.com/en-us/partner-center/announcements/2026-june#new-microsoft-365-business-with-copilot-skus-available-july-1","high"
"azure-2026-06-01-minor-pricing-precision-updates-for-select-microso","Azure","2026-06-01","Minor pricing precision updates for select Microsoft 365 and Office 365 SKUs in EEA currencies","With teams","pricing","https://learn.microsoft.com/en-us/partner-center/announcements/2026-june#minor-pricing-precision-updates-for-select-microsoft-365-and-office-365-skus-in-eea-currencies","high"
"suger-2026-06-01-suger-as-of-jun-1-2026","Suger","2026-06-01","Suger: As of Jun 1; 2026","Released Partner Training end to end — author; share; learn; certify. Partner Training Added dimension tagging and tag-filtered discount groups to offers. Private offers Added per-organization fine-grained permission selection to the OAuth consent flow.","release","https://www.suger.io/resources/changelog/#release-2026-06-01","medium"
"suger-2026-06-01-insulin-as-of-jun-1-2026","Suger","2026-06-01","Insulin: As of Jun 1; 2026","Reworked skills and added support for installing them from the marketplace. Marketplace Fixed image handling in tool results.","release","https://www.insulin.dev/changelog/#release-2026-06-01","medium"
"azure-2026-05-29-2026-agents-move-into-action","Azure","2026-05-29","2026: Agents move into action","This is the year agents move from assistants to operators across Microsoft 365 - and partners lead the shift.","pricing","https://learn.microsoft.com/en-us/partner-center/announcements/2026-may#2026-agents-move-into-action","high"
"azure-2026-05-28-microsoft-publisher-agreement-version-8-0-july-202","Azure","2026-05-28","Microsoft Publisher Agreement version 8.0 - July 2026 updates","The updated Microsoft Publisher Agreement has been updated and is now available for your review.","policy","https://learn.microsoft.com/en-us/partner-center/announcements/2026-may#microsoft-publisher-agreement-version-80---july-2026-updates","high"
"azure-2026-05-28-accelerate-campaign-activation-using-partner-marke","Azure","2026-05-28","Accelerate campaign activation using Partner Marketing Center Pro","With robust AI-powered features and suites of prebuilt campaign assets; Partner Marketing Center Pro is your new go-to-market hub.","program","https://learn.microsoft.com/en-us/partner-center/announcements/2026-may#accelerate-campaign-activation-using-partner-marketing-center-pro","high"
"azure-2026-05-28-updated-microsoft-partner-agreement-mpa-and-progra","Azure","2026-05-28","Updated Microsoft Partner Agreement (MPA) and Program Guide","Review the updated Microsoft Partner Agreement and program guide; effective December 1; 2026.","policy","https://learn.microsoft.com/en-us/partner-center/announcements/2026-may#updated-microsoft-partner-agreement-mpa-and-program-guide","high"
"gcp-2026-05-27-change-we-ve-reduced-the-processing-and-delivery-d","GCP","2026-05-27","Change We've reduced the processing and delivery delay for Google Cloud Marketplace partner reports from 2 days (D+2) to","Change We've reduced the processing and delivery delay for Google Cloud Marketplace partner reports from 2 days (D+2) to 1 day (D+1); accelerating by one day the delivery of the Customer Insights reports to Cloud Marketplace partners.","blog","https://cloud.google.com/marketplace/docs/partners/release-notes","low"
"azure-2026-05-27-multiparty-private-offers-are-expanding-across-eur","Azure","2026-05-27","Multiparty private offers are expanding across Europe","Microsoft Marketplace expands the channel-led sales opportunity by bringing multiparty private offers to 30 countries/regions in Europe.","release","https://learn.microsoft.com/en-us/partner-center/announcements/2026-may#multiparty-private-offers-are-expanding-across-europe","high"
"azure-2026-05-27-co-sell-referral-quality-updates","Azure","2026-05-27","Co-sell referral quality updates","How to submit high-quality co-sell referrals for faster seller engagement","program","https://learn.microsoft.com/en-us/partner-center/announcements/2026-may#co-sell-referral-quality-updates","high"
"azure-2026-05-26-action-required-partner-communications","Azure","2026-05-26","Action required: partner communications","Action required to ensure you receive Microsoft partner communications","pricing","https://learn.microsoft.com/en-us/partner-center/announcements/2026-may#action-required-partner-communications","high"
"aws-2026-05-22-publishing-ami-products-in-aws-marketplace-in-the-","AWS","2026-05-22","Publishing AMI products in AWS Marketplace in the AWS European Sovereign Cloud","Ready to reach customers with strict sovereignty requirements? The AWS European Sovereign Cloud is a new independent Amazon Web Services (AWS) partition designed to help public sector organizations and customers in highly regulated industries meet their evolving sovereignty need…","blog","https://aws.amazon.com/blogs/awsmarketplace/publishing-ami-products-in-aws-marketplace-in-the-aws-european-sovereign-cloud/","low"
"suger-2026-05-22-ai-meet-suger-ai-the-in-product-copilot-for-market","Suger","2026-05-22","AI Meet Suger AI: The In-Product Copilot for Marketplace Ops Suger AI is an in-product copilot that queries your offers; ","AI Meet Suger AI: The In-Product Copilot for Marketplace Ops Suger AI is an in-product copilot that queries your offers; diagnoses failures; fills forms; and navigates your console — without leaving the page. May 22; 2026","blog","https://www.suger.io/resources/blog/meet-suger-ai-the-in-product-copilot/","low"
"azure-2026-05-19-help-maintain-secure-boot-certificate-updates","Azure","2026-05-19","Help maintain Secure Boot certificate updates","Certificates issued in 2011 expire starting in June 2026. Monitor your device status and take action as needed.","policy","https://learn.microsoft.com/en-us/partner-center/announcements/2026-may#help-maintain-secure-boot-certificate-updates","medium"
"azure-2026-05-18-new-capability-auto-activation-for-saas-in-microso","Azure","2026-05-18","New capability: Auto activation for SaaS in Microsoft Marketplace","With auto activation; billing begins as soon as a customer buys your SaaS offer in Microsoft Marketplace; even if product activation happens later.","pricing","https://learn.microsoft.com/en-us/partner-center/announcements/2026-may#new-capability-auto-activation-for-saas-in-microsoft-marketplace","high"
"azure-2026-05-18-plan-migrations-faster-with-azure-migrate","Azure","2026-05-18","Plan migrations faster with Azure Migrate","Move from manual assessments to migration-ready recommendations faster with Azure Migrate; the repeatable workshop-to-deck motion.","pricing","https://learn.microsoft.com/en-us/partner-center/announcements/2026-may#plan-migrations-faster-with-azure-migrate","low"
"azure-2026-05-15-boost-marketplace-discoverability-with-ai-powered-","Azure","2026-05-15","Boost Marketplace discoverability with AI-powered feedback","Enhance listings with personalized guidance delivered in seconds via App Advisor.","pricing","https://learn.microsoft.com/en-us/partner-center/announcements/2026-may#boost-marketplace-discoverability-with-ai-powered-feedback","high"
"azure-2026-05-13-monthly-microsoft-ai-cloud-partner-program-update","Azure","2026-05-13","Monthly Microsoft AI Cloud Partner Program update","This month’s updates continue to enhance partner differentiation and readiness across high-demand solution areas. Key changes include specialization updates that integrate AI capabilities; revised skilling and performance requirements; and streamlined qualification frameworks to…","policy","https://learn.microsoft.com/en-us/partner-center/announcements/2026-may#monthly-microsoft-ai-cloud-partner-program-update","high"
"azure-2026-05-13-new-three-year-cloud-solution-provider-csp-purchas","Azure","2026-05-13","New three-year Cloud Solution Provider (CSP) purchasing option for Microsoft 365 Copilot now available","New 3-year purchasing option for Microsoft 365 Copilot now available in CSP; which brings Microsoft 365 Copilot in line with existing Microsoft 365 E3 and E5 3-year SKUs.","pricing","https://learn.microsoft.com/en-us/partner-center/announcements/2026-may#new-three-year-cloud-solution-provider-csp-purchasing-option-for-microsoft-365-copilot-now-available","high"
"aws-2026-05-08-how-to-use-aws-partner-central-agents","AWS","2026-05-08","How to use AWS Partner Central Agents","Partners have used customer relationship management (CRM) systems and integrated with AWS Partner Central to streamline co-selling; manage leads; and share opportunities.","blog","https://aws.amazon.com/blogs/awsmarketplace/how-to-use-aws-partner-central-agents/","low"
"azure-2026-05-08-security-store-expands-to-microsoft-entra-purview","Azure","2026-05-08","Security Store expands to Microsoft Entra; Purview","Microsoft Security Store is now embedded in Microsoft Entra and Purview; and the AI-guided Security Store Advisor is now generally available.","policy","https://learn.microsoft.com/en-us/partner-center/announcements/2026-may#security-store-expands-to-microsoft-entra-purview","high"
"azure-2026-05-07-windows-365-business-end-of-sale-for-windows-hybri","Azure","2026-05-07","Windows 365 Business – End of Sale for Windows Hybrid Benefit (WHB)","Windows 365 Windows Hybrid Benefit (WHB) SKUs are being retired from sale to simplify the portfolio. Existing customers can continue to renew and use their current subscriptions without interruption; but no automatic migration to new SKUs occur.","pricing","https://learn.microsoft.com/en-us/partner-center/announcements/2026-may#windows-365-business--end-of-sale-for-windows-hybrid-benefit-whb","high"
"azure-2026-05-06-business-applications-designation-update","Azure","2026-05-06","Business Applications designation update","Attaining or renewing your designation just got easier—Dynamics 365 Contact Center and Copilot Studio are now eligible workloads.","policy","https://learn.microsoft.com/en-us/partner-center/announcements/2026-may#business-applications-designation-update","medium"
"azure-2026-05-06-oracle-to-postgresql-ai-assisted-migration-tooling","Azure","2026-05-06","Oracle‑to‑PostgreSQL AI‑assisted migration tooling expands partner opportunity on Azure","Migrate customers off legacy Oracle databases with new capabilities designed for efficiency.","policy","https://learn.microsoft.com/en-us/partner-center/announcements/2026-may#oracletopostgresql-aiassisted-migration-tooling-expands-partner-opportunity-on-azure","low"
"azure-2026-05-06-keep-skilling-on-track-as-az-500-transitions-to-sc","Azure","2026-05-06","Keep skilling on track as AZ‑500 transitions to SC‑500","AZ‑500 is retiring. SC‑500 offers a flexible transition.","policy","https://learn.microsoft.com/en-us/partner-center/announcements/2026-may#keep-skilling-on-track-as-az500-transitions-to-sc500","high"
"aws-2026-05-05-deploy-the-aws-marketplace-spg-dashboard-for-unifi","AWS","2026-05-05","Deploy the AWS Marketplace SPG Dashboard for Unified Insights","AWS Marketplace customers; including independent software vendors (ISVs) and consulting partners (CPs); can set up the AWS Marketplace Single Pane of Glass (SPG) dashboard.","blog","https://aws.amazon.com/blogs/awsmarketplace/deploy-aws-marketplace-spg-dashboard-unified-insights/","low"
"azure-2026-05-05-important-updates-to-the-teamwork-deployment-speci","Azure","2026-05-05","Important updates to the Teamwork Deployment specialization","The Teamwork Deployment specialization is evolving so partners can better prepare customers for secure; AI‑ready environments.","policy","https://learn.microsoft.com/en-us/partner-center/announcements/2026-may#important-updates-to-the-teamwork-deployment-specialization","high"
"azure-2026-05-05-microsoft-marketplace-terms-of-use-is-being-update","Azure","2026-05-05","Microsoft Marketplace Terms of Use is being updated; effective May 27; 2026","The Microsoft Publisher Agreement is updated and is now available for your review.","policy","https://learn.microsoft.com/en-us/partner-center/announcements/2026-may#microsoft-marketplace-terms-of-use-is-being-updated-effective-may-27-2026","high"
"azure-2026-05-04-save-the-date-mcaps-start-for-partners","Azure","2026-05-04","Save the date: MCAPS Start for Partners","Prepare for FY27 with early insights into Microsoft priorities and go-to-market direction at MCAPS Start for Partners.","blog","https://learn.microsoft.com/en-us/partner-center/announcements/2026-may#save-the-date-mcaps-start-for-partners","low"
"azure-2026-05-04-switzerland-microsoft-365-e3-three-year-term-prici","Azure","2026-05-04","Switzerland Microsoft 365 E3 (three-year term) pricing alignment","Effective June 1; 2026; Microsoft will update the Switzerland (CHF) price for the Microsoft 365 E3 prepaid three-year commitment SKU to better align with the equivalent one-year commitment pricing over a three-year period.","pricing","https://learn.microsoft.com/en-us/partner-center/announcements/2026-may#switzerland-microsoft-365-e3-three-year-term-pricing-alignment","high"
"azure-2026-05-04-changes-to-azure-reserved-vm-instances","Azure","2026-05-04","Changes to Azure Reserved VM Instances","Azure Reserved Virtual Machine (VM) Instances for select VM series will no longer be available for purchase or renewal starting July 1; 2026.","pricing","https://learn.microsoft.com/en-us/partner-center/announcements/2026-may#changes-to-azure-reserved-vm-instances","low"
"azure-2026-05-04-mandatory-multifactor-authentication-mfa-for-partn","Azure","2026-05-04","Mandatory multifactor authentication (MFA) for Partner Center APIs","Microsoft is enforcing MFA across all Partner Center app+user APIs. Inventory; validate; and test your integrations now.","pricing","https://learn.microsoft.com/en-us/partner-center/announcements/2026-may#mandatory-multifactor-authentication-mfa-for-partner-center-apis","high"
"azure-2026-05-04-extended-service-terms-enforcement-for-csp-in-effe","Azure","2026-05-04","Extended service terms enforcement for CSP in effect","Extended service terms enforcement for CSPs are in effect.","pricing","https://learn.microsoft.com/en-us/partner-center/announcements/2026-may#extended-service-terms-enforcement-for-csp-in-effect","medium"
"azure-2026-05-02-new-commerce-license-based-may-price-lists-are-upd","Azure","2026-05-02","New commerce license-based May price lists are updated","Minor updates were made to the May 2026 price lists and are now available.","pricing","https://learn.microsoft.com/en-us/partner-center/announcements/2026-may#new-commerce-license-based-may-price-lists-are-updated","high"
"azure-2026-05-01-resale-offers-expand-to-new-zealand","Azure","2026-05-01","Resale offers expand to New Zealand","Strengthening partner-led sales in New Zealand through Microsoft Marketplace","pricing","https://learn.microsoft.com/en-us/partner-center/announcements/2026-may#resale-offers-expand-to-new-zealand","high"
"azure-2026-05-01-register-for-mcaps-start-for-partners","Azure","2026-05-01","Register for MCAPS Start for Partners","Meet us where FY27 takes shape. MCAPS Start for Partners gives you a preview of where Microsoft is investing and how you can position your business for growth.","pricing","https://learn.microsoft.com/en-us/partner-center/announcements/2026-may#register-for-mcaps-start-for-partners","medium"
"azure-2026-05-01-microsoft-365-e7-and-agent-365-are-now-generally-a","Azure","2026-05-01","Microsoft 365 E7 and Agent 365 are now generally available","Guide customers through Frontier Transformation with Microsoft 365 E7; which includes Agent 365; Microsoft Entra Suite; and more for productivity and security.","pricing","https://learn.microsoft.com/en-us/partner-center/announcements/2026-may#microsoft-365-e7-and-agent-365-are-now-generally-available","high"
"aws-2026-04-30-aws-marketplace-in-the-aws-european-sovereign-clou","AWS","2026-04-30","AWS Marketplace in the AWS European Sovereign Cloud: Register as a seller","This post is the first in a three-post series covering how to register as a seller in AWS Marketplace in the AWS European Sovereign Cloud.","blog","https://aws.amazon.com/blogs/awsmarketplace/aws-marketplace-in-the-aws-european-sovereign-cloud-register-as-a-seller/","low"
"suger-2026-04-30-product-update-product-updates-april-2026-what-shi","Suger","2026-04-30","Product Update Product Updates: April 2026 What shipped in Suger April 2026: Suger MCP; AI mapping for co-sell and fundi","Product Update Product Updates: April 2026 What shipped in Suger April 2026: Suger MCP; AI mapping for co-sell and funding; Account Mapping; AWS funding insights; and the Co-Sell Metrics Dashboard. Apr 30; 2026","blog","https://www.suger.io/resources/blog/product-updates-april-2026/","medium"
"suger-2026-04-30-suger-as-of-apr-30-2026","Suger","2026-04-30","Suger: As of Apr 30; 2026","Launched the Suger MCP server; letting an AI assistant run the marketplace motion in natural language — creating private offers; listing expiring entitlements; generating revenue reports; reporting usage; and checking open support tickets.","release","https://www.suger.io/resources/changelog/#release-2026-04-30","high"
"aws-2026-04-28-streamline-identity-management-with-okta-mcp-and-k","AWS","2026-04-28","Streamline identity management with Okta MCP and Kiro CLI","This post walks you through deploying the Okta MCP server and integrating it with Kiro to help manage identity operations through natural language commands.","blog","https://aws.amazon.com/blogs/awsmarketplace/streamline-identity-management-with-okta-mcp-and-kiro-cli/","low"
"azure-2026-04-27-microsoft-defender-for-sql-fairfax","Azure","2026-04-27","Microsoft Defender for SQL Fairfax","Improved reliability and easier onboarding with Defender for SQL Servers on Machines government (Fairfax).","release","https://learn.microsoft.com/en-us/partner-center/announcements/2026-april#microsoft-defender-for-sql-fairfax","medium"
"aws-2026-04-23-how-to-reduce-aws-marketplace-costs-by-automating-","AWS","2026-04-23","How to reduce AWS Marketplace costs by automating AMI subscription monitoring","In this post; we show you how to capture instance modifications in real-time; compares them against active subscriptions; and notifies you when action is required—helping you maintain purchased subscriptions that provide significant discounts compared to on-demand pricing.","blog","https://aws.amazon.com/blogs/awsmarketplace/how-to-reduce-aws-marketplace-costs-by-automating-ami-subscription-monitoring/","high"
"azure-2026-04-23-microsoft-365-e7-agent-365-gtm-resources-and-enabl","Azure","2026-04-23","Microsoft 365 E7 & Agent 365: GTM resources and enablement","Access new and upcoming readiness resources to accelerate your engagement strategy with customers ahead of Microsoft 365 E7 and Microsoft Agent 365 general availability on May 1.","pricing","https://learn.microsoft.com/en-us/partner-center/announcements/2026-april#microsoft-365-e7--agent-365-gtm-resources-and-enablement","high"
"azure-2026-04-22-introducing-standardized-pricing-for-extended-secu","Azure","2026-04-22","Introducing standardized pricing for Extended Security Updates","The new pricing model applies to new Extended Security Updates offerings for Windows products and SQL Server.","pricing","https://learn.microsoft.com/en-us/partner-center/announcements/2026-april#introducing-standardized-pricing-for-extended-security-updates","medium"
"azure-2026-04-21-extended-promotion-on-microsoft-purview-suite-for-","Azure","2026-04-21","Extended promotion on Microsoft Purview Suite for Microsoft 365 Business Premium","Microsoft is extending the 50% promotional offer on Microsoft Purview Suite for Business Premium to July 1; 2026.","policy","https://learn.microsoft.com/en-us/partner-center/announcements/2026-april#extended-promotion-on-microsoft-purview-suite-for-microsoft-365-business-premium","low"
"azure-2026-04-21-annual-capabilities-assessment-refinements-and-int","Azure","2026-04-21","Annual capabilities assessment—refinements and interim approach","Microsoft is updating the annual CSP capabilities assessment experience for existing direct bill and distributor partners.","pricing","https://learn.microsoft.com/en-us/partner-center/announcements/2026-april#annual-capabilities-assessmentrefinements-and-interim-approach","high"
"azure-2026-04-20-office-ltsc-2021-project-ltsc-2021-and-visio-ltsc-","Azure","2026-04-20","Office LTSC 2021; Project LTSC 2021; and Visio LTSC 2021 nearing end of support","Office LTSC 2021; Project LTSC 2021; and Visio LTSC 2021 are nearing end of support.","pricing","https://learn.microsoft.com/en-us/partner-center/announcements/2026-april#office-ltsc-2021-project-ltsc-2021-and-visio-ltsc-2021-nearing-end-of-support","medium"
"azure-2026-04-17-mca-iframe-event-signal-now-available","Azure","2026-04-17","MCA iframe event signal now available","Partners can build one-click customer workflows with a new optional event signal from the MCA acceptance iframe; which is available now in production.","feature","https://learn.microsoft.com/en-us/partner-center/announcements/2026-april#mca-iframe-event-signal-now-available","high"
"azure-2026-04-16-reminder-microsoft-365-pricing-and-packaging-updat","Azure","2026-04-16","Reminder: Microsoft 365 pricing and packaging updates coming in 2026","Microsoft 365 pricing and packaging updates are coming in 2026—start renewal and upsell conversations now.","pricing","https://learn.microsoft.com/en-us/partner-center/announcements/2026-april#reminder-microsoft-365-pricing-and-packaging-updates-coming-in-2026","high"
"azure-2026-04-14-expanded-copilot-for-all-promo-updates-to-help-you","Azure","2026-04-14","Expanded Copilot for All promo updates to help you unlock more revenue opportunities","We’re updating the 30% and 40% off Copilot for All CSP promotional offers to expand customer eligibility.","pricing","https://learn.microsoft.com/en-us/partner-center/announcements/2026-april#expanded-copilot-for-all-promo-updates-to-help-you-unlock-more-revenue-opportunities","high"
"azure-2026-04-10-monthly-microsoft-ai-cloud-partner-program-update","Azure","2026-04-10","Monthly Microsoft AI Cloud Partner Program update","What’s new for Solutions Partner designations; specializations; and other Microsoft AI Cloud Partner Program offerings and benefits.","pricing","https://learn.microsoft.com/en-us/partner-center/announcements/2026-april#monthly-microsoft-ai-cloud-partner-program-update","high"
"azure-2026-04-10-upcoming-update-pricelist-schema-enhancement-to-su","Azure","2026-04-10","Upcoming Update: Pricelist schema enhancement to support mid‑month republishing","Date : April 10; 2026 Effective date : May 1; 2026 Workspace : Pricing To improve pricing data clarity and support critical updates; we are enhancing the License-based Current Month Pricelist schema and Software Current Month Pricelist schema to enable mid‑month republishes when ","pricing","https://learn.microsoft.com/en-us/partner-center/announcements/2026-april#upcoming-update-pricelist-schema-enhancement-to-support-midmonth-republishing","high"
"azure-2026-04-06-update-effective-date-change-for-referenceid-forma","Azure","2026-04-06","Update: Effective date change for ReferenceId format update in reconciliation files","Date : April 06; 2026 Workspace : Billing Impacted audience : Cloud Solution Provider (CSP) direct bill partners and distributors. Effective June 15; 2026 ; the ReferenceId attribute in Billed Reconciliation and Unbilled Reconciliation files will be updated to use a structured JS","pricing","https://learn.microsoft.com/en-us/partner-center/announcements/2026-april#update-effective-date-change-for-referenceid-format-update-in-reconciliation-files","high"
"azure-2026-04-03-validate-your-support-capabilities-and-prepare-for","Azure","2026-04-03","Validate your support capabilities and prepare for the future of partner support","Access new resources on Unified for Partner.","pricing","https://learn.microsoft.com/en-us/partner-center/announcements/2026-april#validate-your-support-capabilities-and-prepare-for-the-future-of-partner-support","medium"
"azure-2026-04-03-sku-naming-update-microsoft-teams-premium-and-micr","Azure","2026-04-03","SKU Naming Update: Microsoft Teams Premium and Microsoft Teams Events","SKU naming update: Microsoft Teams Premium and Microsoft Teams Events","pricing","https://learn.microsoft.com/en-us/partner-center/announcements/2026-april#sku-naming-update-microsoft-teams-premium-and-microsoft-teams-events","high"
"azure-2026-04-01-windows-365-business-20-price-decrease-coming-may-","Azure","2026-04-01","Windows 365 Business - 20% price decrease coming May 1; 2026","Windows 365 Business - 20% price decrease; making Cloud personal computers (PCs) more cost effective for small and medium business customers.","pricing","https://learn.microsoft.com/en-us/partner-center/announcements/2026-april#windows-365-business---20-price-decrease-coming-may-1-2026","high"
"azure-2026-04-01-download-targeted-offers-for-your-customers-using-","Azure","2026-04-01","Download targeted offers for your customers using AI assistant in Partner Center","Date : April 01; 2026 Workspace : Customers Impacted audience : Cloud Solution Provider (CSP) direct bill partners and distributors. We’ve introduced a new AI assistant capability in Partner Center that helps Cloud Solution Provider (CSP) partners discover and download targeted o","pricing","https://learn.microsoft.com/en-us/partner-center/announcements/2026-april#download-targeted-offers-for-your-customers-using-ai-assistant-in-partner-center","medium"
"azure-2026-04-01-announcing-reduced-microsoft-dragon-copilot-pricin","Azure","2026-04-01","Announcing reduced Microsoft Dragon Copilot pricing","We’re pleased to share an update to Dragon Copilot’s commercial model; designed to better reflect the current market environment and support partner growth.","pricing","https://learn.microsoft.com/en-us/partner-center/announcements/2026-april#announcing-reduced-microsoft-dragon-copilot-pricing","high"
"azure-2026-04-01-license-mobility-for-windows-server-and-sql-server","Azure","2026-04-01","License Mobility for Windows Server and SQL Server subscriptions","Windows Server and SQL Server CSP subscriptions include License Mobility rights starting April 1; 2026.","program","https://learn.microsoft.com/en-us/partner-center/announcements/2026-april#license-mobility-for-windows-server-and-sql-server-subscriptions","high"
"azure-2026-04-01-skus-and-promotions-for-csp-transactability-may-1","Azure","2026-04-01","SKUs and promotions for CSP transactability May 1","Microsoft 365 E5 + Entra Suite; Copilot; and Agent 365 become transactable as Microsoft 365 E7; the Frontier Suite. Price list preview for one-year terms available on April 1.","pricing","https://learn.microsoft.com/en-us/partner-center/announcements/2026-april#skus-and-promotions-for-csp-transactability-may-1","high"
"azure-2026-04-01-global-tax-id-modernization-launch","Azure","2026-04-01","Global Tax ID modernization launch","To support evolving global tax compliance requirements; Microsoft is enhancing the way Tax IDs are collected; validated; and stored; thus improving accuracy; and regulatory alignment across all countries/regions.","pricing","https://learn.microsoft.com/en-us/partner-center/announcements/2026-april#global-tax-id-modernization-launch","high"
"azure-2026-04-01-sku-naming-update-microsoft-teams-shared-devices-m","Azure","2026-04-01","SKU Naming Update: Microsoft Teams Shared Devices → Microsoft Teams Shared Space – Single Space","Date : April 01; 2026 Workspace : General Impacted audience : Cloud Solution Provider (CSP) direct bill partners and distributors. Microsoft identified a naming inconsistency affecting a subset of Microsoft Teams Shared Devices SKUs in Partner Center. To better align with our upd","pricing","https://learn.microsoft.com/en-us/partner-center/announcements/2026-february#sku-naming-update-microsoft-teams-shared-devices--microsoft-teams-shared-space--single-space","high"
"azure-2026-03-27-retirement-of-the-qualified-referral-program-qrp","Azure","2026-03-27","Retirement of the Qualified Referral Program (QRP)","Microsoft retires the Qualified Referral Program (QRP) at the end of March 2026 and consolidates lead/referral sharing into our standard motions to simplify partner experience; improve lead quality; and provide a single system of record for co-sell and Marketplace conversions.","program","https://learn.microsoft.com/en-us/partner-center/announcements/2026-march#retirement-of-the-qualified-referral-program-qrp","medium"
"azure-2026-03-26-power-apps-per-app-sku-returning-to-csp-price-list","Azure","2026-03-26","Power Apps per App SKU returning to CSP price list in early April","Power Apps per app SKU will be restored to the CSP price list in early April following a temporary operational issue.","pricing","https://learn.microsoft.com/en-us/partner-center/announcements/2026-march#power-apps-per-app-sku-returning-to-csp-price-list-in-early-april","low"
"suger-2026-03-26-product-update-product-updates-march-2026-suger-ma","Suger","2026-03-26","Product Update Product Updates: March 2026 Suger March 2026: AWS Partner Central agents; redesigned widget; Seller Prime","Product Update Product Updates: March 2026 Suger March 2026: AWS Partner Central agents; redesigned widget; Seller Prime dashboards; three new funding types; SCABA; and more. Mar 26; 2026","blog","https://www.suger.io/resources/blog/product-updates-march-2026/","medium"
"azure-2026-03-25-business-applications-ui-update","Azure","2026-03-25","Business Applications UI update","Partners can now easily find baseline monthly consumed value (MCV) status for Solutions Partner designation (SPD) for Business Applications in Partner Center.","policy","https://learn.microsoft.com/en-us/partner-center/announcements/2026-march#business-applications-ui-update","high"
"aws-2026-03-23-accelerate-your-cloud-journey-with-aws-professiona","AWS","2026-03-23","Accelerate your cloud journey with AWS Professional Services in AWS Marketplace","AWS first-party Professional Services are now available directly in AWS Marketplace; bringing agentic AI–led data center migration; application modernization; generative AI implementation; and cloud optimization backed by deep-rooted AWS expertise to where millions of customers …","blog","https://aws.amazon.com/blogs/awsmarketplace/accelerate-your-cloud-journey-with-aws-professional-services-in-aws-marketplace/","high"
"azure-2026-03-23-update-to-specialization-criteria","Azure","2026-03-23","Update to specialization criteria","Performance metrics now use standard rounding—partners within 0.5% of the requirement may now qualify to enroll in or renew a specialization.","policy","https://learn.microsoft.com/en-us/partner-center/announcements/2026-march#update-to-specialization-criteria","medium"
"azure-2026-03-23-build-publish-fy26-what-s-new-and-how-partners-can","Azure","2026-03-23","Build & Publish FY26: What’s new and how partners can get started","Build & Publish FY26: what’s new and how partners can get started.","program","https://learn.microsoft.com/en-us/partner-center/announcements/2026-march#build--publish-fy26-whats-new-and-how-partners-can-get-started","medium"
"azure-2026-03-20-new-process-to-redeem-cloud-benefits","Azure","2026-03-20","New process to redeem cloud benefits","Your partner benefits package has powerful cloud benefits. Activate them today with a streamlined process.","pricing","https://learn.microsoft.com/en-us/partner-center/announcements/2026-march#new-process-to-redeem-cloud-benefits","high"
"suger-2026-03-18-suger-as-of-mar-18-2026","Suger","2026-03-18","Suger: As of Mar 18; 2026","Fixed an issue where buyer organization entitlements were displaying 'USD 0.00' in the Invoice column. Addressed a problem where clone offers were not showing or allowing the editing of pricing plan fields.","release","https://www.suger.io/resources/changelog/#release-2026-03-18","medium"
"azure-2026-03-16-new-microsoft-azure-assets-for-smb-audiences","Azure","2026-03-16","​New Microsoft Azure assets for SMB audiences","Engage customers in the small and medium-sized business (SMB) market with this purpose-built go-to-market content covering all things Microsoft Azure.","pricing","https://learn.microsoft.com/en-us/partner-center/announcements/2026-march#new-microsoft-azure-assets-for-smb-audiences","medium"
"azure-2026-03-13-explore-aspx-actionable-growth-insights-in-partner","Azure","2026-03-13","Explore ASPX: Actionable Growth Insights in Partner Center","Explore ASPX: actionable growth insights in partner center.","program","https://learn.microsoft.com/en-us/partner-center/announcements/2026-march#explore-aspx-actionable-growth-insights-in-partner-center","low"
"azure-2026-03-12-extended-promotion-on-microsoft-sentinel-50-gb-com","Azure","2026-03-12","Extended promotion on Microsoft Sentinel 50-GB commitment tier in public preview","Extended Microsoft Sentinel 50-GB commitment tier and promotion.","pricing","https://learn.microsoft.com/en-us/partner-center/announcements/2026-march#extended-promotion-on-microsoft-sentinel-50-gb-commitment-tier-in-public-preview","high"
"azure-2026-03-12-final-reminder-mfa-enforcement-for-partner-center-","Azure","2026-03-12","Final reminder: MFA enforcement for Partner Center APIs begins April 1","Enable multifactor authentication before April 1; 2026; to avoid blocked API calls and service disruptions.","policy","https://learn.microsoft.com/en-us/partner-center/announcements/2026-march#final-reminder-mfa-enforcement-for-partner-center-apis-begins-april-1","medium"
"azure-2026-03-11-promotions-are-now-available-to-download-in-the-pr","Azure","2026-03-11","Promotions are now available to download in the Pricing workspace","Date : March 11; 2026 Workspace : Pricing Impacted audience : Cloud Solution Provider (CSP) direct bill partners and distributors. Promotions are now available directly through the Pricing workspace to download in Partner Center. What's new Partners can now download active promot","pricing","https://learn.microsoft.com/en-us/partner-center/announcements/2026-march#promotions-are-now-available-to-download-in-the-pricing-workspace","high"
"azure-2026-03-11-upcoming-change-to-referenceid-attribute-in-reconc","Azure","2026-03-11","Upcoming change to ReferenceId attribute in Reconciliation files","Date : March 11; 2026 Workspace : Billing Impacted audience : Cloud Solution Provider (CSP) direct bill partners and distributors. Effective April 15; 2026 ; the ReferenceId attribute in Billed Reconciliation and Unbilled Reconciliation files will be updated to use a structured J","pricing","https://learn.microsoft.com/en-us/partner-center/announcements/2026-march#upcoming-change-to-referenceid-attribute-in-reconciliation-files","high"
"azure-2026-03-09-reminders-and-updates-to-extended-service-terms-es","Azure","2026-03-09","Reminders and updates to extended service terms (EST)","New EST download capability and update to specialized offer EST availability dates.","pricing","https://learn.microsoft.com/en-us/partner-center/announcements/2026-march#reminders-and-updates-to-extended-service-terms-est","high"
"azure-2026-03-09-introducing-microsoft-365-e7-a-new-productivity-su","Azure","2026-03-09","Introducing Microsoft 365 E7—a new productivity suite designed to drive Frontier transformation","Unlock new; repeatable revenue and monetization streams for your business.","pricing","https://learn.microsoft.com/en-us/partner-center/announcements/2026-march#introducing-microsoft-365-e7a-new-productivity-suite-designed-to-drive-frontier-transformation","high"
"azure-2026-03-04-security-dashboard-for-ai-now-in-public-preview","Azure","2026-03-04","Security Dashboard for AI: Now in Public Preview","Security Dashboard for AI is now in public preview.","pricing","https://learn.microsoft.com/en-us/partner-center/announcements/2026-march#security-dashboard-for-ai-now-in-public-preview","high"
"azure-2026-03-04-monthly-microsoft-ai-cloud-partner-program-update","Azure","2026-03-04","Monthly Microsoft AI Cloud Partner Program update","This month’s updates continue to enhance partner differentiation and readiness across high-demand solution areas. Key changes include specialization updates that integrate AI capabilities; revised skilling and performance requirements; and streamlined qualification frameworks to…","policy","https://learn.microsoft.com/en-us/partner-center/announcements/2026-march#monthly-microsoft-ai-cloud-partner-program-update","medium"
"azure-2026-03-04-sri-lanka-vat-id-submission-for-microsoft-invoicin","Azure","2026-03-04","Sri Lanka VAT ID Submission for Microsoft Invoicing","A new regulation is in effect for nonresident companies that provide services and digital products to customers in Sri Lanka. Beginning April 1; 2026; all digital service invoiced from nonresident companies will include 18% VAT.","pricing","https://learn.microsoft.com/en-us/partner-center/announcements/2026-march#sri-lanka-vat-id-submission-for-microsoft-invoicing","high"
"azure-2026-03-01-the-automated-support-services-designation-experie","Azure","2026-03-01","The ​automated Support Services designation experience is now available in Partner Center","Partners can self-nominate; enroll in; and access relevant information related to the Support Services designation in Partner Center.","program","https://learn.microsoft.com/en-us/partner-center/announcements/2026-march#the-automated-support-services-designation-experience-is-now-available-in-partner-center","high"
"azure-2026-03-01-accelerated-file-download-for-unbilled-usage-and-r","Azure","2026-03-01","Accelerated file download for Unbilled usage and reconciliation files from Partner Center","Effective May 15th 2026; all unbilled usage and reconciliation files will be delivered in .CSV.GZIP format to enable faster and more efficient downloads","pricing","https://learn.microsoft.com/en-us/partner-center/announcements/2026-march#accelerated-file-download-for-unbilled-usage-and-reconciliation-files-from-partner-center","high"
"azure-2026-02-27-march-price-list-availability-update-for-modern-az","Azure","2026-02-27","March price list availability update for Modern Azure","Date : February 27; 2026 Workspace : Pricing Impacted audience : Cloud Solution Provider (CSP) direct bill partners and distributors. The Modern Azure price list for March 1; 2026 is behind schedule and will not be available on the originally planned date. Updated availability Ne","pricing","https://learn.microsoft.com/en-us/partner-center/announcements/2026-february#march-price-list-availability-update-for-modern-azure","medium"
"azure-2026-02-26-legacy-azure-pricelists-updates","Azure","2026-02-26","Legacy Azure pricelists updates","Date : February 26; 2026 Workspace : Pricing Impacted audience : Cloud Solution Provider (CSP) direct bill partners and distributors. Effective March 1; 2026 ; the following Legacy Azure Price Lists will transition from Excel (.xlsx) to CSV (.csv) format: Global → Azure in Global","pricing","https://learn.microsoft.com/en-us/partner-center/announcements/2026-february#legacy-azure-pricelists-updates","high"
"azure-2026-02-23-new-resources-available-to-help-customers-advance-","Azure","2026-02-23","New resources available to help customers advance their Frontier Firm journey with Microsoft 365 Copilot","New resources available to help customers advance their Frontier Firm journey with Microsoft 365 Copilot.","pricing","https://learn.microsoft.com/en-us/partner-center/announcements/2026-february#new-resources-available-to-help-customers-advance-their-frontier-firm-journey-with-microsoft-365-copilot","medium"
"azure-2026-02-23-issue-update-business-premium-copilot-bundle-prere","Azure","2026-02-23","Issue update: Business Premium + Copilot Bundle prerequisite validation error","Issue update: Business Premium + Copilot Bundle prerequisite validation error.","release","https://learn.microsoft.com/en-us/partner-center/announcements/2026-february#issue-update-business-premium--copilot-bundle-prerequisite-validation-error","high"
"azure-2026-02-20-partners-can-download-promotions-effective-march-1","Azure","2026-02-20","Partners can download promotions effective March 11; 2026","Date : February 20; 2026 Workspace : Pricing Impacted audience : Cloud Solution Provider (CSP) direct bill partners and distributors. Partners can download promotions from Pricelist workspace. Effective March 11; 2026; to see the latest Cloud Solution Provider (CSP) promotions; f","pricing","https://learn.microsoft.com/en-us/partner-center/announcements/2026-february#partners-can-download-promotions-effective-march-11-2026","medium"
"suger-2026-02-19-product-update-product-updates-february-2026-suger","Suger","2026-02-19","Product Update Product Updates: February 2026 Suger Feb 2026: multi-partner AWS co-sell; Buy with AWS marketing insights","Product Update Product Updates: February 2026 Suger Feb 2026: multi-partner AWS co-sell; Buy with AWS marketing insights; offer history in Salesforce; Azure application product offer. Feb 19; 2026","blog","https://www.suger.io/resources/blog/product-updates-february-2026/","medium"
"azure-2026-02-17-csp-unbilled-invoice-reconciliation-api-v1-to-reti","Azure","2026-02-17","CSP unbilled invoice reconciliation API v1 to retire March 15; 2026","Migrate to API v2 before March 15; 2026; to avoid service disruption.","pricing","https://learn.microsoft.com/en-us/partner-center/announcements/2026-february#csp-unbilled-invoice-reconciliation-api-v1-to-retire-march-15-2026","low"
"azure-2026-02-13-expanded-partner-benefits-are-here","Azure","2026-02-13","Expanded partner benefits are here","Explore updates to benefits packages; Solutions Partner designations; and specializations that can accelerate your AI; security; and GTM execution.","program","https://learn.microsoft.com/en-us/partner-center/announcements/2026-february#expanded-partner-benefits-are-here","medium"
"azure-2026-02-12-marketplace-rewards-update-azure-sponsorship-now-s","Azure","2026-02-12","Marketplace rewards update: Azure sponsorship now supported on more MCA billing profiles","We’re pleased to share an update that simplifies how partners in Marketplace Rewards can use Azure Sponsorship credits if they or their customers have Microsoft Customer Agreement (MCA) billing profiles.","pricing","https://learn.microsoft.com/en-us/partner-center/announcements/2026-february#marketplace-rewards-update-azure-sponsorship-now-supported-on-more-mca-billing-profiles","medium"
"azure-2026-02-12-update-extended-timeline-for-microsoft-sentinel-az","Azure","2026-02-12","Update: Extended timeline for Microsoft Sentinel (Azure portal) transition to the Defender portal","Extended timeline for Microsoft Sentinel (Azure portal) transition to the Defender portal.","pricing","https://learn.microsoft.com/en-us/partner-center/announcements/2026-february#update-extended-timeline-for-microsoft-sentinel-azure-portal-transition-to-the-defender-portal","medium"
"suger-2026-02-11-cloud-gtm-sales-101-how-to-close-deals-faster-on-a","Suger","2026-02-11","Cloud GTM Sales 101: How to Close Deals Faster on AWS; Azure & GCP A Sales Leader's guide to marketplace success. Alread","Cloud GTM Sales 101: How to Close Deals Faster on AWS; Azure & GCP A Sales Leader's guide to marketplace success. Already listed on AWS; Azure; or GCP? Build a cloud marketplace sales motion to close bigger deals; faster. Feb 11; 2026","blog","https://www.suger.io/resources/blog/sales-101-how-to-close-deals-faster-on-aws-azure-gcp/","low"
"azure-2026-02-09-unlock-growth-through-joint-planning-and-coselling","Azure","2026-02-09","Unlock growth through Joint Planning and coselling","Access Joint Planning resources in Partner Center to accelerate coselling opportunities and coordinate upsell engagements.","pricing","https://learn.microsoft.com/en-us/partner-center/announcements/2026-february#unlock-growth-through-joint-planning-and-coselling","low"
"azure-2026-02-06-incorrect-partner-margin-published-for-microsoft-3","Azure","2026-02-06","Incorrect Partner Margin Published for Microsoft 365 Business Basic + Copilot Business Bundles","Incorrect partner margin published for Microsoft 365 Business Basic + Copilot Business Bundles.","pricing","https://learn.microsoft.com/en-us/partner-center/announcements/2026-february#incorrect-partner-margin-published-for-microsoft-365-business-basic--copilot-business-bundles","high"
"azure-2026-02-06-new-capability-estimated-azure-consumed-revenue-ac","Azure","2026-02-06","New capability: Estimated Azure Consumed Revenue (ACR) for IP Co Sell referrals","We’re pleased to announce the general availability of the Estimated Azure Consumed Revenue (ACR) field in the Referral Submission experience in Partner Center.","pricing","https://learn.microsoft.com/en-us/partner-center/announcements/2026-february#new-capability-estimated-azure-consumed-revenue-acr-for-ip-co-sell-referrals","high"
"azure-2026-02-05-revised-timelines-extended-service-terms-in-csp","Azure","2026-02-05","Revised timelines: Extended Service Terms in CSP","Enforcement of Extended Service Terms in CSP is extended from the previously announced April 1; 2026; to May 4; 2026.","pricing","https://learn.microsoft.com/en-us/partner-center/announcements/2026-february#revised-timelines-extended-service-terms-in-csp","high"
"azure-2026-02-05-update-csp-promo-license-cap-increased-for-microso","Azure","2026-02-05","Update: CSP promo license cap increased for Microsoft 365 E3/E5 and Copilot","Cloud Solution Provider (CSP) promo license cap increased for Microsoft 365 E3/E5 and Copilot.","program","https://learn.microsoft.com/en-us/partner-center/announcements/2026-february#update-csp-promo-license-cap-increased-for-microsoft-365-e3e5-and-copilot","medium"
"suger-2026-02-05-alliances-partnerships-101-build-a-winning-co-sell","Suger","2026-02-05","Alliances Partnerships 101: Build a Winning Co-Sell Motion with AWS; Azure & GCP Partnerships & Alliance Leaders guide t","Alliances Partnerships 101: Build a Winning Co-Sell Motion with AWS; Azure & GCP Partnerships & Alliance Leaders guide to scale co-sell: proven strategies for driving marketplace revenue and winning with AWS; Azure & GCP account teams. Feb 5; 2026","blog","https://www.suger.io/resources/blog/partnerships-101-build-a-winning-co-sell-motion-with-aws-azure-gcp/","low"
"azure-2026-02-04-security-immersion-briefing-update-no-cap-unlimite","Azure","2026-02-04","Security Immersion Briefing update: No Cap Unlimited Execution; Expanded Partner Eligibility; New focus on SMB","We’re introducing a new Security immersion briefing; focused on Microsoft Defender for Business premium and Microsoft Purview for Business Premium customers (50–300 licenses).","pricing","https://learn.microsoft.com/en-us/partner-center/announcements/2026-february#security-immersion-briefing-update-no-cap-unlimited-execution-expanded-partner-eligibility-new-focus-on-smb","medium"
"azure-2026-02-04-monthly-microsoft-ai-cloud-partner-program-update","Azure","2026-02-04","Monthly Microsoft AI Cloud Partner Program update","What’s new for Solutions Partner designations; specializations; and other Microsoft AI Cloud Partner Program offerings and benefits.","pricing","https://learn.microsoft.com/en-us/partner-center/announcements/2026-february#monthly-microsoft-ai-cloud-partner-program-update","high"
"azure-2026-02-02-mca-attestation-update","Azure","2026-02-02","MCA attestation update","Blocking changes now live for Microsoft Customer Agreement partner attestation.","blog","https://learn.microsoft.com/en-us/partner-center/announcements/2026-february#mca-attestation-update","medium"
"azure-2026-02-02-new-content-types-supported-in-multitenant-content","Azure","2026-02-02","New content types supported in multitenant content distribution","New content types supported in multitenant content distribution.","feature","https://learn.microsoft.com/en-us/partner-center/announcements/2026-february#new-content-types-supported-in-multitenant-content-distribution","low"
"azure-2026-02-01-requirements-updated-for-certified-software-design","Azure","2026-02-01","Requirements updated for certified software designations via Industry AI pathway","Microsoft is strengthening the requirements to become a Solutions Partner with certified software through the Industry AI pathway.","pricing","https://learn.microsoft.com/en-us/partner-center/announcements/2026-february#requirements-updated-for-certified-software-designations-via-industry-ai-pathway","high"
"azure-2026-01-30-february-price-list-won-t-include-a-march-preview-","Azure","2026-01-30","February price list won't include a March preview for NCE license-based services","We're informing all Cloud Solution Provider (CSP) partners of an important update regarding the new commerce (NCE) license-based services preview (future) price list scheduled for publication on February 1; 2026.","pricing","https://learn.microsoft.com/en-us/partner-center/announcements/2026-january#february-price-list-wont-include-a-march-preview-for-nce-license-based-services","medium"
"azure-2026-01-29-solutions-partner-for-modern-work-update","Azure","2026-01-29","Solutions Partner for Modern Work update","Review expanded eligible workloads for the Solutions Partner for Modern Work (MW) designation.","program","https://learn.microsoft.com/en-us/partner-center/announcements/2026-january#solutions-partner-for-modern-work-update","medium"
"azure-2026-01-29-mfa-enforcement-for-partner-center-apis-begins-apr","Azure","2026-01-29","MFA enforcement for Partner Center APIs begins April 1","Enable multifactor authentication ahead of the deadline to avoid blocked API calls and service disruptions.","policy","https://learn.microsoft.com/en-us/partner-center/announcements/2026-january#mfa-enforcement-for-partner-center-apis-begins-april-1","medium"
"azure-2026-01-28-retirement-of-standalone-sharepoint-online-and-one","Azure","2026-01-28","Retirement of standalone SharePoint Online and OneDrive for Business plans (plan 1 and plan 2)","Partner advisory: retirement of standalone SharePoint Online and OneDrive for Business plans.","pricing","https://learn.microsoft.com/en-us/partner-center/announcements/2026-january#retirement-of-standalone-sharepoint-online-and-onedrive-for-business-plans-plan-1-and-plan-2","high"
"azure-2026-01-27-announcing-new-dragon-copilot-physician-practice-o","Azure","2026-01-27","Announcing new Dragon Copilot Physician Practice offer","Announcing new Dragon Copilot Physician Practice offer.","pricing","https://learn.microsoft.com/en-us/partner-center/announcements/2026-january#announcing-new-dragon-copilot-physician-practice-offer","high"
"suger-2026-01-27-finance-finance-101-bridging-the-gaap-on-marketpla","Suger","2026-01-27","Finance Finance 101: Bridging the GAAP on Marketplace Revenue A Finance leader's guide to cloud marketplace accounting; ","Finance Finance 101: Bridging the GAAP on Marketplace Revenue A Finance leader's guide to cloud marketplace accounting; covering revenue recognition; fees; AR; cash flow and reconciliation across AWS; Azure and GCP. Jan 27; 2026","blog","https://www.suger.io/resources/blog/finance-101-bridging-the-gaap-on-marketplace-revenue/","low"
"suger-2026-01-26-product-update-product-updates-january-2026-see-wh","Suger","2026-01-26","Product Update Product Updates: January 2026 See what’s new in Suger January 2026: multi-partner Azure referrals; cross-","Product Update Product Updates: January 2026 See what’s new in Suger January 2026: multi-partner Azure referrals; cross-cloud marketplace dashboards; and co-sell partner analytics. Jan 26; 2026","blog","https://www.suger.io/resources/blog/product-updates-january-2026/","medium"
"azure-2026-01-23-unlock-new-security-revenue-with-csp-add-ons","Azure","2026-01-23","Unlock new Security revenue with CSP add‑ons","Entra ID P2 and Defender for Endpoint P2 now available in Cloud Solution Program.","pricing","https://learn.microsoft.com/en-us/partner-center/announcements/2026-january#unlock-new-security-revenue-with-csp-addons","high"
"azure-2026-01-21-target-upcoming-renewals-for-microsoft-365-copilot","Azure","2026-01-21","Target upcoming renewals for Microsoft 365 + Copilot bundle","Beginning January 21; 2026 partners can download a report with customers renewing Microsoft 365 Business with upsell recommendations.","pricing","https://learn.microsoft.com/en-us/partner-center/announcements/2026-january#target-upcoming-renewals-for-microsoft-365--copilot-bundle","high"
"azure-2026-01-19-smarter-referral-submissions-are-here","Azure","2026-01-19","Smarter referral submissions are here","Partner Center will offer a modernized referral submission experience designed to accelerate partner success","program","https://learn.microsoft.com/en-us/partner-center/announcements/2026-january#smarter-referral-submissions-are-here","high"
"azure-2026-01-16-extended-service-term-est-production-availability-","Azure","2026-01-16","Extended service term (EST) production availability for UX and API are delayed","The new date for extended service term (EST) production availability for UX and API will be provided as soon as possible","pricing","https://learn.microsoft.com/en-us/partner-center/announcements/2026-january#extended-service-term-est-production-availability-for-ux-and-api-are-delayed","low"
"azure-2026-01-16-retirement-of-the-qualified-referral-program","Azure","2026-01-16","Retirement of the Qualified Referral Program","Microsoft will retire the Qualified Referral Program (QRP) in Q3 FY26 and consolidate lead/referral intake into our standard motions to simplify partner experience; improve lead quality; and provide a single system of record for Co-sell and Marketplace conversions.","program","https://learn.microsoft.com/en-us/partner-center/announcements/2026-january#retirement-of-the-qualified-referral-program","medium"
"azure-2026-01-14-extended-discount-on-microsoft-purview-suite-for-m","Azure","2026-01-14","Extended discount on Microsoft Purview Suite for Microsoft 365 Copilot Customers","Microsoft extends its 50% discount on Microsoft Purview Suite (formerly E5 Compliance) for customers with Microsoft 365 Copilot licenses until 30 June 2026.","pricing","https://learn.microsoft.com/en-us/partner-center/announcements/2026-january#extended-discount-on-microsoft-purview-suite-for-microsoft-365-copilot-customers","low"
"azure-2026-01-14-monthly-microsoft-ai-cloud-partner-program-update","Azure","2026-01-14","Monthly Microsoft AI Cloud Partner Program update","What’s new for Solutions Partner designations; specializations; and other Microsoft AI Cloud Partner Program offerings and benefits.","pricing","https://learn.microsoft.com/en-us/partner-center/announcements/2026-january#monthly-microsoft-ai-cloud-partner-program-update","high"
"suger-2026-01-13-revops-revops-101-running-marketplace-deals-like-a","Suger","2026-01-13","RevOps RevOps 101: Running Marketplace Deals Like Any Other Deal A RevOps leader’s first guide to understanding why clou","RevOps RevOps 101: Running Marketplace Deals Like Any Other Deal A RevOps leader’s first guide to understanding why cloud marketplace deals create policy; workflow; and ownership failures; and what to do about it. Jan 13; 2026","blog","https://www.suger.io/resources/blog/revops-cloud-gtm-playbook-101/","low"
"azure-2026-01-12-mpa-csp-program-guide-update-is-available","Azure","2026-01-12","MPA (CSP) Program Guide update is available","The Guide to the Online Services and Software Channel Authorization (MPA Program Guide) was recently updated. For existing partners; it takes effect February 12; 2026.","program","https://learn.microsoft.com/en-us/partner-center/announcements/2026-january#mpa-csp-program-guide-update-is-available","medium"
"suger-2026-01-12-product-update-product-updates-winter-2025-discove","Suger","2026-01-12","Product Update Product Updates: Winter 2025 Discover what shipped in Suger’s Winter 2025 release: CRM enrichment; AWS fu","Product Update Product Updates: Winter 2025 Discover what shipped in Suger’s Winter 2025 release: CRM enrichment; AWS funding; Snowflake Marketplace; and HubSpot improvements. Jan 12; 2026","blog","https://www.suger.io/resources/blog/product-updates-winter-2025/","medium"
"azure-2026-01-08-new-product-availability-advanced-security-add-ons","Azure","2026-01-08","New Product Availability: Advanced Security Add-ons for Microsoft 365 Business Premium","New product availability: advanced Security add-ons for Microsoft 365 Business Premium.","pricing","https://learn.microsoft.com/en-us/partner-center/announcements/2026-january#new-product-availability-advanced-security-add-ons-for-microsoft-365-business-premium","high"
"azure-2026-01-05-smarter-referral-submissions-are-coming","Azure","2026-01-05","Smarter referral submissions are coming!","Smarter referral submissions are coming.","release","https://learn.microsoft.com/en-us/partner-center/announcements/2026-january#smarter-referral-submissions-are-coming","high"
"azure-2026-01-05-security-immersion-briefing-update-no-cap-unlimite","Azure","2026-01-05","Security Immersion Briefing Update: No Cap- Unlimited Execution; Expanded Partner Eligibility; New focus on Small and Me","We’re introducing a new Security immersion briefing ; focused on Microsoft Defender for Business premium and Microsoft Purview for Business Premium customers (50–300 licenses).","pricing","https://learn.microsoft.com/en-us/partner-center/announcements/2026-january#security-immersion-briefing-update-no-cap--unlimited-execution-expanded-partner-eligibility-new-focus-on-small-and-medium-business","medium"
"suger-2026-01-05-aws-aws-re-invent-2025-recap-key-changes-your-clou","Suger","2026-01-05","AWS AWS re:Invent 2025 Recap: Key Changes + Your Cloud GTM Strategy for 2026 AWS re:Invent 2025 recap covering Agent Mod","AWS AWS re:Invent 2025 Recap: Key Changes + Your Cloud GTM Strategy for 2026 AWS re:Invent 2025 recap covering Agent Mode; Express Private Offers; Partner Incentives; and what ISVs must change in their Cloud GTM strategy for 2026. Jan 5; 2026","blog","https://www.suger.io/resources/blog/your-cloud-gtm-strategy-for-2026-post-aws-reinvent/","low"
